Height,Weight,Label
168.4,49.1,Fit
153.6,59.0,Obese
173.3,65.6,Fit
175.3,62.8,Fit
143.5,43.3,Fit
150.7,58.2,Obese
166.4,66.8,Fit
161.5,56.4,Fit
164.8,50.6,Fit
155.6,44.7,Fit
174.7,73.1,Fit
173.6,56.0,Fit
165.7,59.5,Fit
177.4,90.7,Obese
170.1,67.4,Fit
155.5,59.2,Fit
169.1,54.4,Fit
154.5,42.7,Fit
174.7,73.5,Fit
164.5,57.2,Fit
163.0,67.8,Obese
157.5,55.7,Fit
178.4,98.5,Obese
163.3,54.9,Fit
160.3,59.6,Fit
161.1,50.8,Fit
170.9,73.3,Obese
169.0,67.2,Fit
169.5,56.3,Fit
169.7,61.6,Fit
188.6,90.0,Obese
160.5,67.5,Obese
159.4,45.4,Fit
156.0,50.6,Fit
171.8,80.3,Obese
177.4,68.7,Fit
163.7,61.3,Fit
155.8,62.4,Obese
155.9,43.6,Fit
172.2,58.5,Fit
173.2,64.2,Fit
171.0,74.7,Obese
157.7,63.7,Obese
167.6,68.3,Fit
166.3,60.5,Fit
167.4,71.5,Obese
174.6,66.6,Fit
167.5,67.1,Fit
172.5,73.5,Fit
165.7,74.8,Obese
168.2,62.6,Fit
171.9,62.9,Fit
149.0,60.0,Obese
161.5,69.1,Obese
159.8,52.7,Fit
158.0,46.9,Fit
162.0,68.3,Obese
181.4,60.1,Fit
155.5,40.4,Fit
175.7,66.5,Fit
146.5,48.0,Fit
161.3,48.8,Fit
166.8,63.0,Fit
171.4,66.8,Fit
172.8,61.9,Fit
173.7,82.7,Obese
161.2,60.6,Fit
159.9,65.3,Obese
174.4,55.3,Fit
162.9,46.7,Fit
151.0,53.8,Fit
152.5,66.0,Obese
154.9,44.7,Fit
170.5,65.1,Fit
166.6,51.2,Fit
172.6,59.8,Fit
160.3,58.1,Fit
166.7,57.2,Fit
171.9,54.6,Fit
161.6,46.8,Fit
170.0,48.5,Fit
157.7,58.5,Fit
161.0,61.8,Fit
160.8,61.6,Fit
151.8,43.5,Fit
170.4,71.9,Fit
159.8,61.9,Fit
165.1,60.1,Fit
170.3,62.5,Fit
169.9,58.3,Fit
172.3,66.9,Fit
163.9,72.0,Obese
160.3,65.7,Obese
164.1,57.2,Fit
146.4,51.5,Fit
149.1,40.1,Fit
150.5,55.6,Fit
154.0,45.5,Fit
169.4,68.7,Fit
155.0,76.6,Obese
160.8,52.4,Fit
179.3,94.1,Obese
161.1,61.0,Fit
173.1,59.9,Fit
154.7,46.3,Fit
162.7,77.2,Obese
154.5,56.5,Fit
161.3,52.7,Fit
174.2,65.2,Fit
146.0,50.3,Fit
169.8,63.3,Fit
167.6,64.6,Fit
158.5,69.4,Obese
149.1,39.9,Fit
165.8,65.6,Fit
159.2,55.2,Fit
167.6,57.8,Fit
165.2,68.6,Obese
182.6,61.7,Fit
162.4,39.1,Fit
153.7,53.8,Fit
167.0,60.2,Fit
167.4,50.8,Fit
180.0,57.6,Fit
174.2,82.2,Obese
168.9,66.5,Fit
181.1,72.3,Fit
151.9,68.3,Obese
158.0,63.1,Obese
154.8,66.9,Obese
160.7,47.4,Fit
149.9,39.7,Fit
172.0,70.0,Fit
162.6,61.4,Fit
148.8,58.7,Obese
153.8,39.0,Fit
168.4,68.1,Fit
174.2,74.7,Fit
187.0,84.4,Fit
197.1,82.2,Fit
169.6,67.4,Fit
154.1,46.0,Fit
141.5,41.7,Fit
167.9,53.7,Fit
156.1,47.5,Fit
160.4,54.7,Fit
158.3,51.2,Fit
163.5,52.7,Fit
176.7,58.3,Fit
166.7,76.8,Obese
163.3,54.6,Fit
153.6,54.5,Fit
146.6,33.2,Fit
159.7,66.9,Obese
164.4,60.8,Fit
184.4,71.3,Fit
166.4,57.5,Fit
175.8,75.0,Fit
159.5,32.3,Fit
152.0,44.2,Fit
154.4,51.5,Fit
157.0,53.2,Fit
188.4,98.1,Obese
156.0,50.8,Fit
174.2,74.7,Fit
155.1,67.4,Obese
175.2,72.9,Fit
169.2,57.6,Fit
163.3,48.4,Fit
164.6,65.5,Fit
157.8,67.9,Obese
169.9,67.9,Fit
160.0,66.2,Obese
151.5,71.2,Obese
150.9,56.8,Fit
166.9,52.5,Fit
182.4,73.6,Fit
166.8,72.1,Obese
163.7,57.0,Fit
168.1,74.2,Obese
179.4,70.2,Fit
167.4,64.3,Fit
160.5,53.9,Fit
177.2,70.3,Fit
169.7,65.1,Fit
181.9,59.9,Fit
167.0,57.8,Fit
151.5,40.6,Fit
150.0,46.2,Fit
183.2,67.4,Fit
184.0,82.5,Fit
163.0,66.7,Obese
160.8,61.4,Fit
181.1,62.0,Fit
152.8,50.6,Fit
155.2,42.2,Fit
172.1,64.0,Fit
160.7,62.0,Fit
164.9,67.8,Fit
163.2,62.4,Fit
168.7,72.7,Obese
180.5,73.7,Fit
166.0,58.8,Fit
172.1,72.1,Fit
142.4,51.9,Obese
164.5,55.3,Fit
155.7,56.4,Fit
151.6,48.2,Fit
155.3,37.0,Fit
161.3,60.8,Fit
175.1,57.1,Fit
150.4,52.4,Fit
165.3,47.9,Fit
159.7,50.3,Fit
161.4,53.8,Fit
176.0,77.8,Obese
170.9,60.0,Fit
179.7,62.5,Fit
163.3,61.6,Fit
157.3,52.7,Fit
162.5,64.4,Fit
167.7,53.8,Fit
166.9,63.0,Fit
153.1,71.3,Obese
166.0,58.7,Fit
167.5,63.2,Fit
192.7,68.4,Fit
185.6,69.0,Fit
155.6,57.0,Fit
161.8,55.0,Fit
148.9,53.7,Fit
158.5,58.7,Fit
168.5,51.9,Fit
178.3,78.0,Fit
157.0,44.3,Fit
157.8,48.7,Fit
141.4,45.8,Fit
163.2,71.1,Obese
153.3,43.7,Fit
159.2,56.9,Fit
155.4,54.3,Fit
164.0,64.4,Fit
145.7,56.2,Obese
148.9,45.5,Fit
188.4,86.2,Fit
150.8,60.7,Obese
152.9,65.7,Obese
185.2,79.5,Fit
197.0,86.6,Fit
152.1,47.1,Fit
160.9,45.3,Fit
168.8,60.4,Fit
184.0,75.4,Fit
154.1,51.4,Fit
162.3,62.7,Fit
173.6,54.6,Fit
169.8,62.0,Fit
160.9,72.9,Obese
163.5,66.8,Fit
149.9,54.3,Fit
162.4,61.1,Fit
162.1,54.9,Fit
167.6,47.7,Fit
158.9,59.2,Fit
170.2,44.1,Fit
176.1,65.7,Fit
166.7,61.1,Fit
168.9,59.2,Fit
165.6,77.7,Obese
165.0,74.5,Obese
157.1,62.5,Obese
168.5,55.0,Fit
163.9,74.5,Obese
188.0,82.7,Fit
182.3,65.6,Fit
169.2,63.3,Fit
156.6,61.6,Obese
152.8,46.5,Fit
178.1,70.9,Fit
167.9,64.5,Fit
170.3,55.0,Fit
145.8,44.6,Fit
175.2,59.3,Fit
170.0,70.5,Fit
152.8,44.1,Fit
159.8,58.5,Fit
167.9,50.9,Fit
165.6,51.2,Fit
161.8,48.1,Fit
163.9,56.8,Fit
162.2,59.3,Fit
166.7,64.0,Fit
181.2,58.0,Fit
136.8,39.8,Fit
162.4,52.0,Fit
166.9,65.6,Fit
168.3,60.1,Fit
160.9,56.3,Fit
145.7,40.7,Fit
168.6,76.3,Obese
184.0,64.2,Fit
148.1,45.1,Fit
174.5,67.9,Fit
161.4,55.3,Fit
164.3,53.3,Fit
153.4,37.3,Fit
161.3,51.7,Fit
179.3,63.1,Fit
171.4,78.1,Obese
184.1,92.6,Obese
178.0,69.3,Fit
169.8,52.2,Fit
184.2,80.5,Fit
169.8,55.6,Fit
174.1,62.3,Fit
161.7,52.5,Fit
165.7,56.4,Fit
157.3,51.6,Fit
175.9,57.6,Fit
152.0,45.2,Fit
173.6,74.5,Fit
162.9,58.1,Fit
177.9,70.6,Fit
173.3,48.2,Fit
185.0,82.9,Fit
173.0,60.4,Fit
147.7,57.0,Obese
164.3,60.6,Fit
152.1,46.4,Fit
159.3,42.4,Fit
181.6,90.0,Obese
172.0,71.5,Fit
157.3,61.3,Fit
153.8,66.6,Obese
165.4,61.9,Fit
151.6,61.4,Obese
157.6,50.8,Fit
168.4,68.3,Fit
177.7,64.4,Fit
171.7,60.8,Fit
139.8,43.8,Fit
168.3,52.2,Fit
165.8,63.1,Fit
169.6,60.8,Fit
182.8,57.6,Fit
142.3,40.9,Fit
158.5,52.5,Fit
171.5,71.5,Fit
147.6,50.2,Fit
181.2,83.8,Obese
169.1,67.0,Fit
174.3,62.4,Fit
158.7,55.0,Fit
174.0,63.8,Fit
176.8,72.6,Fit
167.6,62.2,Fit
167.6,56.8,Fit
168.0,62.1,Fit
155.5,56.9,Fit
163.4,50.7,Fit
163.3,61.2,Fit
169.2,50.4,Fit
176.0,77.0,Fit
153.4,56.0,Fit
163.6,71.9,Obese
181.3,63.4,Fit
156.8,63.2,Obese
156.0,61.0,Obese
167.2,60.1,Fit
174.3,63.8,Fit
165.1,51.3,Fit
179.6,60.2,Fit
174.4,60.9,Fit
174.3,56.8,Fit
171.1,77.2,Obese
190.6,67.9,Fit
162.7,59.5,Fit
143.0,48.4,Fit
182.6,76.3,Fit
160.0,59.9,Fit
166.2,68.3,Fit
179.4,67.2,Fit
147.4,48.5,Fit
151.2,48.0,Fit
147.4,58.2,Obese
156.3,70.5,Obese
169.8,53.9,Fit
170.8,47.9,Fit
168.0,66.7,Fit
149.5,57.7,Obese
139.6,58.5,Obese
165.6,66.2,Fit
159.8,67.4,Obese
170.1,76.9,Obese
172.7,77.4,Obese
166.5,68.1,Fit
173.4,55.9,Fit
167.5,61.7,Fit
170.8,66.6,Fit
157.2,53.6,Fit
163.0,58.2,Fit
167.2,74.0,Obese
174.0,60.6,Fit
160.7,63.2,Fit
170.7,66.7,Fit
162.1,50.9,Fit
163.7,50.3,Fit
174.1,53.1,Fit
143.1,48.9,Fit
150.7,49.5,Fit
148.7,42.0,Fit
139.3,27.7,Fit
157.5,58.1,Fit
173.2,64.6,Fit
161.9,51.9,Fit
167.2,53.8,Fit
177.0,67.0,Fit
179.6,74.7,Fit
164.2,56.7,Fit
179.9,61.7,Fit
166.0,60.2,Fit
155.8,61.8,Obese
158.5,55.6,Fit
148.7,49.2,Fit
155.2,50.4,Fit
161.1,50.0,Fit
173.8,59.1,Fit
183.9,61.1,Fit
149.8,58.8,Obese
169.3,66.8,Fit
153.6,52.5,Fit
170.2,66.1,Fit
163.6,61.6,Fit
144.9,40.3,Fit
175.2,64.9,Fit
158.3,51.4,Fit
159.1,75.8,Obese
153.2,59.8,Obese
157.8,56.1,Fit
169.7,74.3,Obese
162.9,68.3,Obese
168.6,51.5,Fit
169.0,61.0,Fit
179.5,70.8,Fit
161.2,62.1,Fit
148.8,46.9,Fit
176.7,67.9,Fit
161.4,53.6,Fit
177.3,77.5,Fit
169.2,51.4,Fit
163.6,55.4,Fit
168.8,48.0,Fit
186.5,68.3,Fit
187.8,80.2,Fit
165.8,63.1,Fit
166.8,58.7,Fit
176.8,77.8,Fit
155.7,64.2,Obese
168.7,62.0,Fit
164.7,61.7,Fit
168.5,58.8,Fit
155.8,58.4,Fit
147.5,38.3,Fit
142.2,58.9,Obese
152.7,60.4,Obese
160.0,46.7,Fit
161.8,51.3,Fit
186.3,79.7,Fit
177.2,66.3,Fit
154.4,56.8,Fit
168.8,59.8,Fit
160.5,68.9,Obese
161.9,57.7,Fit
167.0,80.7,Obese
171.8,69.8,Fit
161.3,46.4,Fit
176.7,85.4,Obese
152.4,59.9,Obese
165.1,63.0,Fit
193.6,87.6,Fit
167.5,52.2,Fit
180.8,57.5,Fit
166.0,60.3,Fit
171.4,75.7,Obese
164.4,62.6,Fit
163.1,72.2,Obese
156.4,64.4,Obese
169.7,63.5,Fit
155.6,62.8,Obese
172.3,77.5,Obese
176.9,68.2,Fit
169.0,61.1,Fit
161.9,58.8,Fit
170.0,44.3,Fit
161.6,59.7,Fit
175.3,73.4,Fit
144.9,47.3,Fit
161.3,60.0,Fit
143.1,44.7,Fit
148.6,32.6,Fit
180.0,84.6,Obese
174.8,64.3,Fit
157.1,49.3,Fit
148.5,59.4,Obese
132.4,46.4,Obese
159.0,57.8,Fit
191.6,86.9,Fit
169.8,54.2,Fit
158.8,54.9,Fit
170.1,74.0,Obese
147.8,42.7,Fit
161.7,49.6,Fit
166.1,61.3,Fit
164.1,60.0,Fit
173.7,71.6,Fit
168.8,51.7,Fit
172.4,45.0,Fit
157.4,61.9,Fit
174.9,58.6,Fit
182.9,68.7,Fit
154.3,34.9,Fit
155.2,61.2,Obese
179.7,73.8,Fit
162.9,60.9,Fit
180.4,74.1,Fit
160.1,39.9,Fit
181.0,64.2,Fit
166.4,57.3,Fit
167.8,56.0,Fit
182.2,70.9,Fit
161.0,59.0,Fit
154.6,60.7,Obese
160.1,44.5,Fit
170.0,63.5,Fit
147.8,53.7,Fit
172.0,57.7,Fit
159.1,54.1,Fit
177.6,73.1,Fit
138.7,42.4,Fit
156.3,59.2,Fit
146.4,47.9,Fit
155.9,51.0,Fit
167.7,52.5,Fit
163.0,60.4,Fit
162.2,58.7,Fit
163.2,50.7,Fit
167.2,66.2,Fit
153.9,62.3,Obese
172.8,60.4,Fit
172.3,59.5,Fit
169.2,56.9,Fit
171.1,51.0,Fit
168.3,78.3,Obese
187.4,73.7,Fit
164.0,52.3,Fit
161.6,48.5,Fit
156.7,50.9,Fit
153.6,46.4,Fit
151.3,61.9,Obese
155.2,43.0,Fit
164.2,47.0,Fit
168.7,67.0,Fit
165.6,59.4,Fit
156.6,52.2,Fit
174.9,71.8,Fit
173.1,67.0,Fit
163.2,58.3,Fit
157.8,43.5,Fit
171.0,51.0,Fit
167.1,55.8,Fit
149.1,40.2,Fit
164.3,61.5,Fit
167.9,47.6,Fit
155.1,49.3,Fit
167.1,60.0,Fit
149.0,48.5,Fit
179.7,74.2,Fit
178.7,67.7,Fit
162.2,52.6,Fit
169.0,72.8,Obese
138.5,39.6,Fit
152.3,62.4,Obese
161.8,55.0,Fit
153.2,51.5,Fit
172.9,64.6,Fit
187.0,78.8,Fit
152.1,47.5,Fit
155.8,54.2,Fit
167.6,74.0,Obese
182.7,81.8,Fit
151.6,59.0,Obese
167.7,51.2,Fit
185.0,65.9,Fit
146.8,49.2,Fit
150.9,56.3,Fit
160.3,52.4,Fit
159.3,50.2,Fit
173.9,77.7,Obese
167.7,67.3,Fit
145.5,55.0,Obese
170.7,60.6,Fit
158.6,51.2,Fit
179.0,78.1,Fit
158.1,52.9,Fit
158.0,50.0,Fit
171.0,57.0,Fit
173.4,62.1,Fit
169.9,70.5,Fit
146.5,35.1,Fit
170.9,69.3,Fit
153.6,46.3,Fit
167.6,60.1,Fit
149.3,47.9,Fit
169.9,61.7,Fit
156.1,51.3,Fit
150.9,46.5,Fit
172.9,61.2,Fit
167.7,72.4,Obese
158.2,55.3,Fit
181.0,71.0,Fit
160.2,51.3,Fit
165.4,56.9,Fit
168.0,56.9,Fit
158.2,61.2,Fit
170.2,57.7,Fit
159.1,37.7,Fit
160.5,57.1,Fit
180.0,69.0,Fit
153.6,47.2,Fit
138.5,49.5,Obese
182.7,51.6,Fit
193.0,94.6,Obese
160.5,65.1,Obese
143.7,40.4,Fit
161.6,53.8,Fit
161.9,61.7,Fit
162.9,62.6,Fit
152.8,46.3,Fit
171.4,51.7,Fit
170.8,81.1,Obese
148.6,56.2,Obese
172.7,66.9,Fit
187.6,78.8,Fit
166.9,66.2,Fit
161.3,63.2,Fit
163.4,42.1,Fit
171.8,62.1,Fit
146.0,43.2,Fit
166.8,59.9,Fit
160.7,63.0,Fit
185.3,61.2,Fit
163.1,47.7,Fit
183.3,68.5,Fit
152.9,52.6,Fit
171.5,71.3,Fit
168.5,75.5,Obese
155.4,50.9,Fit
167.0,68.0,Fit
178.3,75.7,Fit
161.4,61.7,Fit
146.4,47.0,Fit
164.8,56.6,Fit
155.1,44.4,Fit
161.2,48.1,Fit
164.1,62.0,Fit
146.2,46.6,Fit
147.2,44.4,Fit
170.3,69.1,Fit
159.3,54.2,Fit
136.8,33.9,Fit
173.6,64.2,Fit
168.0,68.7,Fit
157.1,46.1,Fit
150.5,51.5,Fit
174.2,66.3,Fit
168.8,56.6,Fit
191.2,78.1,Fit
169.6,50.7,Fit
169.3,63.9,Fit
163.2,47.7,Fit
174.0,75.2,Fit
171.9,64.3,Fit
178.8,65.7,Fit
159.3,65.1,Obese
160.2,48.2,Fit
159.7,50.1,Fit
173.7,51.7,Fit
181.5,82.9,Obese
160.0,71.3,Obese
160.3,43.2,Fit
168.5,55.9,Fit
162.3,58.5,Fit
175.5,63.6,Fit
140.2,43.0,Fit
155.9,52.5,Fit
156.4,57.1,Fit
139.5,35.1,Fit
154.4,54.0,Fit
154.9,43.9,Fit
162.8,55.0,Fit
177.2,55.2,Fit
162.3,54.7,Fit
153.7,47.4,Fit
164.4,67.0,Fit
176.5,68.1,Fit
154.3,53.3,Fit
155.0,52.7,Fit
171.1,47.4,Fit
162.6,42.2,Fit
172.1,62.6,Fit
164.8,62.0,Fit
172.7,63.8,Fit
153.6,45.0,Fit
164.9,57.9,Fit
162.7,55.6,Fit
151.6,56.8,Fit
147.8,53.8,Fit
172.5,61.1,Fit
161.1,56.7,Fit
153.8,54.2,Fit
163.9,62.5,Fit
177.4,82.5,Obese
139.9,42.8,Fit
148.5,57.9,Obese
154.8,43.5,Fit
181.1,67.0,Fit
168.1,45.1,Fit
173.4,67.4,Fit
152.5,56.3,Fit
152.7,30.8,Fit
169.9,65.0,Fit
165.6,65.2,Fit
171.0,68.7,Fit
162.9,48.8,Fit
168.1,68.3,Fit
166.7,61.2,Fit
173.6,71.0,Fit
173.9,65.5,Fit
147.2,50.7,Fit
140.3,52.2,Obese
176.0,66.5,Fit
178.1,72.0,Fit
153.8,62.0,Obese
144.5,44.9,Fit
166.1,51.7,Fit
175.2,73.0,Fit
184.8,86.6,Obese
170.7,74.4,Obese
160.9,62.7,Fit
155.2,34.2,Fit
165.1,54.9,Fit
161.7,52.9,Fit
153.8,52.4,Fit
187.5,90.9,Obese
184.6,66.4,Fit
177.5,87.2,Obese
154.9,49.7,Fit
174.4,60.8,Fit
172.0,71.9,Fit
169.9,70.9,Fit
178.7,75.5,Fit
172.0,58.9,Fit
173.1,70.0,Fit
172.0,56.8,Fit
168.7,56.3,Fit
145.4,45.7,Fit
165.9,54.0,Fit
158.9,64.0,Obese
150.9,45.5,Fit
183.5,72.3,Fit
184.0,67.5,Fit
180.0,79.5,Fit
167.8,56.6,Fit
179.9,80.3,Fit
165.1,68.5,Obese
167.2,58.0,Fit
153.0,51.7,Fit
169.4,59.3,Fit
165.7,64.7,Fit
150.7,48.4,Fit
164.4,56.1,Fit
164.1,59.6,Fit
184.8,62.5,Fit
174.8,66.6,Fit
165.1,65.2,Fit
167.7,63.0,Fit
165.5,67.9,Fit
162.8,55.3,Fit
153.1,47.9,Fit
163.3,49.8,Fit
156.8,50.8,Fit
151.2,66.1,Obese
170.6,66.3,Fit
169.3,58.4,Fit
145.3,38.4,Fit
163.7,46.1,Fit
176.0,61.5,Fit
176.7,74.7,Fit
176.3,65.0,Fit
165.4,52.5,Fit
155.7,46.6,Fit
153.1,56.7,Fit
168.8,62.0,Fit
169.2,57.9,Fit
179.2,68.1,Fit
177.1,86.6,Obese
163.5,68.6,Obese
151.3,62.1,Obese
161.5,43.4,Fit
167.4,60.4,Fit
162.8,53.1,Fit
158.6,59.7,Fit
167.8,70.4,Obese
159.5,58.5,Fit
158.1,48.0,Fit
168.4,57.1,Fit
160.6,61.7,Fit
167.7,67.6,Fit
168.0,63.2,Fit
152.5,52.2,Fit
159.7,56.5,Fit
180.8,74.1,Fit
152.2,56.7,Fit
141.7,49.2,Fit
144.5,46.1,Fit
165.3,59.7,Fit
165.3,59.4,Fit
163.7,52.7,Fit
178.4,63.6,Fit
135.6,44.8,Fit
169.4,57.4,Fit
182.2,79.5,Fit
152.6,50.8,Fit
160.8,63.5,Fit
156.7,59.1,Fit
155.2,59.7,Fit
161.4,53.5,Fit
180.7,75.1,Fit
185.2,81.4,Fit
161.3,44.8,Fit
186.0,89.7,Obese
165.4,78.3,Obese
184.3,82.3,Fit
164.0,65.6,Fit
166.4,65.7,Fit
169.0,60.3,Fit
200.0,87.1,Fit
174.4,74.6,Fit
157.2,46.6,Fit
175.7,59.4,Fit
161.0,53.9,Fit
159.6,61.3,Fit
175.0,60.4,Fit
165.3,58.3,Fit
168.1,61.3,Fit
165.2,51.9,Fit
168.7,43.1,Fit
169.7,55.1,Fit
143.7,47.5,Fit
172.3,69.2,Fit
154.2,56.3,Fit
149.1,53.8,Fit
164.4,54.4,Fit
165.9,53.8,Fit
157.4,57.5,Fit
174.1,65.0,Fit
150.2,56.9,Obese
160.5,59.7,Fit
158.6,65.6,Obese
164.5,55.8,Fit
168.1,70.7,Obese
153.9,68.4,Obese
173.0,66.2,Fit
165.7,64.4,Fit
144.2,38.3,Fit
143.5,52.4,Obese
164.9,68.8,Obese
162.6,54.2,Fit
163.9,63.8,Fit
164.7,61.9,Fit
167.5,64.8,Fit
175.4,74.2,Fit
152.8,55.5,Fit
152.1,49.8,Fit
153.0,58.1,Fit
168.2,71.1,Obese
178.7,65.8,Fit
160.3,56.5,Fit
137.5,27.4,Fit
146.3,51.7,Fit
155.8,63.2,Obese
158.9,53.5,Fit
160.5,57.7,Fit
165.4,58.4,Fit
161.6,54.4,Fit
176.5,70.4,Fit
157.6,48.3,Fit
155.5,51.3,Fit
170.3,56.5,Fit
148.1,53.0,Fit
169.3,65.0,Fit
166.1,57.3,Fit
163.4,59.0,Fit
182.5,71.5,Fit
158.2,64.2,Obese
187.7,74.0,Fit
162.5,63.2,Fit
151.0,44.5,Fit
165.8,67.0,Fit
153.2,59.9,Obese
156.7,62.7,Obese
169.4,74.9,Obese
171.1,66.8,Fit
158.2,64.9,Obese
175.9,81.0,Obese
177.7,60.5,Fit
180.8,67.1,Fit
170.8,52.2,Fit
180.0,79.8,Fit
144.3,33.7,Fit
161.5,43.1,Fit
155.5,44.4,Fit
166.3,46.9,Fit
158.7,57.6,Fit
163.2,49.9,Fit
185.7,62.3,Fit
163.1,58.2,Fit
169.6,63.4,Fit
162.4,43.1,Fit
165.8,54.8,Fit
165.1,59.3,Fit
169.9,60.7,Fit
177.8,66.9,Fit
183.1,83.2,Fit
168.4,79.6,Obese
171.5,62.2,Fit
152.3,40.5,Fit
164.0,57.3,Fit
175.3,69.2,Fit
174.5,66.6,Fit
167.3,66.5,Fit
174.8,84.9,Obese
170.4,50.2,Fit
178.2,65.8,Fit
168.2,74.6,Obese
161.1,52.9,Fit
168.7,68.9,Fit
132.8,43.8,Fit
169.2,72.9,Obese
124.9,49.6,Obese
146.0,49.6,Fit
170.0,49.6,Fit
170.3,58.2,Fit
152.2,68.5,Obese
157.2,43.0,Fit
180.1,75.3,Fit
159.7,36.0,Fit
189.7,68.3,Fit
165.0,67.0,Fit
169.5,63.5,Fit
182.8,70.5,Fit
166.4,54.4,Fit
154.0,36.2,Fit
163.8,64.6,Fit
164.6,57.3,Fit
150.0,37.3,Fit
162.2,58.1,Fit
156.8,58.8,Fit
175.2,65.9,Fit
165.4,61.1,Fit
161.9,58.0,Fit
163.8,53.4,Fit
167.5,62.1,Fit
171.8,70.8,Fit
154.0,60.5,Obese
153.5,58.2,Fit
177.2,63.6,Fit
160.5,61.7,Fit
149.4,52.8,Fit
169.9,57.8,Fit
170.1,59.9,Fit
148.2,53.7,Fit
167.5,72.8,Obese
173.1,51.4,Fit
169.1,76.0,Obese
172.0,74.4,Obese
149.6,50.8,Fit
168.6,60.6,Fit
161.7,60.6,Fit
159.7,51.0,Fit
174.6,65.6,Fit
181.3,60.5,Fit
184.7,61.1,Fit
179.5,89.5,Obese
163.8,59.5,Fit
168.9,64.4,Fit
173.4,65.9,Fit
166.3,54.2,Fit
166.4,58.5,Fit
174.1,67.4,Fit
164.3,57.8,Fit
157.0,48.2,Fit
160.4,60.5,Fit
172.0,66.6,Fit
165.0,63.1,Fit
168.7,68.3,Fit
172.4,64.0,Fit
160.9,55.6,Fit
173.3,77.9,Obese
169.2,55.4,Fit
151.4,35.5,Fit
180.9,76.4,Fit
159.5,50.9,Fit
146.8,38.8,Fit
153.5,58.9,Obese
153.8,50.9,Fit
165.6,50.2,Fit
162.0,73.2,Obese
161.3,44.3,Fit
171.8,64.3,Fit
168.7,47.5,Fit
168.5,64.6,Fit
169.5,58.1,Fit
171.8,71.5,Fit
141.8,44.1,Fit
161.0,67.8,Obese
141.0,40.3,Fit
165.4,47.3,Fit
164.9,61.8,Fit
176.5,66.5,Fit
178.1,55.2,Fit
167.2,53.1,Fit
159.5,50.1,Fit
170.3,76.3,Obese
159.2,61.4,Fit
165.0,57.1,Fit
175.8,71.8,Fit
158.9,39.2,Fit
173.9,62.0,Fit
172.5,68.6,Fit
154.5,53.8,Fit
175.7,63.6,Fit
172.7,65.3,Fit
166.1,63.4,Fit
156.6,53.9,Fit
155.5,60.1,Fit
159.1,58.2,Fit
171.0,68.4,Fit
154.5,66.2,Obese
169.8,70.1,Fit
151.3,64.3,Obese
162.8,52.9,Fit
166.2,48.0,Fit
191.9,79.9,Fit
149.8,47.6,Fit
181.2,83.9,Obese
166.6,52.1,Fit
169.5,62.6,Fit
166.3,64.1,Fit
169.9,64.3,Fit
163.3,57.3,Fit
181.0,74.9,Fit
160.0,64.9,Obese
177.5,81.6,Obese
157.9,55.1,Fit
164.3,52.9,Fit
153.2,63.9,Obese
170.0,55.0,Fit
180.9,86.3,Obese
164.1,70.0,Obese
162.8,70.2,Obese
152.7,56.8,Fit
162.5,41.2,Fit
147.5,39.5,Fit
155.0,55.3,Fit
167.5,56.3,Fit
179.5,68.4,Fit
195.9,89.3,Fit
158.5,53.9,Fit
180.8,62.2,Fit
167.7,68.9,Fit
163.3,62.8,Fit
169.8,61.4,Fit
165.7,66.1,Fit
166.2,61.5,Fit
160.5,67.3,Obese
149.6,50.5,Fit
148.0,58.8,Obese
172.2,50.2,Fit
162.0,61.4,Fit
158.4,52.0,Fit
165.1,53.1,Fit
173.7,75.7,Obese
167.0,68.5,Fit
157.8,38.7,Fit
178.5,75.8,Fit
182.4,77.9,Fit
170.4,58.1,Fit
175.7,61.2,Fit
178.7,57.5,Fit
177.4,66.6,Fit
171.8,63.5,Fit
171.6,71.1,Fit
170.7,66.3,Fit
152.9,43.0,Fit
172.7,67.5,Fit
150.1,47.5,Fit
156.3,46.2,Fit
179.3,58.0,Fit
174.2,71.8,Fit
181.4,75.9,Fit
162.0,62.2,Fit
152.3,45.2,Fit
162.4,59.4,Fit
166.1,49.7,Fit
165.9,52.6,Fit
177.5,69.6,Fit
161.0,59.1,Fit
168.9,49.7,Fit
154.1,43.8,Fit
170.0,60.6,Fit
165.0,67.6,Fit
156.8,47.6,Fit
162.4,59.2,Fit
163.0,60.4,Fit
162.0,55.8,Fit
184.5,77.0,Fit
163.9,48.4,Fit
162.3,52.7,Fit
141.9,55.8,Obese
155.2,65.0,Obese
162.1,64.6,Fit
157.5,63.3,Obese
180.2,56.8,Fit
163.2,51.0,Fit
179.2,68.1,Fit
165.7,79.7,Obese
165.4,57.7,Fit
164.0,65.1,Fit
165.0,63.0,Fit
183.9,77.3,Fit
139.5,42.6,Fit
143.0,35.4,Fit
159.0,34.0,Fit
165.2,70.3,Obese
172.6,60.6,Fit
170.2,48.8,Fit
160.8,60.4,Fit
176.2,71.7,Fit
176.3,74.5,Fit
167.0,70.3,Obese
175.6,60.5,Fit
168.0,55.1,Fit
158.8,52.9,Fit
172.7,72.2,Fit
166.2,44.0,Fit
165.0,60.9,Fit
181.2,79.7,Fit
138.0,49.0,Obese
149.4,54.8,Fit
151.9,59.3,Obese
161.0,35.1,Fit
162.2,70.8,Obese
148.4,51.1,Fit
154.2,63.0,Obese
155.5,43.8,Fit
192.0,67.1,Fit
184.8,89.4,Obese
160.5,49.2,Fit
161.0,54.5,Fit
152.4,55.3,Fit
144.0,51.8,Fit
163.7,67.6,Obese
154.0,54.0,Fit
164.1,50.8,Fit
147.4,53.5,Fit
156.6,59.7,Fit
166.6,46.6,Fit
169.0,74.2,Obese
169.6,43.4,Fit
150.5,58.1,Obese
174.4,61.8,Fit
156.2,59.3,Fit
172.0,69.1,Fit
164.9,59.5,Fit
149.9,53.0,Fit
161.5,56.7,Fit
169.0,68.6,Fit
171.7,82.4,Obese
163.4,48.0,Fit
181.8,47.2,Fit
176.1,64.9,Fit
162.2,54.0,Fit
173.3,63.0,Fit
186.3,68.9,Fit
186.6,83.6,Fit
151.5,39.4,Fit
154.8,56.3,Fit
181.3,77.4,Fit
153.4,54.3,Fit
150.5,53.7,Fit
159.7,63.7,Fit
169.6,63.7,Fit
163.9,56.3,Fit
157.8,58.7,Fit
157.6,59.4,Fit
157.2,61.5,Fit
155.3,39.4,Fit
190.1,78.0,Fit
168.3,53.8,Fit
174.8,71.7,Fit
159.6,61.9,Fit
163.0,56.2,Fit
157.2,48.5,Fit
135.8,45.4,Fit
149.8,48.3,Fit
145.1,57.7,Obese
140.3,57.5,Obese
151.9,58.7,Obese
179.6,72.8,Fit
164.5,74.1,Obese
179.2,72.6,Fit
169.5,59.4,Fit
173.6,60.9,Fit
155.1,47.3,Fit
170.8,64.1,Fit
173.0,69.6,Fit
158.7,44.1,Fit
171.2,60.9,Fit
171.2,66.2,Fit
159.0,60.7,Fit
152.6,51.1,Fit
152.0,52.8,Fit
166.0,50.7,Fit
168.6,55.2,Fit
156.3,53.2,Fit
165.3,64.2,Fit
171.3,66.4,Fit
171.8,58.1,Fit
182.1,71.0,Fit
179.0,82.6,Obese
154.0,56.5,Fit
183.5,72.8,Fit
159.2,47.5,Fit
176.5,62.8,Fit
165.7,60.5,Fit
160.5,58.9,Fit
145.1,50.9,Fit
163.1,61.6,Fit
147.8,45.1,Fit
175.6,63.8,Fit
181.7,89.0,Obese
156.2,49.2,Fit
168.3,52.0,Fit
157.0,41.1,Fit
158.1,52.2,Fit
173.5,73.8,Fit
164.6,55.0,Fit
184.1,86.4,Obese
159.7,56.0,Fit
176.0,77.0,Fit
166.1,54.6,Fit
173.8,60.5,Fit
160.1,57.1,Fit
164.5,63.4,Fit
163.7,57.5,Fit
155.8,55.7,Fit
172.3,70.0,Fit
172.2,53.8,Fit
171.5,62.0,Fit
181.9,68.6,Fit
180.9,68.3,Fit
160.9,60.2,Fit
169.1,58.9,Fit
158.1,39.0,Fit
165.3,58.2,Fit
158.4,46.7,Fit
182.8,77.5,Fit
169.0,69.3,Fit
162.6,40.8,Fit
178.1,63.6,Fit
141.1,46.6,Fit
142.8,33.6,Fit
173.8,72.7,Fit
165.7,68.8,Obese
167.8,60.6,Fit
150.4,43.6,Fit
164.7,41.2,Fit
187.0,83.5,Fit
174.1,82.7,Obese
166.9,75.6,Obese
160.2,54.9,Fit
160.7,48.0,Fit
141.6,50.8,Obese
167.8,61.0,Fit
174.3,70.7,Fit
147.7,50.4,Fit
157.7,55.5,Fit
152.3,59.2,Obese
154.4,61.0,Obese
165.6,56.1,Fit
142.1,37.0,Fit
171.8,44.9,Fit
173.3,63.3,Fit
162.2,49.2,Fit
137.7,45.1,Fit
154.0,49.5,Fit
178.6,68.3,Fit
134.4,46.3,Obese
161.2,60.3,Fit
152.0,49.9,Fit
173.9,80.0,Obese
157.6,60.5,Fit
169.4,59.8,Fit
171.2,61.5,Fit
185.2,81.8,Fit
162.8,59.9,Fit
169.1,54.0,Fit
148.7,55.8,Obese
178.1,79.8,Obese
156.6,63.4,Obese
158.8,67.8,Obese
164.8,76.3,Obese
147.8,61.9,Obese
167.5,64.5,Fit
175.6,66.2,Fit
168.2,47.6,Fit
147.5,48.0,Fit
163.6,63.1,Fit
173.2,66.3,Fit
144.3,30.7,Fit
153.2,49.3,Fit
174.6,72.3,Fit
168.0,53.9,Fit
169.5,64.6,Fit
185.5,79.1,Fit
170.2,72.6,Obese
172.2,79.0,Obese
194.8,80.5,Fit
162.6,59.7,Fit
156.2,55.4,Fit
169.7,68.6,Fit
169.8,67.8,Fit
159.2,67.2,Obese
153.6,33.3,Fit
190.4,83.1,Fit
168.6,66.4,Fit
156.9,52.3,Fit
175.1,49.3,Fit
163.8,58.5,Fit
162.2,52.2,Fit
171.2,77.9,Obese
150.8,53.0,Fit
168.9,56.4,Fit
186.0,59.7,Fit
170.1,68.4,Fit
160.9,62.5,Fit
159.4,54.2,Fit
160.5,61.5,Fit
162.2,55.1,Fit
160.8,65.5,Obese
175.1,75.4,Fit
145.9,33.7,Fit
174.5,55.8,Fit
160.8,73.2,Obese
169.1,70.4,Fit
152.6,41.1,Fit
179.6,58.4,Fit
178.7,71.9,Fit
175.6,58.7,Fit
148.3,45.9,Fit
174.1,66.3,Fit
169.5,62.4,Fit
147.3,56.8,Obese
164.7,74.4,Obese
169.0,59.0,Fit
171.1,55.4,Fit
166.9,64.4,Fit
168.2,75.3,Obese
181.2,69.0,Fit
178.5,76.9,Fit
133.5,32.5,Fit
161.5,57.6,Fit
163.2,49.3,Fit
145.7,46.8,Fit
166.0,59.7,Fit
178.7,75.1,Fit
153.0,65.8,Obese
168.7,59.5,Fit
154.9,36.8,Fit
157.6,53.0,Fit
181.3,74.7,Fit
159.0,57.3,Fit
170.1,62.4,Fit
144.4,57.8,Obese
185.5,76.8,Fit
171.6,64.0,Fit
163.0,52.2,Fit
171.3,50.6,Fit
149.5,51.8,Fit
178.0,71.7,Fit
161.4,48.9,Fit
162.8,57.9,Fit
159.6,54.9,Fit
158.6,50.4,Fit
172.6,59.2,Fit
167.8,65.2,Fit
172.2,63.4,Fit
164.9,55.1,Fit
170.6,57.2,Fit
160.4,55.6,Fit
189.5,86.4,Fit
147.8,49.7,Fit
178.9,68.5,Fit
180.0,73.8,Fit
155.6,64.2,Obese
189.5,82.9,Fit
176.0,70.2,Fit
175.7,73.0,Fit
165.3,58.9,Fit
162.6,59.6,Fit
162.7,54.3,Fit
169.3,50.6,Fit
180.4,74.4,Fit
167.0,64.1,Fit
155.0,50.5,Fit
174.1,74.9,Fit
175.1,61.7,Fit
172.2,51.1,Fit
173.2,60.4,Fit
162.0,45.4,Fit
154.8,55.4,Fit
155.4,47.1,Fit
147.0,55.4,Obese
167.6,69.5,Fit
164.1,51.8,Fit
160.2,50.0,Fit
132.5,42.9,Fit
151.3,58.2,Obese
177.3,53.1,Fit
157.7,57.0,Fit
169.0,45.2,Fit
149.7,44.9,Fit
180.8,80.7,Fit
163.4,82.8,Obese
168.2,60.3,Fit
190.6,69.9,Fit
181.7,68.5,Fit
161.6,58.0,Fit
158.5,49.9,Fit
161.4,49.9,Fit
170.6,60.6,Fit
163.8,62.2,Fit
160.7,55.4,Fit
181.1,65.1,Fit
163.7,53.6,Fit
190.3,76.4,Fit
166.0,52.6,Fit
184.6,69.3,Fit
168.9,67.9,Fit
175.6,66.0,Fit
157.0,40.2,Fit
155.6,61.5,Obese
170.1,67.0,Fit
175.9,57.0,Fit
165.4,57.3,Fit
150.8,43.7,Fit
150.0,54.9,Fit
149.3,46.1,Fit
145.6,46.0,Fit
166.2,59.3,Fit
177.4,57.4,Fit
164.9,71.0,Obese
140.1,48.5,Fit
162.9,52.4,Fit
163.2,60.1,Fit
188.1,85.6,Fit
149.0,49.3,Fit
160.7,69.3,Obese
183.8,97.6,Obese
169.9,62.5,Fit
171.2,59.8,Fit
166.3,52.9,Fit
168.6,44.9,Fit
173.6,76.3,Obese
156.1,50.8,Fit
174.7,74.1,Fit
149.9,58.0,Obese
168.6,53.9,Fit
167.0,53.9,Fit
158.2,69.0,Obese
164.8,59.2,Fit
158.2,49.7,Fit
153.2,43.3,Fit
161.1,56.0,Fit
152.9,63.5,Obese
168.6,68.0,Fit
152.3,52.5,Fit
172.8,78.4,Obese
152.0,62.0,Obese
158.8,58.1,Fit
158.1,77.2,Obese
179.6,69.0,Fit
168.6,71.3,Obese
162.7,55.1,Fit
170.5,71.2,Fit
141.8,42.3,Fit
164.5,63.2,Fit
187.0,96.0,Obese
166.5,68.6,Fit
165.7,64.3,Fit
171.0,58.2,Fit
174.9,68.8,Fit
143.0,36.9,Fit
146.5,54.3,Obese
167.3,68.5,Fit
157.1,52.9,Fit
179.4,84.1,Obese
161.5,69.6,Obese
143.7,46.6,Fit
151.1,54.7,Fit
134.8,35.2,Fit
162.4,55.9,Fit
162.9,49.8,Fit
160.3,52.7,Fit
176.9,68.0,Fit
178.2,56.6,Fit
163.1,63.2,Fit
141.5,52.2,Obese
171.8,64.9,Fit
171.1,42.8,Fit
168.4,60.4,Fit
175.8,56.8,Fit
152.2,46.1,Fit
187.1,88.6,Obese
154.4,33.0,Fit
173.2,59.5,Fit
146.4,53.8,Obese
154.8,47.1,Fit
181.7,66.4,Fit
162.1,74.1,Obese
174.2,69.8,Fit
167.6,69.3,Fit
163.8,63.0,Fit
180.0,72.6,Fit
162.4,68.1,Obese
145.4,61.8,Obese
156.2,40.2,Fit
171.1,64.1,Fit
169.4,62.7,Fit
147.8,44.6,Fit
157.0,62.1,Obese
158.6,57.4,Fit
161.0,72.4,Obese
149.9,58.2,Obese
158.1,65.9,Obese
157.0,44.6,Fit
173.5,59.8,Fit
173.9,60.7,Fit
163.4,69.3,Obese
160.7,49.1,Fit
166.5,53.5,Fit
156.0,44.6,Fit
152.4,73.1,Obese
154.7,51.5,Fit
158.0,59.2,Fit
152.2,41.8,Fit
166.8,68.9,Fit
173.0,51.7,Fit
147.5,40.1,Fit
165.3,54.2,Fit
162.6,59.9,Fit
168.8,56.3,Fit
164.9,72.0,Obese
149.0,52.9,Fit
151.1,44.7,Fit
165.3,68.1,Fit
176.3,65.2,Fit
140.6,38.8,Fit
168.8,69.9,Fit
178.1,50.1,Fit
163.3,64.6,Fit
171.1,58.7,Fit
157.3,48.7,Fit
163.7,74.6,Obese
147.2,43.4,Fit
139.2,50.3,Obese
175.4,69.9,Fit
154.2,55.4,Fit
160.0,54.3,Fit
149.7,46.9,Fit
149.5,61.4,Obese
163.1,66.0,Fit
157.0,50.2,Fit
169.2,54.6,Fit
170.0,58.9,Fit
168.5,70.3,Fit
167.6,71.2,Obese
182.4,77.6,Fit
153.3,38.7,Fit
164.4,65.5,Fit
177.5,79.7,Obese
178.9,71.8,Fit
149.4,64.9,Obese
161.6,46.9,Fit
179.9,76.7,Fit
170.6,55.9,Fit
167.1,69.9,Obese
162.6,63.1,Fit
160.8,71.3,Obese
168.2,66.2,Fit
162.2,54.7,Fit
164.5,55.6,Fit
165.9,58.5,Fit
157.5,50.5,Fit
170.9,75.0,Obese
197.1,95.6,Fit
145.5,34.6,Fit
168.6,62.8,Fit
156.6,54.5,Fit
171.4,58.3,Fit
165.5,63.8,Fit
173.4,77.8,Obese
177.9,76.8,Fit
167.1,72.2,Obese
177.5,63.5,Fit
139.2,42.9,Fit
182.5,67.1,Fit
169.1,64.8,Fit
176.9,71.4,Fit
151.6,58.2,Obese
155.9,64.0,Obese
166.6,66.6,Fit
164.8,52.9,Fit
168.1,51.4,Fit
176.9,73.0,Fit
145.6,58.6,Obese
175.7,67.7,Fit
165.1,47.7,Fit
162.8,75.0,Obese
148.8,52.6,Fit
170.5,65.3,Fit
138.4,32.8,Fit
172.1,65.3,Fit
148.6,54.1,Fit
165.6,64.3,Fit
163.7,53.5,Fit
177.9,69.1,Fit
163.0,53.5,Fit
157.4,67.8,Obese
159.4,63.1,Fit
179.0,66.3,Fit
170.9,54.9,Fit
160.8,59.1,Fit
162.4,54.1,Fit
147.8,44.7,Fit
169.3,54.0,Fit
145.6,38.6,Fit
173.3,67.4,Fit
166.4,58.8,Fit
191.3,100.4,Obese
152.9,56.2,Fit
163.9,49.9,Fit
184.8,62.8,Fit
178.1,73.0,Fit
157.3,51.3,Fit
167.5,72.3,Obese
165.0,62.2,Fit
168.1,46.3,Fit
157.3,46.3,Fit
164.0,53.8,Fit
147.4,51.3,Fit
166.5,52.6,Fit
170.0,64.8,Fit
162.5,47.4,Fit
147.2,47.7,Fit
175.9,71.0,Fit
169.0,74.5,Obese
157.0,56.2,Fit
161.9,51.1,Fit
148.5,60.5,Obese
153.7,50.5,Fit
159.1,61.9,Fit
178.5,65.2,Fit
158.0,55.6,Fit
172.0,58.7,Fit
159.1,58.3,Fit
167.7,68.3,Fit
163.4,54.8,Fit
174.6,62.7,Fit
159.1,58.6,Fit
147.7,41.4,Fit
149.8,37.2,Fit
159.1,58.5,Fit
151.3,49.5,Fit
169.5,62.2,Fit
159.9,60.4,Fit
191.1,85.6,Fit
145.9,45.5,Fit
167.2,52.6,Fit
152.6,46.1,Fit
159.6,60.7,Fit
166.6,62.1,Fit
139.4,38.4,Fit
167.6,55.5,Fit
185.9,81.0,Fit
160.0,54.6,Fit
167.9,68.0,Fit
176.3,75.4,Fit
163.2,56.1,Fit
158.6,62.9,Obese
140.0,44.2,Fit
172.1,67.3,Fit
163.8,41.5,Fit
153.9,44.3,Fit
166.4,53.6,Fit
158.6,52.8,Fit
159.2,56.7,Fit
171.7,66.1,Fit
150.3,52.0,Fit
176.5,63.1,Fit
149.6,54.8,Fit
157.7,69.2,Obese
186.2,73.4,Fit
177.4,63.9,Fit
166.1,55.2,Fit
154.7,53.3,Fit
159.2,51.5,Fit
165.8,46.6,Fit
165.4,48.5,Fit
164.0,67.3,Obese
164.7,69.9,Obese
162.6,71.0,Obese
149.1,50.7,Fit
159.3,47.9,Fit
175.1,63.9,Fit
149.9,37.5,Fit
162.9,46.2,Fit
156.0,55.6,Fit
166.2,65.1,Fit
160.7,72.5,Obese
181.3,71.6,Fit
170.6,53.1,Fit
150.6,48.9,Fit
172.4,63.1,Fit
156.5,49.9,Fit
158.7,58.1,Fit
168.5,52.7,Fit
159.6,57.1,Fit
174.8,72.5,Fit
156.5,65.2,Obese
158.2,57.5,Fit
157.8,63.1,Obese
158.8,51.9,Fit
177.1,66.6,Fit
171.9,75.8,Obese
183.8,63.4,Fit
189.9,76.1,Fit
153.7,61.0,Obese
165.8,58.8,Fit
152.1,48.6,Fit
156.4,51.7,Fit
158.1,55.9,Fit
153.4,60.4,Obese
153.4,59.2,Obese
163.4,58.8,Fit
151.6,59.3,Obese
174.3,69.5,Fit
154.9,59.7,Fit
195.9,76.2,Fit
160.0,70.3,Obese
165.8,62.2,Fit
150.8,28.0,Fit
183.8,87.6,Obese
177.3,69.2,Fit
168.3,59.1,Fit
150.2,44.8,Fit
167.3,65.1,Fit
152.7,44.2,Fit
181.1,67.5,Fit
173.9,62.1,Fit
166.0,58.3,Fit
138.2,37.9,Fit
154.2,59.1,Fit
172.6,67.7,Fit
178.3,73.1,Fit
177.2,74.0,Fit
147.5,47.1,Fit
168.3,54.2,Fit
176.2,82.7,Obese
146.8,54.8,Obese
164.9,72.7,Obese
168.0,70.4,Fit
161.7,53.8,Fit
144.6,27.2,Fit
161.4,47.5,Fit
161.4,62.4,Fit
163.4,57.9,Fit
158.8,52.1,Fit
160.1,36.4,Fit
164.6,59.5,Fit
169.9,54.8,Fit
161.7,51.7,Fit
160.5,63.5,Fit
166.0,52.4,Fit
143.9,38.1,Fit
170.2,65.2,Fit
165.0,66.9,Fit
165.4,57.0,Fit
175.6,79.6,Obese
143.5,35.1,Fit
143.3,33.5,Fit
168.0,49.8,Fit
164.9,46.6,Fit
166.9,64.0,Fit
159.9,48.4,Fit
172.3,54.0,Fit
175.3,70.6,Fit
170.3,70.4,Fit
162.1,66.2,Obese
141.8,51.2,Obese
173.5,58.9,Fit
178.4,72.3,Fit
172.1,69.1,Fit
155.3,49.3,Fit
172.4,66.7,Fit
174.5,57.0,Fit
182.1,68.0,Fit
155.4,56.1,Fit
162.5,70.2,Obese
173.2,75.2,Obese
165.6,65.6,Fit
152.7,51.9,Fit
169.6,62.7,Fit
171.4,53.0,Fit
166.0,53.9,Fit
167.4,55.2,Fit
162.2,62.4,Fit
181.3,79.8,Fit
155.1,58.8,Fit
158.5,64.8,Obese
165.1,60.6,Fit
174.7,59.3,Fit
148.5,48.1,Fit
150.6,44.1,Fit
142.6,50.0,Fit
165.4,57.3,Fit
152.7,50.5,Fit
160.8,62.4,Fit
172.3,59.4,Fit
157.9,62.6,Obese
167.5,51.0,Fit
161.7,60.0,Fit
172.4,64.7,Fit
170.2,70.4,Fit
157.4,43.5,Fit
163.1,46.3,Fit
176.5,74.5,Fit
169.3,60.0,Fit
149.6,48.5,Fit
172.2,60.0,Fit
153.1,58.8,Obese
180.5,74.1,Fit
176.3,70.3,Fit
168.2,52.9,Fit
166.7,65.2,Fit
162.7,50.3,Fit
172.5,60.2,Fit
160.9,46.0,Fit
167.6,60.5,Fit
174.6,75.6,Fit
158.8,57.3,Fit
158.2,51.5,Fit
151.9,51.6,Fit
153.3,52.5,Fit
144.9,46.7,Fit
173.0,67.3,Fit
184.9,66.9,Fit
180.7,72.7,Fit
147.1,33.6,Fit
173.0,70.4,Fit
180.6,63.0,Fit
160.0,65.7,Obese
166.1,41.1,Fit
142.9,58.3,Obese
167.9,48.9,Fit
153.3,42.1,Fit
167.2,63.9,Fit
147.8,53.0,Fit
171.0,62.0,Fit
176.3,75.5,Fit
156.4,47.4,Fit
152.5,48.0,Fit
141.3,41.5,Fit
162.1,53.5,Fit
158.6,39.9,Fit
147.9,48.0,Fit
170.0,62.6,Fit
160.1,65.0,Obese
153.2,41.3,Fit
158.9,50.4,Fit
176.8,78.4,Obese
171.6,67.2,Fit
163.6,63.3,Fit
171.8,68.6,Fit
152.2,54.6,Fit
165.4,74.7,Obese
166.6,61.8,Fit
159.8,48.1,Fit
169.8,68.5,Fit
156.4,49.3,Fit
170.6,63.2,Fit
171.1,67.3,Fit
132.9,32.3,Fit
178.1,65.7,Fit
131.5,41.8,Fit
158.2,50.7,Fit
176.3,76.2,Fit
161.5,49.5,Fit
148.9,40.8,Fit
153.0,66.7,Obese
176.3,56.1,Fit
143.9,45.3,Fit
177.4,84.1,Obese
164.4,59.2,Fit
151.9,61.5,Obese
158.6,60.5,Fit
153.8,52.0,Fit
174.5,66.0,Fit
173.1,48.9,Fit
146.1,44.4,Fit
160.6,58.6,Fit
155.5,55.1,Fit
179.2,90.4,Obese
150.1,51.8,Fit
182.6,78.4,Fit
164.6,68.9,Obese
152.2,55.3,Fit
157.5,53.9,Fit
156.2,53.0,Fit
151.0,47.3,Fit
166.0,64.2,Fit
151.5,49.1,Fit
141.0,48.7,Fit
160.8,48.8,Fit
145.2,47.5,Fit
156.7,66.5,Obese
155.0,51.1,Fit
155.4,67.9,Obese
187.0,78.2,Fit
165.6,59.9,Fit
167.7,62.8,Fit
145.5,44.1,Fit
157.8,38.9,Fit
167.4,68.7,Fit
153.7,69.5,Obese
175.0,71.2,Fit
151.8,55.0,Fit
161.8,56.2,Fit
158.6,64.6,Obese
166.8,60.9,Fit
158.0,57.0,Fit
162.0,45.2,Fit
162.4,53.8,Fit
156.9,57.1,Fit
170.3,71.1,Fit
167.6,69.3,Fit
164.0,46.6,Fit
160.3,44.7,Fit
173.8,71.1,Fit
162.4,52.1,Fit
161.6,64.6,Fit
166.2,47.7,Fit
183.7,73.4,Fit
150.3,49.4,Fit
173.5,70.0,Fit
144.2,37.5,Fit
167.4,45.9,Fit
182.3,74.5,Fit
170.4,68.1,Fit
166.9,69.3,Fit
158.8,52.6,Fit
165.3,66.3,Fit
162.2,61.8,Fit
156.4,64.4,Obese
161.8,57.2,Fit
167.2,47.7,Fit
156.6,53.4,Fit
156.1,54.3,Fit
150.0,53.7,Fit
169.3,50.8,Fit
171.0,61.8,Fit
167.5,68.7,Fit
175.6,67.0,Fit
166.0,58.2,Fit
169.3,78.3,Obese
168.3,53.8,Fit
164.0,69.0,Obese
159.2,63.9,Obese
189.4,77.1,Fit
160.0,56.1,Fit
157.7,54.4,Fit
169.8,64.9,Fit
167.8,57.2,Fit
149.5,45.8,Fit
177.3,66.4,Fit
164.0,56.6,Fit
152.8,48.9,Fit
178.1,51.8,Fit
171.9,65.8,Fit
151.1,46.0,Fit
184.5,60.0,Fit
172.2,62.5,Fit
164.9,56.8,Fit
182.5,83.5,Obese
166.8,56.9,Fit
164.7,65.0,Fit
157.7,65.8,Obese
171.4,59.6,Fit
170.2,63.4,Fit
165.2,73.8,Obese
156.3,55.6,Fit
166.4,63.9,Fit
164.2,56.1,Fit
150.3,55.2,Fit
148.8,48.4,Fit
171.2,49.8,Fit
136.4,38.1,Fit
167.3,52.1,Fit
159.7,57.0,Fit
179.4,63.5,Fit
159.6,59.8,Fit
172.3,65.6,Fit
160.6,46.8,Fit
166.3,56.9,Fit
173.1,70.9,Fit
159.9,65.4,Obese
176.0,60.9,Fit
154.1,43.4,Fit
168.2,77.9,Obese
175.1,67.4,Fit
172.3,66.0,Fit
186.1,70.3,Fit
156.6,55.7,Fit
149.8,63.1,Obese
154.1,54.3,Fit
172.3,73.8,Fit
170.5,64.2,Fit
166.1,52.5,Fit
152.6,45.8,Fit
173.4,57.2,Fit
151.5,52.3,Fit
177.7,79.3,Obese
196.4,86.2,Fit
169.0,60.4,Fit
171.4,58.3,Fit
159.6,58.9,Fit
145.1,36.4,Fit
158.4,46.1,Fit
153.0,58.7,Obese
149.1,46.7,Fit
183.9,72.1,Fit
168.0,60.7,Fit
169.2,68.8,Fit
161.6,58.8,Fit
163.1,52.6,Fit
175.6,62.2,Fit
164.6,58.1,Fit
170.8,66.6,Fit
162.8,58.1,Fit
161.2,56.2,Fit
149.5,49.6,Fit
143.2,44.9,Fit
162.1,51.6,Fit
165.6,69.2,Obese
150.9,46.2,Fit
164.6,60.7,Fit
165.6,43.8,Fit
141.3,42.2,Fit
154.9,44.0,Fit
169.5,55.4,Fit
169.3,82.4,Obese
152.3,53.0,Fit
166.7,71.0,Obese
176.2,75.2,Fit
173.5,74.1,Fit
164.0,57.5,Fit
159.9,69.1,Obese
158.1,61.7,Fit
170.1,64.0,Fit
167.1,63.6,Fit
171.9,63.9,Fit
166.5,61.4,Fit
174.0,66.3,Fit
166.0,63.7,Fit
173.6,80.2,Obese
174.6,57.4,Fit
156.2,62.8,Obese
145.1,43.4,Fit
182.0,83.0,Obese
167.8,59.3,Fit
146.1,50.3,Fit
157.1,53.1,Fit
173.5,52.4,Fit
161.9,71.6,Obese
159.4,48.3,Fit
180.4,72.3,Fit
153.5,43.4,Fit
156.2,43.0,Fit
167.3,60.0,Fit
169.3,58.3,Fit
170.5,54.6,Fit
175.0,67.1,Fit
167.2,49.6,Fit
170.4,64.9,Fit
162.1,56.8,Fit
165.7,40.6,Fit
166.2,56.6,Fit
167.4,65.4,Fit
173.5,57.7,Fit
171.1,68.5,Fit
165.5,63.7,Fit
156.1,45.5,Fit
165.7,60.3,Fit
164.7,66.3,Fit
167.1,54.4,Fit
189.3,77.2,Fit
159.2,65.0,Obese
169.6,56.5,Fit
176.8,72.4,Fit
166.1,52.0,Fit
190.7,78.7,Fit
160.8,60.5,Fit
168.6,43.3,Fit
156.2,49.4,Fit
161.1,60.6,Fit
167.7,63.7,Fit
174.3,62.7,Fit
168.5,53.6,Fit
178.9,75.4,Fit
164.0,56.6,Fit
161.3,61.6,Fit
194.7,86.5,Fit
169.3,59.5,Fit
157.1,62.9,Obese
157.4,49.7,Fit
154.6,62.1,Obese
175.3,78.2,Obese
161.0,65.4,Obese
166.4,59.5,Fit
164.3,79.8,Obese
173.0,67.1,Fit
155.7,55.3,Fit
153.2,51.4,Fit
167.5,52.7,Fit
171.6,75.2,Obese
168.7,58.0,Fit
156.1,61.0,Obese
172.5,74.7,Obese
156.8,58.9,Fit
159.3,50.3,Fit
154.6,49.9,Fit
179.3,49.3,Fit
172.0,64.1,Fit
171.7,71.2,Fit
178.7,68.4,Fit
195.9,79.7,Fit
146.2,44.6,Fit
156.9,63.9,Obese
158.2,54.6,Fit
155.6,68.2,Obese
153.1,47.0,Fit
161.7,59.3,Fit
151.6,47.1,Fit
168.7,79.2,Obese
165.6,61.7,Fit
170.3,80.8,Obese
170.6,60.7,Fit
171.6,77.0,Obese
160.9,57.9,Fit
188.3,84.7,Fit
167.6,52.0,Fit
144.5,48.7,Fit
154.0,43.6,Fit
145.9,48.9,Fit
165.2,47.9,Fit
163.7,58.2,Fit
159.8,65.0,Obese
187.1,81.4,Fit
171.0,54.5,Fit
173.0,50.6,Fit
154.8,56.7,Fit
154.0,64.8,Obese
165.4,52.5,Fit
166.9,78.1,Obese
144.6,45.9,Fit
163.0,42.8,Fit
165.2,47.5,Fit
162.6,64.3,Fit
156.1,54.6,Fit
159.1,67.5,Obese
163.1,48.9,Fit
166.0,61.6,Fit
171.7,64.9,Fit
176.9,67.7,Fit
161.8,54.5,Fit
160.0,53.4,Fit
169.8,64.8,Fit
171.7,67.3,Fit
160.2,58.5,Fit
173.7,76.0,Obese
175.8,58.4,Fit
179.2,56.2,Fit
184.6,83.1,Fit
155.5,45.6,Fit
165.2,57.0,Fit
165.1,55.1,Fit
163.9,54.0,Fit
157.9,43.2,Fit
148.7,44.1,Fit
166.0,65.8,Fit
156.5,53.9,Fit
165.9,64.6,Fit
156.3,49.8,Fit
152.9,58.7,Obese
167.6,57.7,Fit
166.7,44.2,Fit
171.4,67.1,Fit
189.0,84.8,Fit
168.1,57.7,Fit
170.3,73.4,Obese
153.1,44.8,Fit
150.8,55.4,Fit
182.4,87.2,Obese
154.8,53.0,Fit
153.5,50.0,Fit
164.6,58.7,Fit
164.0,72.2,Obese
155.1,56.1,Fit
161.6,74.6,Obese
178.5,72.3,Fit
156.1,48.4,Fit
149.7,44.6,Fit
175.4,68.2,Fit
170.4,47.6,Fit
158.2,51.2,Fit
147.6,44.3,Fit
156.8,56.0,Fit
164.4,75.0,Obese
177.8,70.0,Fit
153.6,36.5,Fit
164.1,51.9,Fit
172.4,67.5,Fit
138.8,43.1,Fit
176.4,81.4,Obese
152.0,58.5,Obese
168.7,70.0,Fit
167.7,60.1,Fit
176.9,77.7,Fit
171.1,57.2,Fit
138.8,50.2,Obese
156.4,51.5,Fit
166.5,49.4,Fit
162.9,63.1,Fit
170.3,75.0,Obese
173.7,63.1,Fit
171.7,77.4,Obese
162.6,44.9,Fit
144.7,36.5,Fit
160.0,55.1,Fit
169.6,60.3,Fit
153.0,46.2,Fit
171.9,66.1,Fit
175.0,63.1,Fit
166.4,58.0,Fit
131.3,40.2,Fit
150.9,44.8,Fit
185.7,75.1,Fit
159.0,50.4,Fit
143.2,35.5,Fit
178.6,76.3,Fit
165.1,73.7,Obese
177.2,77.6,Fit
168.0,64.8,Fit
170.0,58.5,Fit
169.0,60.5,Fit
172.7,74.1,Fit
190.1,61.2,Fit
175.7,65.0,Fit
147.6,53.8,Fit
169.9,54.4,Fit
177.6,72.7,Fit
178.2,72.9,Fit
160.3,44.9,Fit
177.8,70.3,Fit
175.2,62.6,Fit
193.3,85.5,Fit
156.7,59.4,Fit
159.4,59.1,Fit
161.6,58.1,Fit
159.6,58.4,Fit
155.2,43.6,Fit
134.6,39.6,Fit
160.2,50.1,Fit
169.1,71.1,Fit
159.6,61.5,Fit
186.3,81.8,Fit
165.1,73.7,Obese
179.2,68.0,Fit
167.9,57.6,Fit
174.1,63.8,Fit
168.1,49.3,Fit
180.1,59.1,Fit
165.6,65.3,Fit
170.5,52.8,Fit
169.0,54.3,Fit
161.8,56.8,Fit
169.5,59.9,Fit
189.6,86.2,Fit
162.0,58.2,Fit
169.6,56.9,Fit
178.8,78.1,Fit
177.5,75.2,Fit
165.1,48.7,Fit
138.8,44.4,Fit
170.7,58.4,Fit
140.6,37.6,Fit
181.2,87.2,Obese
166.9,62.3,Fit
176.0,66.4,Fit
155.1,53.6,Fit
147.9,55.1,Obese
167.9,56.4,Fit
164.6,55.4,Fit
159.6,61.3,Fit
165.9,48.4,Fit
195.4,92.0,Fit
174.2,53.9,Fit
176.5,66.6,Fit
174.3,54.0,Fit
181.3,63.8,Fit
162.9,68.8,Obese
142.4,53.0,Obese
162.9,67.6,Obese
173.9,55.0,Fit
154.3,44.0,Fit
163.1,61.2,Fit
157.4,60.2,Fit
181.5,66.1,Fit
173.2,61.4,Fit
172.2,56.2,Fit
171.8,78.2,Obese
164.6,55.8,Fit
167.2,61.7,Fit
152.0,51.5,Fit
140.9,52.6,Obese
166.7,53.5,Fit
168.6,71.9,Obese
178.3,59.7,Fit
182.3,82.4,Fit
182.3,59.4,Fit
154.0,51.4,Fit
161.1,70.1,Obese
170.3,69.4,Fit
192.9,85.2,Fit
181.3,63.9,Fit
177.3,63.3,Fit
160.7,67.6,Obese
155.3,56.8,Fit
173.7,73.5,Fit
152.9,52.0,Fit
162.4,55.8,Fit
163.7,65.1,Fit
182.5,75.4,Fit
161.1,55.7,Fit
138.2,30.7,Fit
170.5,71.6,Fit
157.3,58.0,Fit
165.5,55.4,Fit
164.0,68.6,Obese
162.0,59.7,Fit
173.7,68.5,Fit
148.1,55.4,Obese
159.3,61.2,Fit
172.5,67.8,Fit
158.2,53.6,Fit
147.3,63.6,Obese
172.4,59.5,Fit
177.4,75.2,Fit
164.5,58.9,Fit
143.4,48.9,Fit
172.8,75.5,Obese
146.7,44.9,Fit
168.4,67.2,Fit
155.2,55.1,Fit
152.2,45.9,Fit
160.1,66.5,Obese
163.0,64.1,Fit
157.9,51.4,Fit
171.5,73.5,Obese
160.1,49.7,Fit
175.8,67.7,Fit
168.1,58.7,Fit
157.3,60.5,Fit
155.5,49.3,Fit
146.9,53.5,Fit
168.2,67.0,Fit
161.1,54.1,Fit
138.9,57.1,Obese
159.1,49.7,Fit
155.1,41.6,Fit
182.3,80.0,Fit
146.3,29.9,Fit
149.1,60.9,Obese
177.2,69.9,Fit
179.9,59.8,Fit
156.8,46.5,Fit
158.0,41.9,Fit
171.8,68.0,Fit
139.4,32.1,Fit
144.5,50.0,Fit
161.9,55.2,Fit
182.0,69.1,Fit
160.2,60.5,Fit
166.1,65.7,Fit
177.5,78.5,Fit
188.2,72.8,Fit
158.7,55.1,Fit
164.8,54.7,Fit
185.0,76.6,Fit
148.3,42.1,Fit
176.3,65.0,Fit
153.8,48.7,Fit
166.1,63.1,Fit
162.3,58.0,Fit
154.5,56.5,Fit
154.2,51.4,Fit
168.0,57.5,Fit
176.0,69.6,Fit
163.6,51.5,Fit
165.8,65.0,Fit
171.3,62.3,Fit
154.3,54.0,Fit
173.1,67.7,Fit
174.0,79.4,Obese
193.6,85.5,Fit
160.9,57.5,Fit
160.0,50.8,Fit
173.5,72.6,Fit
174.0,64.5,Fit
159.1,43.5,Fit
160.6,55.2,Fit
171.0,65.8,Fit
155.9,46.9,Fit
160.5,55.7,Fit
166.0,60.0,Fit
176.0,67.7,Fit
158.3,65.0,Obese
144.7,35.6,Fit
143.9,61.8,Obese
151.1,50.0,Fit
150.6,54.5,Fit
163.3,59.7,Fit
151.9,37.0,Fit
157.3,46.0,Fit
156.5,49.7,Fit
160.2,64.4,Obese
179.5,59.8,Fit
172.3,58.5,Fit
165.2,61.3,Fit
159.9,60.1,Fit
160.2,60.0,Fit
168.6,54.7,Fit
171.4,51.9,Fit
155.0,57.2,Fit
165.4,71.7,Obese
142.7,42.0,Fit
167.3,52.4,Fit
173.4,62.7,Fit
161.9,60.8,Fit
185.0,73.4,Fit
155.3,64.3,Obese
167.4,69.0,Fit
164.6,61.1,Fit
163.9,43.5,Fit
163.7,53.4,Fit
166.2,56.4,Fit
174.3,60.9,Fit
180.2,72.9,Fit
165.0,61.6,Fit
174.0,53.2,Fit
157.3,60.9,Fit
173.4,66.3,Fit
156.6,56.8,Fit
177.0,74.9,Fit
189.3,72.7,Fit
163.7,69.0,Obese
140.9,42.5,Fit
159.0,67.7,Obese
178.6,63.0,Fit
171.1,75.9,Obese
167.7,54.7,Fit
176.1,88.6,Obese
170.3,56.2,Fit
178.4,78.5,Fit
175.1,64.6,Fit
181.7,78.4,Fit
168.9,62.5,Fit
175.0,58.6,Fit
161.6,35.1,Fit
158.4,75.2,Obese
183.8,74.9,Fit
167.4,38.1,Fit
173.9,68.9,Fit
166.4,66.4,Fit
158.5,49.6,Fit
165.1,54.3,Fit
180.8,71.8,Fit
171.1,74.0,Obese
146.2,47.8,Fit
162.6,69.9,Obese
184.6,84.0,Fit
162.6,56.4,Fit
145.2,33.8,Fit
185.8,74.2,Fit
172.5,69.7,Fit
164.2,59.8,Fit
160.9,62.0,Fit
176.9,75.8,Fit
159.0,59.9,Fit
177.6,67.2,Fit
171.0,68.5,Fit
167.7,79.7,Obese
166.6,49.1,Fit
163.1,62.4,Fit
176.5,83.2,Obese
155.5,43.8,Fit
147.2,55.7,Obese
171.8,74.0,Obese
171.9,53.2,Fit
170.3,69.5,Fit
169.5,61.0,Fit
161.5,56.9,Fit
173.7,63.7,Fit
164.5,70.0,Obese
159.6,55.2,Fit
161.6,53.7,Fit
187.2,73.5,Fit
145.9,44.1,Fit
170.5,55.3,Fit
146.5,43.5,Fit
163.8,60.0,Fit
160.2,59.7,Fit
142.1,54.0,Obese
169.3,65.0,Fit
160.8,53.1,Fit
141.9,36.2,Fit
174.2,69.1,Fit
180.8,71.0,Fit
181.4,71.7,Fit
168.9,64.9,Fit
165.5,64.4,Fit
179.6,73.1,Fit
183.5,72.7,Fit
177.5,62.9,Fit
154.6,47.7,Fit
167.2,68.3,Fit
169.8,60.1,Fit
145.1,35.5,Fit
170.2,73.0,Obese
190.0,71.9,Fit
172.0,65.4,Fit
181.2,76.2,Fit
167.0,61.4,Fit
164.2,39.5,Fit
169.2,66.1,Fit
156.0,64.2,Obese
154.4,58.7,Fit
178.9,53.4,Fit
180.1,88.4,Obese
154.1,41.6,Fit
175.6,59.2,Fit
164.0,65.5,Fit
168.7,66.3,Fit
170.1,64.3,Fit
175.9,63.5,Fit
165.9,71.2,Obese
180.5,71.4,Fit
168.4,49.9,Fit
171.9,74.8,Obese
155.8,55.2,Fit
188.7,87.3,Fit
170.2,68.3,Fit
172.8,84.9,Obese
147.3,45.3,Fit
156.0,53.6,Fit
178.6,75.9,Fit
168.2,59.8,Fit
143.9,52.0,Obese
176.4,44.9,Fit
159.0,55.0,Fit
180.5,70.9,Fit
164.0,58.1,Fit
167.3,54.5,Fit
178.0,76.9,Fit
155.1,48.9,Fit
154.1,53.8,Fit
162.8,58.0,Fit
174.1,70.7,Fit
150.4,61.2,Obese
146.7,48.9,Fit
174.1,73.4,Fit
158.4,56.3,Fit
160.7,52.8,Fit
144.6,44.9,Fit
157.5,52.3,Fit
164.9,64.4,Fit
175.2,68.4,Fit
156.5,47.5,Fit
183.2,72.1,Fit
157.5,42.3,Fit
157.5,53.1,Fit
181.9,72.8,Fit
167.3,76.1,Obese
158.9,66.4,Obese
163.3,50.4,Fit
179.9,72.8,Fit
181.1,73.9,Fit
156.0,51.7,Fit
164.5,58.2,Fit
166.0,57.8,Fit
154.2,67.3,Obese
164.4,56.1,Fit
165.1,62.7,Fit
177.5,49.1,Fit
178.3,76.5,Fit
161.4,66.8,Obese
162.6,49.8,Fit
172.3,61.2,Fit
158.6,58.9,Fit
171.5,64.8,Fit
164.0,62.9,Fit
154.3,50.1,Fit
154.5,67.4,Obese
180.9,66.7,Fit
163.3,80.2,Obese
183.0,83.6,Fit
159.4,62.5,Fit
168.2,53.9,Fit
191.3,87.8,Fit
153.4,56.6,Fit
144.1,28.7,Fit
179.2,59.4,Fit
155.9,56.3,Fit
164.8,58.7,Fit
158.6,51.2,Fit
167.9,70.7,Obese
154.5,45.5,Fit
163.0,54.8,Fit
169.9,58.4,Fit
153.9,56.2,Fit
157.3,40.7,Fit
161.2,53.2,Fit
149.3,35.2,Fit
160.4,54.1,Fit
166.3,66.6,Fit
160.6,62.7,Fit
162.0,51.9,Fit
164.8,64.0,Fit
157.8,53.3,Fit
172.6,76.4,Obese
180.8,70.9,Fit
159.9,32.5,Fit
170.3,71.0,Fit
162.4,54.3,Fit
169.0,60.7,Fit
182.2,75.7,Fit
170.6,52.6,Fit
145.5,47.2,Fit
170.0,67.9,Fit
178.6,73.1,Fit
162.6,53.3,Fit
176.0,76.0,Fit
157.4,46.5,Fit
148.7,43.6,Fit
166.6,59.9,Fit
145.7,49.1,Fit
162.4,55.4,Fit
179.2,80.4,Obese
144.0,48.0,Fit
150.9,50.7,Fit
153.6,54.0,Fit
164.3,65.3,Fit
161.0,58.9,Fit
180.4,57.1,Fit
175.5,76.5,Fit
170.4,64.9,Fit
166.6,66.5,Fit
169.3,59.8,Fit
155.5,38.6,Fit
174.4,48.7,Fit
152.8,43.8,Fit
174.2,70.9,Fit
178.0,80.1,Obese
167.3,64.0,Fit
163.1,50.1,Fit
169.4,56.9,Fit
133.5,50.1,Obese
168.3,51.8,Fit
163.8,75.8,Obese
164.4,74.5,Obese
172.8,82.7,Obese
164.2,62.3,Fit
152.5,48.4,Fit
163.4,61.6,Fit
165.7,67.7,Fit
166.3,55.6,Fit
166.8,52.4,Fit
176.4,66.2,Fit
153.1,45.4,Fit
166.9,71.2,Obese
179.2,65.7,Fit
145.9,47.6,Fit
167.0,69.2,Fit
158.6,65.6,Obese
160.9,58.6,Fit
155.0,56.0,Fit
163.1,50.4,Fit
185.3,83.7,Fit
151.1,60.3,Obese
152.1,36.0,Fit
150.7,64.1,Obese
184.0,68.9,Fit
159.9,61.0,Fit
164.7,60.3,Fit
160.6,56.2,Fit
154.6,50.9,Fit
162.4,50.1,Fit
192.0,85.3,Fit
180.3,69.2,Fit
155.6,42.8,Fit
172.1,56.9,Fit
155.9,43.1,Fit
145.5,42.4,Fit
176.2,72.2,Fit
177.8,63.8,Fit
176.5,76.3,Fit
159.8,55.2,Fit
163.2,56.3,Fit
173.2,66.2,Fit
169.3,74.2,Obese
160.7,45.8,Fit
147.2,60.9,Obese
166.3,68.5,Fit
176.9,68.6,Fit
151.8,60.2,Obese
172.0,62.5,Fit
168.6,64.9,Fit
173.3,61.7,Fit
174.6,74.8,Fit
157.4,48.8,Fit
147.2,47.3,Fit
159.1,61.1,Fit
174.8,75.6,Fit
159.0,49.1,Fit
157.4,60.5,Fit
145.0,38.4,Fit
184.3,57.5,Fit
174.1,60.7,Fit
173.5,72.9,Fit
175.6,67.8,Fit
171.3,60.3,Fit
162.3,58.4,Fit
163.2,58.8,Fit
160.3,61.5,Fit
194.0,69.9,Fit
171.1,63.6,Fit
159.9,57.2,Fit
170.1,52.7,Fit
153.9,41.1,Fit
181.5,69.6,Fit
157.7,54.8,Fit
170.5,64.1,Fit
176.7,64.3,Fit
169.2,58.2,Fit
166.0,57.5,Fit
165.1,62.4,Fit
164.4,69.4,Obese
158.7,37.6,Fit
160.1,61.3,Fit
181.3,71.4,Fit
163.8,63.2,Fit
156.4,63.3,Obese
159.3,49.8,Fit
177.1,76.6,Fit
172.4,55.4,Fit
171.2,65.5,Fit
162.2,55.9,Fit
171.3,64.9,Fit
157.9,47.0,Fit
162.1,61.3,Fit
175.7,80.6,Obese
174.6,59.3,Fit
154.2,53.8,Fit
155.6,60.1,Fit
166.2,58.4,Fit
184.0,85.4,Obese
143.9,42.1,Fit
168.1,61.2,Fit
149.9,41.5,Fit
158.0,55.9,Fit
161.0,57.0,Fit
160.4,61.7,Fit
159.1,50.6,Fit
165.1,54.5,Fit
159.1,59.4,Fit
148.9,60.0,Obese
173.6,71.3,Fit
173.3,80.8,Obese
174.3,71.3,Fit
148.1,52.4,Fit
168.3,67.7,Fit
172.4,77.3,Obese
153.7,61.8,Obese
165.1,51.3,Fit
163.7,65.4,Fit
185.3,77.6,Fit
186.2,74.7,Fit
146.7,33.2,Fit
192.4,69.1,Fit
154.9,49.9,Fit
175.8,56.3,Fit
175.7,65.1,Fit
154.0,57.9,Fit
170.4,59.3,Fit
163.8,59.7,Fit
171.1,55.8,Fit
167.5,64.1,Fit
178.2,73.9,Fit
165.8,49.1,Fit
163.2,52.5,Fit
177.1,58.8,Fit
171.4,68.7,Fit
173.0,67.2,Fit
157.7,54.3,Fit
153.5,50.8,Fit
158.8,58.0,Fit
158.2,57.8,Fit
173.6,62.4,Fit
175.7,62.9,Fit
163.3,58.2,Fit
180.7,70.3,Fit
180.1,87.8,Obese
167.7,58.8,Fit
156.0,55.8,Fit
182.3,76.9,Fit
164.3,70.6,Obese
166.4,54.4,Fit
161.3,67.9,Obese
155.2,51.8,Fit
148.8,68.8,Obese
172.0,68.0,Fit
156.4,44.0,Fit
198.7,85.2,Fit
153.1,62.2,Obese
151.2,50.9,Fit
170.6,63.6,Fit
181.8,78.5,Fit
165.7,57.7,Fit
171.3,62.9,Fit
144.7,38.5,Fit
157.5,68.4,Obese
153.2,41.8,Fit
144.2,47.1,Fit
166.3,64.7,Fit
140.3,43.2,Fit
150.5,39.8,Fit
159.1,47.7,Fit
155.9,57.6,Fit
169.4,56.9,Fit
168.4,45.8,Fit
174.8,70.3,Fit
173.3,59.1,Fit
177.5,74.4,Fit
165.0,58.3,Fit
168.3,60.3,Fit
170.6,64.5,Fit
166.6,51.9,Fit
160.6,50.2,Fit
161.3,55.2,Fit
156.0,44.4,Fit
169.6,69.0,Fit
164.0,56.7,Fit
157.7,43.1,Fit
157.7,50.3,Fit
151.7,51.4,Fit
175.8,64.4,Fit
165.9,63.7,Fit
155.5,57.8,Fit
173.9,85.7,Obese
158.8,64.7,Obese
149.5,36.1,Fit
176.2,65.4,Fit
159.1,53.5,Fit
160.5,61.3,Fit
165.5,52.8,Fit
177.6,65.1,Fit
165.2,50.1,Fit
151.8,45.9,Fit
171.0,59.8,Fit
159.7,53.6,Fit
185.8,66.4,Fit
165.0,67.7,Fit
140.4,47.2,Fit
168.9,51.2,Fit
186.4,76.6,Fit
182.3,60.6,Fit
185.1,86.1,Obese
153.8,64.9,Obese
175.0,67.0,Fit
157.1,47.4,Fit
167.5,56.4,Fit
151.0,46.5,Fit
157.9,54.0,Fit
157.6,65.6,Obese
174.9,74.9,Fit
173.8,74.2,Fit
168.0,63.5,Fit
150.1,40.4,Fit
161.6,51.3,Fit
156.8,54.6,Fit
174.6,57.4,Fit
178.0,72.1,Fit
176.6,75.1,Fit
156.7,58.4,Fit
134.9,44.1,Fit
145.6,31.7,Fit
180.6,82.5,Obese
160.6,44.2,Fit
156.7,52.8,Fit
183.1,78.7,Fit
178.9,73.3,Fit
165.3,49.9,Fit
161.8,48.8,Fit
163.5,61.1,Fit
167.5,65.8,Fit
182.6,64.5,Fit
169.6,66.5,Fit
173.0,53.7,Fit
177.9,74.6,Fit
152.1,43.8,Fit
173.3,66.7,Fit
161.8,56.9,Fit
137.3,50.8,Obese
141.6,46.0,Fit
153.8,47.2,Fit
170.8,67.1,Fit
166.3,77.9,Obese
167.0,67.3,Fit
186.5,76.0,Fit
151.0,43.5,Fit
164.7,54.7,Fit
168.3,67.8,Fit
156.9,47.1,Fit
165.3,60.1,Fit
147.4,59.3,Obese
180.5,72.9,Fit
157.5,45.9,Fit
187.3,94.6,Obese
164.6,73.7,Obese
176.3,72.4,Fit
164.4,69.7,Obese
164.7,57.5,Fit
158.6,61.1,Fit
166.3,57.5,Fit
168.5,51.6,Fit
156.4,74.5,Obese
163.6,47.6,Fit
158.3,57.5,Fit
190.3,82.0,Fit
164.0,63.3,Fit
182.0,72.2,Fit
162.8,57.7,Fit
167.9,63.1,Fit
150.5,53.6,Fit
160.1,56.4,Fit
167.3,61.0,Fit
182.4,62.7,Fit
167.4,77.8,Obese
180.2,75.7,Fit
172.0,66.8,Fit
182.9,68.6,Fit
164.4,51.4,Fit
191.3,87.4,Fit
159.7,54.8,Fit
156.6,58.9,Fit
151.7,39.8,Fit
190.6,92.3,Obese
174.0,73.8,Fit
161.3,56.6,Fit
178.7,74.0,Fit
172.6,71.4,Fit
186.6,65.9,Fit
148.0,61.6,Obese
162.1,61.7,Fit
159.9,50.6,Fit
143.3,36.4,Fit
176.7,76.6,Fit
162.0,59.4,Fit
173.1,69.8,Fit
191.0,80.4,Fit
161.1,49.1,Fit
160.4,60.6,Fit
166.3,59.3,Fit
175.9,67.9,Fit
158.8,74.5,Obese
158.1,61.9,Fit
176.6,76.0,Fit
169.2,84.7,Obese
142.5,47.8,Fit
151.5,51.5,Fit
181.5,67.1,Fit
169.4,59.5,Fit
156.6,37.6,Fit
163.1,64.9,Fit
165.1,49.9,Fit
173.1,73.1,Fit
150.1,49.2,Fit
155.7,54.4,Fit
168.0,61.8,Fit
163.9,70.2,Obese
171.3,74.2,Obese
151.5,50.2,Fit
168.9,55.6,Fit
177.0,76.3,Fit
170.4,56.0,Fit
166.5,48.6,Fit
163.9,63.1,Fit
155.8,63.2,Obese
164.2,56.1,Fit
178.9,73.6,Fit
163.7,55.6,Fit
155.2,58.8,Fit
159.6,64.8,Obese
167.2,59.4,Fit
160.9,48.7,Fit
170.3,52.2,Fit
170.8,71.5,Fit
174.8,58.1,Fit
180.7,74.8,Fit
176.0,74.3,Fit
154.7,48.7,Fit
155.1,51.6,Fit
164.2,67.3,Fit
160.0,49.9,Fit
152.5,43.9,Fit
160.1,54.5,Fit
159.8,66.4,Obese
157.6,67.5,Obese
161.5,56.6,Fit
178.0,64.0,Fit
167.2,70.0,Obese
192.2,67.9,Fit
166.9,63.2,Fit
161.8,57.2,Fit
165.0,70.3,Obese
167.8,73.1,Obese
169.8,55.9,Fit
187.8,79.0,Fit
155.7,48.8,Fit
174.4,64.6,Fit
167.3,66.5,Fit
147.7,45.3,Fit
173.5,67.8,Fit
178.9,78.1,Fit
155.6,65.4,Obese
164.9,62.1,Fit
146.0,47.9,Fit
151.2,41.4,Fit
176.5,81.2,Obese
159.9,60.2,Fit
152.8,52.5,Fit
167.5,62.4,Fit
159.3,58.7,Fit
159.8,62.4,Fit
173.1,73.1,Fit
152.2,63.9,Obese
155.0,54.8,Fit
166.7,75.2,Obese
175.7,76.3,Fit
178.6,69.7,Fit
157.7,41.4,Fit
175.3,68.3,Fit
156.4,66.3,Obese
185.1,69.2,Fit
152.5,51.8,Fit
179.6,72.3,Fit
157.8,62.3,Obese
187.1,73.9,Fit
171.5,57.8,Fit
153.8,56.6,Fit
159.3,49.8,Fit
173.6,51.6,Fit
176.6,83.3,Obese
164.2,66.7,Fit
165.5,75.3,Obese
173.3,73.1,Fit
166.4,66.4,Fit
150.8,53.0,Fit
156.1,52.1,Fit
167.6,65.9,Fit
178.4,65.6,Fit
182.8,64.9,Fit
173.6,63.6,Fit
168.2,72.5,Obese
173.2,56.2,Fit
157.7,45.0,Fit
163.3,63.4,Fit
155.9,50.2,Fit
151.3,54.2,Fit
168.7,70.5,Fit
167.0,65.1,Fit
172.6,60.5,Fit
171.0,74.6,Obese
167.7,67.8,Fit
171.1,64.6,Fit
164.5,59.4,Fit
169.5,66.2,Fit
157.0,51.7,Fit
169.1,49.8,Fit
172.4,71.4,Fit
157.6,60.2,Fit
165.6,41.9,Fit
158.1,59.1,Fit
159.2,69.8,Obese
152.6,42.2,Fit
178.9,69.8,Fit
176.7,67.3,Fit
170.9,77.5,Obese
186.7,85.6,Fit
162.9,51.4,Fit
198.3,89.3,Fit
162.5,76.5,Obese
167.8,57.0,Fit
160.6,56.7,Fit
169.1,67.0,Fit
174.2,61.9,Fit
163.7,73.1,Obese
184.5,71.1,Fit
167.6,50.7,Fit
168.0,57.9,Fit
155.0,58.1,Fit
169.6,56.9,Fit
163.5,61.2,Fit
158.3,59.6,Fit
156.5,44.2,Fit
194.4,78.6,Fit
162.1,60.6,Fit
149.0,54.4,Fit
157.3,50.1,Fit
164.4,60.7,Fit
171.0,62.1,Fit
171.1,70.2,Fit
172.4,69.6,Fit
157.9,51.9,Fit
168.7,66.5,Fit
155.4,49.8,Fit
158.2,58.7,Fit
154.9,56.6,Fit
151.9,69.7,Obese
176.7,66.0,Fit
172.6,64.4,Fit
175.7,62.8,Fit
165.4,51.9,Fit
173.5,62.6,Fit
145.6,52.0,Fit
174.5,72.9,Fit
166.9,63.7,Fit
171.9,62.6,Fit
169.2,59.0,Fit
154.1,44.9,Fit
148.5,44.1,Fit
157.2,44.0,Fit
171.2,75.4,Obese
172.6,80.2,Obese
150.0,34.0,Fit
154.2,54.6,Fit
157.0,56.4,Fit
161.1,58.7,Fit
150.0,44.8,Fit
149.4,57.3,Obese
156.0,56.8,Fit
165.9,68.9,Obese
152.0,44.9,Fit
163.7,47.9,Fit
176.6,72.1,Fit
150.7,42.2,Fit
162.7,66.7,Obese
176.3,51.3,Fit
160.4,52.9,Fit
158.7,50.5,Fit
177.8,66.9,Fit
161.6,59.6,Fit
177.1,72.2,Fit
169.7,68.5,Fit
161.2,63.2,Fit
170.3,62.4,Fit
168.5,79.4,Obese
176.2,79.4,Obese
159.0,53.1,Fit
165.5,59.1,Fit
164.3,56.7,Fit
172.7,68.6,Fit
153.7,44.2,Fit
176.2,62.0,Fit
170.1,46.3,Fit
150.5,46.7,Fit
178.3,78.5,Fit
189.6,77.8,Fit
176.0,67.4,Fit
180.7,74.1,Fit
165.9,52.6,Fit
146.7,47.6,Fit
144.7,53.2,Obese
167.8,64.4,Fit
158.5,63.1,Obese
154.9,62.9,Obese
164.3,64.7,Fit
171.8,59.2,Fit
149.0,46.1,Fit
160.1,71.8,Obese
181.6,75.1,Fit
153.2,53.1,Fit
174.6,60.2,Fit
159.7,55.4,Fit
171.0,70.1,Fit
177.1,69.1,Fit
173.2,61.8,Fit
175.0,65.1,Fit
152.3,60.6,Obese
177.3,74.5,Fit
155.6,57.6,Fit
167.9,65.5,Fit
167.8,52.5,Fit
170.3,66.0,Fit
168.7,71.2,Obese
155.7,51.3,Fit
150.2,57.4,Obese
174.6,71.4,Fit
167.0,68.0,Fit
177.6,69.8,Fit
164.5,66.6,Fit
149.5,37.5,Fit
175.6,68.1,Fit
160.9,62.7,Fit
168.8,65.0,Fit
157.9,63.6,Obese
183.1,72.5,Fit
155.4,48.7,Fit
161.3,44.1,Fit
166.2,58.6,Fit
153.0,55.6,Fit
168.6,68.7,Fit
182.7,62.3,Fit
159.6,65.4,Obese
169.3,55.3,Fit
134.8,39.0,Fit
164.6,55.0,Fit
161.6,60.8,Fit
156.0,54.3,Fit
176.9,74.3,Fit
161.4,72.1,Obese
163.0,61.7,Fit
160.9,52.3,Fit
143.9,49.3,Fit
152.5,66.8,Obese
175.6,73.1,Fit
141.8,51.8,Obese
156.6,41.2,Fit
160.6,59.8,Fit
184.2,72.5,Fit
173.5,60.7,Fit
158.9,55.3,Fit
179.3,71.6,Fit
156.9,49.1,Fit
176.1,69.7,Fit
150.1,48.1,Fit
176.8,74.4,Fit
160.5,58.5,Fit
153.7,55.0,Fit
162.6,66.0,Fit
168.1,66.6,Fit
159.6,56.0,Fit
171.1,47.7,Fit
158.6,59.4,Fit
171.8,57.7,Fit
169.9,62.8,Fit
164.3,62.4,Fit
160.1,67.1,Obese
166.7,75.8,Obese
171.1,57.0,Fit
187.7,67.0,Fit
175.3,70.2,Fit
175.7,69.9,Fit
199.0,77.5,Fit
170.7,64.0,Fit
170.3,68.6,Fit
172.7,55.8,Fit
153.9,44.2,Fit
160.1,51.2,Fit
159.4,54.2,Fit
172.1,70.7,Fit
163.1,55.9,Fit
166.5,61.4,Fit
177.0,86.9,Obese
174.5,59.3,Fit
163.2,53.4,Fit
157.6,60.1,Fit
177.5,77.2,Fit
173.5,69.6,Fit
147.3,62.2,Obese
161.6,60.0,Fit
166.8,45.4,Fit
173.6,67.1,Fit
175.0,62.8,Fit
168.1,73.3,Obese
171.4,72.4,Fit
165.7,47.7,Fit
157.6,65.4,Obese
162.1,65.3,Fit
165.2,57.5,Fit
164.6,59.0,Fit
144.3,56.9,Obese
160.6,41.0,Fit
165.6,63.9,Fit
161.9,66.4,Obese
162.3,57.2,Fit
170.4,69.0,Fit
153.1,52.4,Fit
147.1,41.3,Fit
161.2,50.7,Fit
173.4,71.8,Fit
183.6,69.0,Fit
173.6,54.1,Fit
148.8,49.7,Fit
162.4,53.9,Fit
167.8,52.4,Fit
167.0,61.9,Fit
170.9,70.4,Fit
154.9,53.0,Fit
165.7,51.9,Fit
169.6,67.2,Fit
174.1,75.0,Fit
156.1,71.3,Obese
161.2,68.7,Obese
135.3,32.2,Fit
158.2,61.9,Fit
159.2,57.8,Fit
153.8,42.8,Fit
166.8,63.5,Fit
164.4,74.8,Obese
140.1,52.8,Obese
167.4,53.5,Fit
154.8,52.8,Fit
170.3,67.8,Fit
150.9,36.3,Fit
165.3,46.6,Fit
161.9,58.9,Fit
168.3,63.7,Fit
166.4,46.2,Fit
162.2,61.0,Fit
148.1,57.0,Obese
148.8,46.9,Fit
158.6,55.8,Fit
164.9,64.4,Fit
158.3,58.6,Fit
171.9,51.6,Fit
161.9,50.4,Fit
154.4,49.3,Fit
161.9,50.8,Fit
167.5,73.4,Obese
168.6,67.6,Fit
185.7,67.0,Fit
157.6,53.0,Fit
164.2,68.4,Obese
169.7,58.2,Fit
164.7,66.5,Fit
159.5,67.0,Obese
148.0,57.9,Obese
159.4,57.3,Fit
153.2,61.6,Obese
146.0,42.7,Fit
156.2,73.6,Obese
153.5,53.8,Fit
171.4,73.8,Obese
171.6,61.9,Fit
155.1,56.9,Fit
162.1,62.2,Fit
144.6,38.5,Fit
159.6,48.3,Fit
169.4,61.5,Fit
174.1,75.5,Fit
157.2,39.7,Fit
176.6,65.7,Fit
148.3,58.9,Obese
151.3,40.5,Fit
172.8,75.7,Obese
183.4,65.0,Fit
170.4,56.6,Fit
164.6,58.4,Fit
140.9,58.6,Obese
142.8,39.7,Fit
166.4,47.1,Fit
161.1,45.9,Fit
152.8,58.8,Obese
165.7,49.6,Fit
166.3,70.3,Obese
175.4,68.2,Fit
166.5,60.7,Fit
178.5,72.5,Fit
165.1,53.6,Fit
163.7,60.1,Fit
176.7,59.2,Fit
154.2,63.1,Obese
196.0,76.3,Fit
169.1,66.4,Fit
169.2,54.7,Fit
170.8,59.9,Fit
185.6,72.8,Fit
173.7,90.2,Obese
147.3,47.6,Fit
180.4,65.1,Fit
161.3,53.6,Fit
166.2,48.7,Fit
150.9,48.8,Fit
170.8,79.0,Obese
157.8,57.5,Fit
166.1,67.9,Fit
161.9,50.4,Fit
186.2,74.6,Fit
186.8,78.4,Fit
165.5,54.5,Fit
165.7,63.6,Fit
160.9,61.9,Fit
177.2,73.4,Fit
161.4,56.1,Fit
160.4,65.3,Obese
175.8,65.9,Fit
159.1,52.9,Fit
164.6,71.1,Obese
147.6,39.1,Fit
172.7,52.0,Fit
186.3,69.5,Fit
172.9,68.9,Fit
181.1,82.4,Obese
155.7,48.0,Fit
167.6,76.3,Obese
154.6,52.8,Fit
162.5,57.2,Fit
173.5,59.4,Fit
166.1,76.3,Obese
149.5,47.9,Fit
150.5,39.2,Fit
149.8,69.0,Obese
170.4,67.0,Fit
187.7,83.9,Fit
180.0,84.7,Obese
144.1,50.6,Fit
180.6,79.6,Fit
175.3,68.0,Fit
148.0,54.1,Fit
161.7,57.2,Fit
177.1,68.8,Fit
171.1,65.3,Fit
150.6,46.7,Fit
171.7,68.9,Fit
141.5,48.1,Fit
162.5,64.7,Fit
177.5,74.4,Fit
165.2,76.0,Obese
159.5,64.4,Obese
174.8,65.5,Fit
175.7,71.6,Fit
179.4,82.1,Obese
174.6,59.5,Fit
176.9,85.0,Obese
173.1,59.7,Fit
167.9,69.2,Fit
166.0,60.7,Fit
162.4,57.6,Fit
151.7,40.2,Fit
154.5,59.8,Obese
161.9,47.4,Fit
167.7,50.3,Fit
180.8,81.2,Fit
164.5,73.9,Obese
176.0,62.8,Fit
176.9,76.8,Fit
162.5,64.4,Fit
171.5,64.0,Fit
162.3,68.7,Obese
179.5,69.6,Fit
172.0,69.2,Fit
151.9,40.7,Fit
166.8,51.5,Fit
183.1,83.1,Fit
163.0,62.9,Fit
169.9,62.4,Fit
171.0,79.6,Obese
153.6,67.1,Obese
170.6,67.6,Fit
149.7,37.6,Fit
158.1,54.1,Fit
176.8,62.1,Fit
168.9,63.5,Fit
161.7,50.0,Fit
169.9,53.9,Fit
164.3,41.3,Fit
165.1,61.3,Fit
172.2,46.9,Fit
157.0,51.7,Fit
165.4,65.8,Fit
161.6,51.7,Fit
147.6,39.2,Fit
154.9,52.2,Fit
182.3,66.4,Fit
169.2,64.5,Fit
150.4,41.5,Fit
148.1,47.4,Fit
163.8,56.2,Fit
182.2,72.9,Fit
162.9,71.5,Obese
179.4,72.4,Fit
168.9,66.8,Fit
170.2,58.7,Fit
150.3,51.5,Fit
175.3,65.4,Fit
161.3,57.5,Fit
174.5,72.2,Fit
156.0,49.6,Fit
166.9,58.1,Fit
168.9,58.8,Fit
163.3,54.6,Fit
169.4,64.6,Fit
162.1,54.9,Fit
157.9,66.8,Obese
182.7,94.8,Obese
176.5,64.0,Fit
156.6,56.3,Fit
171.3,72.8,Fit
156.8,52.0,Fit
152.0,42.9,Fit
176.4,82.3,Obese
146.3,52.5,Fit
175.2,70.1,Fit
162.2,69.5,Obese
162.7,64.4,Fit
169.5,62.8,Fit
171.4,56.8,Fit
155.9,49.5,Fit
172.9,75.4,Obese
166.2,66.3,Fit
151.2,48.8,Fit
163.1,72.7,Obese
180.2,70.2,Fit
183.4,81.9,Fit
172.9,67.5,Fit
151.9,66.2,Obese
170.4,69.9,Fit
174.4,67.3,Fit
173.0,64.4,Fit
173.6,66.2,Fit
169.0,57.0,Fit
164.2,48.4,Fit
158.3,57.6,Fit
144.1,41.4,Fit
168.7,58.3,Fit
167.0,60.7,Fit
171.1,64.8,Fit
150.3,49.7,Fit
172.1,79.1,Obese
187.6,82.7,Fit
165.9,77.4,Obese
164.3,55.9,Fit
168.4,68.7,Fit
187.4,74.2,Fit
153.7,47.5,Fit
167.2,78.7,Obese
156.2,47.5,Fit
159.0,37.8,Fit
164.5,53.8,Fit
179.8,55.1,Fit
184.8,67.5,Fit
169.9,56.7,Fit
160.9,57.2,Fit
192.4,65.1,Fit
160.3,66.1,Obese
158.7,40.4,Fit
145.5,45.5,Fit
180.4,69.0,Fit
175.7,74.5,Fit
191.6,83.6,Fit
149.7,58.8,Obese
181.0,69.2,Fit
165.8,56.7,Fit
173.9,69.8,Fit
146.9,55.7,Obese
181.1,78.8,Fit
173.7,68.9,Fit
164.6,61.4,Fit
172.1,64.9,Fit
156.6,57.2,Fit
158.6,71.6,Obese
159.9,54.3,Fit
144.6,43.1,Fit
174.5,63.4,Fit
178.1,72.9,Fit
157.3,37.5,Fit
168.8,61.6,Fit
162.1,64.8,Fit
168.6,58.3,Fit
158.1,56.5,Fit
155.3,69.9,Obese
176.6,71.2,Fit
164.3,41.5,Fit
187.2,65.9,Fit
165.5,58.3,Fit
154.8,46.3,Fit
178.5,70.9,Fit
171.9,62.7,Fit
173.0,75.2,Obese
178.1,61.0,Fit
157.8,53.1,Fit
163.6,60.6,Fit
163.1,61.3,Fit
150.8,51.2,Fit
162.1,38.5,Fit
179.7,71.7,Fit
167.6,60.6,Fit
150.2,56.5,Obese
147.9,53.9,Fit
183.3,75.9,Fit
164.0,61.7,Fit
157.9,65.7,Obese
162.0,66.9,Obese
148.7,50.9,Fit
180.7,89.0,Obese
160.7,51.8,Fit
180.0,61.8,Fit
165.6,60.2,Fit
180.7,68.9,Fit
167.8,42.2,Fit
174.4,61.7,Fit
172.9,68.5,Fit
171.9,64.5,Fit
168.8,56.5,Fit
162.4,58.4,Fit
186.1,77.2,Fit
155.0,58.6,Fit
165.0,54.8,Fit
165.2,67.0,Fit
169.4,54.4,Fit
160.3,52.5,Fit
168.5,76.0,Obese
163.1,50.4,Fit
147.6,42.7,Fit
165.1,49.9,Fit
152.9,44.8,Fit
145.9,48.0,Fit
166.5,66.6,Fit
170.4,63.7,Fit
170.8,61.6,Fit
171.2,54.6,Fit
143.7,39.6,Fit
150.0,37.2,Fit
186.7,82.6,Fit
153.5,58.3,Fit
171.7,64.5,Fit
157.4,58.1,Fit
165.9,67.5,Fit
158.0,55.8,Fit
171.2,75.6,Obese
166.5,52.8,Fit
160.1,53.6,Fit
153.4,48.1,Fit
167.9,67.2,Fit
151.7,39.1,Fit
169.7,74.9,Obese
193.9,87.2,Fit
179.9,85.2,Obese
172.9,65.4,Fit
164.1,54.8,Fit
143.7,50.7,Fit
150.5,58.0,Obese
179.1,64.9,Fit
156.3,37.8,Fit
157.3,39.8,Fit
163.2,60.7,Fit
153.3,64.0,Obese
151.5,40.1,Fit
164.4,57.3,Fit
155.2,50.2,Fit
156.8,69.5,Obese
156.4,71.9,Obese
170.7,67.5,Fit
162.4,65.2,Fit
163.0,65.4,Fit
171.6,54.5,Fit
163.4,64.4,Fit
161.9,49.5,Fit
170.2,62.3,Fit
172.4,74.5,Obese
163.4,59.4,Fit
165.9,69.4,Obese
156.4,64.2,Obese
155.5,39.2,Fit
173.5,48.8,Fit
169.9,72.8,Obese
170.0,73.2,Obese
168.1,64.2,Fit
165.5,63.4,Fit
172.7,72.7,Fit
175.3,74.6,Fit
175.0,65.0,Fit
163.9,66.7,Fit
180.3,68.7,Fit
167.5,63.7,Fit
172.0,66.7,Fit
168.1,55.3,Fit
167.7,55.9,Fit
156.9,72.0,Obese
172.7,58.5,Fit
196.3,87.7,Fit
160.9,61.6,Fit
165.8,60.0,Fit
160.1,61.8,Fit
159.6,58.7,Fit
182.0,65.9,Fit
157.6,58.9,Fit
159.8,51.8,Fit
147.5,61.8,Obese
156.7,57.4,Fit
146.2,41.4,Fit
171.9,67.8,Fit
195.8,76.9,Fit
161.0,59.1,Fit
146.7,45.5,Fit
174.9,60.7,Fit
157.0,47.5,Fit
179.3,90.2,Obese
161.9,58.4,Fit
158.1,51.5,Fit
163.0,53.6,Fit
173.3,69.9,Fit
162.5,53.0,Fit
159.5,47.2,Fit
162.8,58.1,Fit
151.0,49.8,Fit
169.4,59.8,Fit
145.3,39.3,Fit
160.1,53.3,Fit
173.4,62.4,Fit
168.3,57.5,Fit
171.5,66.9,Fit
164.3,77.2,Obese
177.9,80.3,Obese
175.2,83.0,Obese
169.9,59.0,Fit
175.2,80.9,Obese
173.3,67.9,Fit
160.2,64.3,Obese
150.2,53.3,Fit
169.6,60.6,Fit
171.0,70.1,Fit
177.0,72.8,Fit
154.7,38.5,Fit
155.0,51.9,Fit
170.1,70.6,Fit
164.2,61.5,Fit
144.3,49.5,Fit
169.1,56.9,Fit
144.6,48.1,Fit
154.6,51.8,Fit
179.9,69.5,Fit
185.1,69.9,Fit
151.6,57.9,Obese
161.4,60.1,Fit
165.5,62.2,Fit
184.6,91.4,Obese
159.6,59.8,Fit
159.8,65.8,Obese
182.0,75.1,Fit
160.9,54.1,Fit
172.9,57.3,Fit
148.8,50.6,Fit
163.1,37.2,Fit
146.7,49.6,Fit
153.4,54.3,Fit
174.2,65.0,Fit
164.5,58.8,Fit
161.5,47.4,Fit
156.8,65.1,Obese
162.6,55.4,Fit
168.3,54.5,Fit
175.8,72.4,Fit
136.1,41.7,Fit
155.9,50.6,Fit
166.8,57.5,Fit
163.9,59.1,Fit
169.4,73.9,Obese
167.9,65.8,Fit
161.6,57.2,Fit
159.2,62.6,Fit
162.3,58.2,Fit
177.6,72.6,Fit
156.9,55.4,Fit
164.3,64.1,Fit
167.0,57.8,Fit
182.2,63.9,Fit
161.7,64.8,Fit
175.5,79.8,Obese
178.6,61.4,Fit
164.3,60.8,Fit
162.7,54.6,Fit
161.4,64.4,Fit
162.2,59.8,Fit
174.4,93.5,Obese
167.5,59.3,Fit
167.6,74.1,Obese
152.6,64.3,Obese
154.4,56.7,Fit
188.6,78.5,Fit
163.0,59.2,Fit
156.5,53.9,Fit
180.7,80.9,Fit
168.1,55.2,Fit
171.4,63.3,Fit
163.5,56.5,Fit
161.5,43.6,Fit
163.1,65.4,Fit
149.8,57.9,Obese
164.0,54.1,Fit
168.3,70.5,Fit
185.4,62.9,Fit
165.9,60.8,Fit
139.3,41.7,Fit
164.0,59.8,Fit
195.1,84.4,Fit
174.5,66.4,Fit
156.1,50.5,Fit
171.5,63.8,Fit
156.8,65.0,Obese
150.1,44.9,Fit
161.2,75.2,Obese
166.0,55.5,Fit
144.4,47.8,Fit
152.4,55.6,Fit
165.1,57.6,Fit
160.5,67.7,Obese
169.3,67.5,Fit
151.6,48.9,Fit
172.9,76.7,Obese
152.0,42.7,Fit
183.1,69.2,Fit
146.1,51.5,Fit
153.0,57.9,Fit
169.6,65.9,Fit
183.3,72.9,Fit
168.5,60.4,Fit
171.2,73.5,Obese
165.2,62.0,Fit
153.7,45.0,Fit
159.6,48.6,Fit
151.7,62.7,Obese
150.9,44.4,Fit
169.4,65.3,Fit
152.6,62.1,Obese
168.5,66.8,Fit
150.7,43.9,Fit
168.3,54.2,Fit
159.6,71.0,Obese
180.5,63.3,Fit
168.6,58.1,Fit
178.6,73.2,Fit
156.7,52.3,Fit
165.6,64.9,Fit
154.2,40.6,Fit
160.5,55.0,Fit
162.1,63.2,Fit
157.0,59.7,Fit
151.6,46.0,Fit
149.5,41.0,Fit
139.3,44.4,Fit
153.4,41.3,Fit
171.9,75.3,Obese
147.4,49.1,Fit
150.0,43.9,Fit
184.7,66.6,Fit
158.0,49.9,Fit
168.5,50.0,Fit
172.1,69.1,Fit
172.3,58.9,Fit
148.3,51.6,Fit
162.5,62.4,Fit
147.2,55.4,Obese
191.9,83.0,Fit
147.5,56.8,Obese
153.5,62.9,Obese
153.6,53.9,Fit
148.5,51.1,Fit
179.9,66.7,Fit
191.6,72.9,Fit
159.8,66.4,Obese
150.5,54.7,Fit
140.4,48.9,Fit
162.3,53.2,Fit
161.5,70.4,Obese
157.8,53.0,Fit
167.4,55.3,Fit
169.3,58.5,Fit
168.6,75.1,Obese
161.5,48.5,Fit
152.9,45.4,Fit
172.3,88.5,Obese
165.1,67.5,Fit
174.8,61.3,Fit
173.7,57.7,Fit
149.4,35.7,Fit
149.2,49.8,Fit
156.7,59.8,Fit
153.4,63.9,Obese
173.3,50.9,Fit
168.9,52.1,Fit
177.1,68.0,Fit
169.4,85.4,Obese
167.3,68.7,Fit
178.2,72.8,Fit
170.2,53.9,Fit
165.7,43.5,Fit
181.3,72.6,Fit
166.3,60.0,Fit
161.7,55.3,Fit
155.8,50.3,Fit
172.7,59.7,Fit
178.6,62.4,Fit
164.4,70.6,Obese
179.4,63.7,Fit
143.3,43.0,Fit
164.4,59.1,Fit
164.6,65.2,Fit
157.0,47.4,Fit
191.2,88.3,Fit
164.3,54.7,Fit
160.5,55.4,Fit
165.3,73.2,Obese
143.0,37.2,Fit
156.6,59.7,Fit
175.8,76.0,Fit
158.1,57.5,Fit
155.9,52.5,Fit
179.4,87.8,Obese
179.7,71.0,Fit
170.7,65.7,Fit
160.0,53.6,Fit
162.4,59.2,Fit
156.2,61.4,Obese
154.1,50.0,Fit
153.5,35.0,Fit
158.2,59.2,Fit
153.6,43.3,Fit
147.8,54.0,Fit
167.4,61.6,Fit
167.6,69.3,Fit
183.7,66.7,Fit
157.6,50.4,Fit
168.3,59.6,Fit
168.4,50.6,Fit
162.2,66.8,Obese
173.2,53.0,Fit
173.5,75.0,Fit
168.6,65.9,Fit
162.2,56.3,Fit
161.1,59.8,Fit
150.0,52.0,Fit
156.1,50.4,Fit
158.2,57.4,Fit
152.6,57.1,Fit
169.8,55.9,Fit
178.2,72.6,Fit
155.0,31.9,Fit
168.1,46.7,Fit
153.6,56.4,Fit
161.6,54.1,Fit
157.4,47.7,Fit
171.6,64.4,Fit
157.5,51.4,Fit
176.1,60.3,Fit
162.3,44.8,Fit
157.9,39.1,Fit
151.2,56.2,Fit
167.8,58.6,Fit
174.8,75.0,Fit
168.0,58.6,Fit
189.6,81.9,Fit
180.7,70.9,Fit
161.6,57.8,Fit
161.5,58.1,Fit
170.2,60.1,Fit
155.8,43.6,Fit
177.8,75.7,Fit
169.0,75.6,Obese
167.8,75.2,Obese
172.6,61.1,Fit
184.0,68.6,Fit
166.9,56.8,Fit
163.8,57.6,Fit
181.6,72.1,Fit
175.6,59.9,Fit
161.5,45.5,Fit
165.1,60.3,Fit
167.1,33.2,Fit
169.0,62.0,Fit
150.1,42.0,Fit
148.0,54.5,Fit
155.2,61.4,Obese
154.4,61.0,Obese
157.9,52.1,Fit
172.0,56.0,Fit
163.1,52.0,Fit
167.2,63.8,Fit
151.5,37.3,Fit
159.9,67.4,Obese
171.5,62.0,Fit
171.5,68.7,Fit
157.0,40.0,Fit
166.8,53.8,Fit
189.2,63.5,Fit
164.8,67.9,Obese
157.4,53.2,Fit
163.1,63.1,Fit
166.0,61.1,Fit
163.3,62.4,Fit
164.7,56.9,Fit
149.1,47.3,Fit
154.4,51.7,Fit
163.4,62.0,Fit
163.2,62.0,Fit
158.8,78.0,Obese
163.1,71.9,Obese
165.7,46.2,Fit
174.8,66.1,Fit
163.9,55.9,Fit
169.4,73.4,Obese
159.0,53.1,Fit
171.3,68.3,Fit
169.1,44.2,Fit
174.5,54.9,Fit
172.8,82.5,Obese
171.5,65.1,Fit
163.9,51.1,Fit
167.7,63.8,Fit
176.7,60.3,Fit
157.8,52.5,Fit
158.1,43.4,Fit
167.0,55.0,Fit
169.6,59.9,Fit
155.9,62.5,Obese
164.2,63.0,Fit
164.0,64.3,Fit
140.6,43.3,Fit
162.6,64.7,Fit
163.3,51.7,Fit
163.2,52.8,Fit
180.6,75.0,Fit
151.6,48.3,Fit
155.9,53.4,Fit
136.3,39.5,Fit
159.7,66.1,Obese
160.6,67.2,Obese
159.4,50.9,Fit
177.2,55.0,Fit
174.5,61.3,Fit
165.9,53.3,Fit
160.9,63.6,Fit
176.3,75.7,Fit
164.8,51.5,Fit
156.0,47.5,Fit
146.1,35.1,Fit
160.1,57.5,Fit
173.3,65.7,Fit
190.0,85.8,Fit
165.7,64.4,Fit
156.6,58.8,Fit
152.0,38.5,Fit
171.1,59.4,Fit
145.6,54.2,Obese
171.1,60.1,Fit
174.0,53.6,Fit
169.8,69.9,Fit
162.6,53.5,Fit
171.2,73.0,Fit
166.9,61.1,Fit
156.4,51.6,Fit
185.4,86.5,Obese
161.1,46.7,Fit
173.5,77.7,Obese
138.4,37.0,Fit
179.0,71.8,Fit
181.2,73.6,Fit
165.3,56.7,Fit
171.1,58.3,Fit
171.1,61.5,Fit
157.9,46.8,Fit
171.0,80.0,Obese
156.1,49.8,Fit
158.3,64.4,Obese
177.4,77.5,Fit
175.7,70.8,Fit
157.2,53.3,Fit
156.9,55.7,Fit
157.9,59.4,Fit
173.1,66.7,Fit
154.0,39.6,Fit
168.9,48.2,Fit
173.2,78.1,Obese
164.0,38.1,Fit
176.1,69.8,Fit
161.7,55.6,Fit
162.6,59.5,Fit
154.3,43.2,Fit
176.2,71.1,Fit
156.6,55.6,Fit
168.8,84.8,Obese
164.2,60.4,Fit
153.4,62.6,Obese
158.3,43.1,Fit
180.2,79.6,Fit
167.2,63.3,Fit
153.9,54.3,Fit
168.4,64.6,Fit
163.4,72.4,Obese
203.0,92.7,Fit
168.1,55.9,Fit
160.8,52.0,Fit
180.6,78.3,Fit
144.7,49.7,Fit
166.0,48.4,Fit
186.9,81.0,Fit
163.7,50.3,Fit
145.9,50.4,Fit
160.6,50.3,Fit
181.0,69.8,Fit
169.1,58.6,Fit
155.8,65.5,Obese
157.5,57.8,Fit
158.8,65.6,Obese
169.0,86.0,Obese
179.7,71.4,Fit
176.6,80.6,Obese
170.0,58.0,Fit
150.4,59.8,Obese
150.4,43.3,Fit
170.9,64.1,Fit
150.2,53.9,Fit
162.5,63.7,Fit
168.3,52.2,Fit
152.5,44.2,Fit
153.7,56.9,Fit
164.0,56.2,Fit
170.5,52.8,Fit
176.7,68.1,Fit
171.7,63.9,Fit
165.8,61.9,Fit
156.8,58.3,Fit
153.2,55.4,Fit
159.4,49.7,Fit
169.5,59.9,Fit
168.7,70.0,Fit
141.9,40.0,Fit
156.4,50.6,Fit
178.2,57.9,Fit
165.9,60.3,Fit
149.4,51.9,Fit
190.9,64.4,Fit
164.7,51.1,Fit
169.2,51.6,Fit
169.4,69.4,Fit
161.0,41.7,Fit
157.0,53.6,Fit
188.3,83.8,Fit
176.0,69.7,Fit
174.0,63.1,Fit
171.3,67.4,Fit
154.0,60.4,Obese
179.1,69.7,Fit
155.7,35.4,Fit
168.1,71.4,Obese
147.0,50.7,Fit
142.6,44.4,Fit
168.5,46.6,Fit
156.1,51.2,Fit
143.1,38.1,Fit
170.9,54.6,Fit
188.3,76.9,Fit
180.3,67.2,Fit
162.2,54.1,Fit
165.1,65.9,Fit
174.8,69.2,Fit
177.3,65.2,Fit
161.2,52.2,Fit
165.4,56.5,Fit
168.3,60.3,Fit
171.1,69.1,Fit
163.5,50.5,Fit
163.7,70.6,Obese
180.2,76.1,Fit
178.3,48.0,Fit
170.3,64.5,Fit
183.9,82.7,Fit
160.7,60.0,Fit
182.9,70.3,Fit
171.0,63.8,Fit
201.0,90.3,Fit
151.9,56.9,Fit
157.4,43.2,Fit
169.6,58.4,Fit
169.4,76.2,Obese
186.5,76.7,Fit
157.6,66.9,Obese
175.0,91.2,Obese
177.8,65.6,Fit
172.8,56.1,Fit
154.4,50.3,Fit
180.5,80.5,Fit
178.5,80.0,Obese
171.6,83.0,Obese
167.2,61.2,Fit
167.5,65.6,Fit
164.1,53.6,Fit
172.0,45.1,Fit
165.3,59.8,Fit
155.7,44.1,Fit
153.5,57.0,Fit
156.7,39.0,Fit
167.4,55.8,Fit
164.7,61.8,Fit
167.4,64.6,Fit
170.5,63.6,Fit
158.1,69.9,Obese
181.1,84.7,Obese
162.1,52.3,Fit
160.2,69.4,Obese
170.3,77.9,Obese
144.8,45.1,Fit
156.3,54.1,Fit
175.8,67.6,Fit
145.9,41.7,Fit
177.3,64.8,Fit
181.6,83.1,Obese
160.9,60.5,Fit
168.2,57.8,Fit
177.3,61.8,Fit
159.9,50.2,Fit
174.5,65.7,Fit
157.6,62.0,Fit
159.7,49.3,Fit
156.2,60.9,Fit
168.8,64.2,Fit
177.7,70.6,Fit
163.0,66.6,Obese
151.0,56.9,Fit
153.1,40.3,Fit
169.3,54.4,Fit
185.3,73.7,Fit
169.3,65.9,Fit
160.7,67.8,Obese
173.4,66.7,Fit
162.4,71.6,Obese
160.8,51.3,Fit
154.5,48.2,Fit
180.5,69.2,Fit
137.1,34.8,Fit
173.8,75.7,Obese
159.9,34.1,Fit
160.5,52.6,Fit
183.6,83.4,Fit
157.1,51.8,Fit
157.5,63.2,Obese
163.6,76.4,Obese
169.6,63.9,Fit
160.1,65.8,Obese
147.7,67.3,Obese
155.5,56.4,Fit
179.1,70.2,Fit
165.8,67.7,Fit
170.0,73.0,Obese
162.1,57.5,Fit
157.7,50.9,Fit
183.5,87.8,Obese
162.9,56.2,Fit
160.1,66.0,Obese
177.1,71.1,Fit
157.1,68.9,Obese
158.5,48.4,Fit
165.1,53.2,Fit
165.0,66.7,Fit
167.9,52.9,Fit
188.0,78.7,Fit
168.7,75.0,Obese
138.8,28.1,Fit
168.6,65.7,Fit
165.4,69.9,Obese
165.5,60.0,Fit
167.7,54.5,Fit
164.7,57.6,Fit
164.4,52.8,Fit
171.7,65.4,Fit
159.0,53.4,Fit
154.6,48.5,Fit
198.3,90.2,Fit
157.1,66.9,Obese
166.1,63.3,Fit
148.5,59.3,Obese
166.3,73.5,Obese
154.7,48.0,Fit
160.1,58.6,Fit
176.5,65.1,Fit
170.2,51.9,Fit
171.3,67.4,Fit
145.5,38.2,Fit
185.2,79.3,Fit
151.9,38.3,Fit
181.8,74.1,Fit
176.2,55.8,Fit
171.4,70.0,Fit
155.6,50.1,Fit
166.7,57.2,Fit
159.8,65.2,Obese
165.3,57.6,Fit
162.3,58.8,Fit
142.6,43.1,Fit
177.3,73.2,Fit
164.1,67.6,Obese
159.7,62.8,Fit
158.8,51.8,Fit
168.9,72.5,Obese
155.2,45.6,Fit
140.2,37.3,Fit
169.5,62.2,Fit
170.7,72.5,Fit
162.8,49.0,Fit
152.4,58.2,Obese
166.0,60.2,Fit
148.9,45.3,Fit
153.7,60.8,Obese
156.7,47.6,Fit
174.3,85.1,Obese
161.0,55.6,Fit
160.1,57.6,Fit
186.5,88.9,Obese
168.9,64.2,Fit
168.7,72.1,Obese
160.9,41.4,Fit
158.4,51.7,Fit
140.9,46.9,Fit
175.7,76.5,Fit
169.9,69.7,Fit
163.0,63.9,Fit
163.5,67.3,Obese
173.1,69.7,Fit
147.9,31.0,Fit
158.5,66.8,Obese
152.5,44.5,Fit
184.5,77.4,Fit
174.6,68.5,Fit
140.8,44.0,Fit
148.3,39.6,Fit
163.5,43.3,Fit
159.8,48.2,Fit
150.4,56.4,Fit
186.4,64.9,Fit
168.4,55.4,Fit
170.2,67.1,Fit
157.4,46.3,Fit
172.9,61.5,Fit
160.8,57.5,Fit
161.9,59.9,Fit
171.7,56.5,Fit
147.1,48.7,Fit
182.6,76.5,Fit
167.0,51.2,Fit
179.1,72.3,Fit
153.2,45.9,Fit
154.8,53.7,Fit
152.2,56.8,Fit
167.8,60.5,Fit
165.7,67.7,Fit
159.9,62.6,Fit
153.8,59.3,Obese
151.1,53.4,Fit
164.5,68.3,Obese
159.9,59.3,Fit
157.5,41.2,Fit
182.0,66.6,Fit
164.1,57.5,Fit
179.0,69.8,Fit
159.1,58.6,Fit
167.7,55.4,Fit
164.4,75.5,Obese
146.3,46.3,Fit
180.7,71.8,Fit
163.5,53.5,Fit
173.2,58.0,Fit
156.7,53.0,Fit
163.2,58.8,Fit
155.5,52.5,Fit
178.6,83.4,Obese
168.4,61.4,Fit
169.0,62.2,Fit
179.9,77.8,Fit
177.7,68.1,Fit
173.4,70.5,Fit
149.4,38.8,Fit
157.3,44.3,Fit
154.0,53.1,Fit
173.0,64.0,Fit
166.9,54.8,Fit
149.7,50.3,Fit
162.9,60.1,Fit
148.6,42.9,Fit
164.4,55.3,Fit
146.8,49.1,Fit
170.8,56.0,Fit
169.2,58.1,Fit
186.0,80.4,Fit
174.3,66.7,Fit
160.3,52.7,Fit
174.0,59.4,Fit
149.6,41.1,Fit
154.4,51.4,Fit
168.7,78.8,Obese
141.3,48.4,Fit
164.6,48.9,Fit
153.8,57.7,Fit
166.1,54.6,Fit
153.1,51.6,Fit
169.7,58.6,Fit
165.2,76.2,Obese
180.4,62.5,Fit
165.1,62.5,Fit
156.5,48.4,Fit
162.3,63.9,Fit
150.2,52.0,Fit
169.5,73.2,Obese
171.5,70.4,Fit
192.2,75.7,Fit
158.2,78.4,Obese
162.1,62.2,Fit
158.7,51.0,Fit
167.3,63.2,Fit
169.2,68.0,Fit
164.4,64.2,Fit
176.9,72.9,Fit
158.2,62.8,Obese
175.8,75.0,Fit
170.9,57.5,Fit
164.9,76.7,Obese
161.5,73.2,Obese
191.7,87.2,Fit
156.0,53.9,Fit
168.3,62.7,Fit
156.7,51.5,Fit
184.6,73.4,Fit
174.8,49.7,Fit
157.5,66.8,Obese
170.6,73.5,Obese
167.8,48.6,Fit
159.3,63.0,Fit
173.3,66.0,Fit
169.3,61.5,Fit
167.4,65.6,Fit
164.5,45.6,Fit
169.7,63.3,Fit
167.5,62.4,Fit
165.7,61.0,Fit
157.9,43.9,Fit
183.6,77.8,Fit
153.4,60.3,Obese
169.7,66.6,Fit
161.5,55.5,Fit
184.4,96.3,Obese
155.1,45.5,Fit
156.9,60.4,Fit
154.3,54.3,Fit
168.6,78.6,Obese
149.9,52.5,Fit
159.7,60.9,Fit
141.3,48.0,Fit
167.6,53.4,Fit
159.5,49.0,Fit
148.6,46.4,Fit
176.9,76.5,Fit
150.6,51.8,Fit
173.8,64.8,Fit
157.3,65.4,Obese
182.6,57.5,Fit
173.2,55.7,Fit
153.9,32.1,Fit
154.9,62.5,Obese
171.7,64.1,Fit
162.1,65.5,Fit
163.1,57.7,Fit
179.0,78.7,Fit
156.8,53.1,Fit
166.0,63.9,Fit
175.5,69.9,Fit
173.9,69.2,Fit
163.2,72.1,Obese
161.8,44.6,Fit
145.9,46.3,Fit
153.4,53.3,Fit
168.5,62.9,Fit
163.5,55.6,Fit
165.8,56.2,Fit
176.4,80.7,Obese
151.9,50.2,Fit
162.4,77.5,Obese
167.1,65.6,Fit
157.3,52.1,Fit
180.7,76.3,Fit
175.0,68.2,Fit
168.2,73.0,Obese
184.7,65.7,Fit
148.5,34.1,Fit
164.9,62.7,Fit
169.0,69.5,Fit
154.9,55.1,Fit
168.3,67.7,Fit
152.8,55.6,Fit
172.6,53.7,Fit
176.6,70.9,Fit
168.0,72.6,Obese
144.6,47.4,Fit
154.4,41.9,Fit
171.2,61.8,Fit
165.2,64.5,Fit
135.4,54.7,Obese
178.7,54.6,Fit
166.5,63.9,Fit
156.0,46.1,Fit
175.9,72.2,Fit
157.5,59.3,Fit
157.4,52.7,Fit
168.9,67.8,Fit
184.6,84.1,Fit
182.9,72.2,Fit
169.0,52.1,Fit
170.1,75.0,Obese
173.7,73.0,Fit
151.2,54.8,Fit
172.1,59.6,Fit
156.9,62.1,Obese
168.5,78.8,Obese
162.5,57.1,Fit
170.5,64.7,Fit
166.3,52.3,Fit
131.2,32.1,Fit
167.0,52.7,Fit
172.1,66.2,Fit
169.9,60.8,Fit
163.9,62.1,Fit
183.1,66.6,Fit
168.4,61.1,Fit
169.8,55.8,Fit
176.5,70.0,Fit
169.0,49.8,Fit
155.1,54.2,Fit
138.2,39.8,Fit
159.8,57.6,Fit
173.4,52.9,Fit
161.1,62.3,Fit
173.8,64.1,Fit
166.6,62.8,Fit
179.2,55.7,Fit
161.8,47.6,Fit
170.1,60.6,Fit
170.6,75.0,Obese
181.5,76.7,Fit
146.2,48.1,Fit
160.0,48.9,Fit
174.3,58.0,Fit
182.0,75.1,Fit
167.6,67.4,Fit
161.8,59.3,Fit
173.3,79.8,Obese
174.6,61.6,Fit
161.0,58.5,Fit
168.6,49.0,Fit
178.0,71.4,Fit
185.8,87.7,Obese
173.2,57.6,Fit
165.5,67.0,Fit
164.4,71.0,Obese
171.1,58.9,Fit
163.7,62.7,Fit
167.1,74.1,Obese
153.4,53.6,Fit
179.3,77.0,Fit
152.5,36.9,Fit
160.2,61.3,Fit
166.1,64.8,Fit
186.9,66.2,Fit
160.4,48.9,Fit
157.7,59.5,Fit
158.9,53.2,Fit
183.2,82.8,Fit
134.1,42.0,Fit
154.0,52.6,Fit
195.0,82.3,Fit
171.5,67.0,Fit
152.8,57.8,Fit
164.5,63.8,Fit
165.7,57.1,Fit
174.3,76.8,Obese
185.2,80.7,Fit
169.3,66.1,Fit
159.1,56.4,Fit
173.7,70.3,Fit
157.3,39.8,Fit
153.6,53.9,Fit
145.6,59.8,Obese
147.8,49.8,Fit
155.1,53.6,Fit
152.0,46.1,Fit
168.4,66.4,Fit
151.8,49.1,Fit
130.4,47.9,Obese
153.5,44.9,Fit
159.8,52.6,Fit
158.3,50.4,Fit
181.7,87.3,Obese
158.3,53.6,Fit
174.7,62.8,Fit
164.8,43.0,Fit
164.5,52.3,Fit
155.8,57.6,Fit
164.4,63.6,Fit
156.6,48.7,Fit
166.9,56.5,Fit
162.4,72.9,Obese
154.6,74.2,Obese
175.9,77.3,Fit
169.7,75.8,Obese
160.1,70.5,Obese
166.6,78.8,Obese
164.1,56.8,Fit
155.5,46.1,Fit
165.8,75.1,Obese
158.2,47.3,Fit
154.6,44.4,Fit
147.1,39.6,Fit
161.1,56.0,Fit
171.2,48.6,Fit
157.4,43.0,Fit
192.7,76.7,Fit
174.7,57.6,Fit
179.3,79.3,Fit
173.7,66.5,Fit
185.4,80.2,Fit
156.3,57.5,Fit
136.8,39.5,Fit
160.1,64.3,Obese
171.1,68.1,Fit
166.7,58.6,Fit
168.0,48.6,Fit
179.5,75.1,Fit
169.2,52.9,Fit
173.8,69.5,Fit
154.7,53.3,Fit
153.0,40.6,Fit
182.8,75.5,Fit
166.1,62.2,Fit
158.1,56.6,Fit
158.2,56.2,Fit
157.9,49.6,Fit
157.2,59.1,Fit
150.9,44.6,Fit
148.5,39.9,Fit
162.9,63.7,Fit
158.5,62.7,Fit
177.2,73.9,Fit
168.2,60.6,Fit
167.9,46.5,Fit
156.8,66.0,Obese
163.7,43.3,Fit
169.0,67.5,Fit
172.9,82.6,Obese
164.0,60.3,Fit
176.9,71.2,Fit
165.1,63.0,Fit
173.7,68.0,Fit
159.6,74.9,Obese
145.1,39.5,Fit
168.0,54.3,Fit
173.0,63.2,Fit
171.3,78.5,Obese
169.6,58.7,Fit
161.2,60.6,Fit
156.1,62.2,Obese
171.1,70.6,Fit
169.7,71.5,Fit
158.8,66.8,Obese
177.2,71.5,Fit
155.3,49.4,Fit
158.6,56.5,Fit
183.0,71.0,Fit
174.6,87.2,Obese
161.1,52.8,Fit
168.2,66.1,Fit
166.7,49.1,Fit
134.8,41.0,Fit
155.0,50.6,Fit
164.4,64.9,Fit
161.1,62.7,Fit
167.7,73.2,Obese
177.4,80.0,Obese
161.5,56.8,Fit
153.4,44.2,Fit
168.6,55.9,Fit
161.4,59.7,Fit
163.3,59.9,Fit
161.8,59.7,Fit
189.7,74.9,Fit
140.4,54.8,Obese
160.7,45.1,Fit
165.0,55.1,Fit
156.4,45.2,Fit
174.9,65.6,Fit
173.9,76.5,Obese
164.5,57.2,Fit
162.0,58.6,Fit
163.8,64.3,Fit
163.8,56.4,Fit
164.1,62.3,Fit
162.9,60.4,Fit
167.8,52.9,Fit
173.3,62.3,Fit
151.5,53.3,Fit
153.4,62.1,Obese
145.8,57.0,Obese
174.5,83.8,Obese
167.8,65.8,Fit
170.6,60.7,Fit
149.3,48.5,Fit
184.6,74.1,Fit
158.3,51.9,Fit
166.9,64.3,Fit
174.4,70.3,Fit
154.1,42.9,Fit
159.0,64.3,Obese
167.0,46.6,Fit
196.4,83.1,Fit
168.3,71.5,Obese
182.7,78.3,Fit
178.3,67.1,Fit
169.0,78.6,Obese
154.1,48.7,Fit
176.7,52.6,Fit
148.5,52.2,Fit
182.6,59.1,Fit
167.2,54.9,Fit
135.8,45.6,Fit
161.3,53.5,Fit
172.2,69.9,Fit
162.4,48.8,Fit
172.9,72.6,Fit
155.6,39.8,Fit
150.6,60.5,Obese
164.2,55.5,Fit
165.3,72.4,Obese
161.2,50.4,Fit
178.5,85.5,Obese
155.6,45.6,Fit
168.4,48.1,Fit
165.7,60.8,Fit
147.9,58.0,Obese
150.5,56.2,Fit
165.1,69.3,Obese
186.8,83.2,Fit
171.4,58.0,Fit
146.0,53.0,Fit
130.8,38.4,Fit
173.1,60.2,Fit
163.9,60.6,Fit
177.6,68.9,Fit
155.3,64.4,Obese
168.9,58.6,Fit
174.3,62.4,Fit
160.1,50.8,Fit
160.3,71.7,Obese
165.3,55.0,Fit
171.0,74.7,Obese
164.8,51.5,Fit
175.7,72.0,Fit
159.9,58.4,Fit
150.4,59.6,Obese
186.7,85.4,Fit
158.3,55.8,Fit
158.7,51.1,Fit
164.3,72.4,Obese
165.7,55.3,Fit
160.7,38.7,Fit
164.8,44.9,Fit
164.6,46.7,Fit
166.9,66.1,Fit
139.1,60.3,Obese
185.7,59.5,Fit
163.4,52.5,Fit
171.4,65.3,Fit
149.8,61.8,Obese
159.8,49.9,Fit
157.6,59.4,Fit
181.2,70.2,Fit
158.6,76.2,Obese
173.3,67.3,Fit
157.8,57.7,Fit
160.0,57.0,Fit
162.3,54.6,Fit
179.1,78.2,Fit
144.2,36.5,Fit
150.5,33.8,Fit
143.6,44.2,Fit
153.0,58.0,Fit
156.1,48.9,Fit
147.2,49.2,Fit
156.9,44.4,Fit
142.8,53.4,Obese
153.8,57.3,Fit
178.2,70.0,Fit
169.4,64.5,Fit
167.1,50.3,Fit
154.0,41.4,Fit
148.1,47.3,Fit
152.5,55.3,Fit
164.5,64.1,Fit
174.5,64.1,Fit
174.9,73.3,Fit
171.9,76.4,Obese
156.9,53.4,Fit
165.3,62.6,Fit
161.5,55.7,Fit
162.8,57.3,Fit
187.4,78.6,Fit
145.6,60.3,Obese
162.4,65.4,Fit
178.3,76.6,Fit
148.9,45.1,Fit
157.9,47.7,Fit
159.2,58.9,Fit
162.5,68.1,Obese
147.4,61.6,Obese
171.5,45.1,Fit
172.3,84.9,Obese
170.6,67.4,Fit
155.4,60.4,Obese
166.0,46.7,Fit
155.1,51.0,Fit
161.3,63.9,Fit
188.7,68.9,Fit
166.1,37.6,Fit
151.9,53.5,Fit
167.0,60.9,Fit
150.1,61.1,Obese
151.8,49.4,Fit
153.5,51.2,Fit
160.1,62.0,Fit
175.3,75.9,Fit
171.4,58.9,Fit
170.8,71.7,Fit
152.9,47.3,Fit
159.0,55.8,Fit
168.0,67.5,Fit
158.1,61.7,Fit
161.9,60.2,Fit
169.9,54.8,Fit
161.2,42.2,Fit
167.5,60.2,Fit
182.5,81.1,Fit
163.1,62.1,Fit
178.0,71.6,Fit
171.2,64.4,Fit
148.9,51.2,Fit
152.9,43.5,Fit
155.8,59.7,Fit
155.6,60.0,Fit
164.0,56.3,Fit
171.8,68.4,Fit
178.8,56.6,Fit
168.4,63.8,Fit
160.1,55.3,Fit
142.1,54.5,Obese
165.8,58.9,Fit
165.3,67.1,Fit
167.0,58.2,Fit
188.2,59.6,Fit
178.6,68.4,Fit
173.6,67.9,Fit
154.4,53.7,Fit
159.4,57.2,Fit
164.0,55.1,Fit
156.5,51.3,Fit
170.5,54.9,Fit
168.9,46.8,Fit
153.0,50.7,Fit
178.2,63.9,Fit
166.1,69.4,Obese
146.0,29.4,Fit
164.4,61.8,Fit
168.1,79.1,Obese
175.7,66.5,Fit
161.3,57.2,Fit
174.1,70.1,Fit
167.1,65.4,Fit
150.5,46.6,Fit
149.4,41.1,Fit
177.3,74.4,Fit
178.2,54.6,Fit
168.6,69.2,Fit
181.5,69.3,Fit
176.6,68.7,Fit
172.5,61.3,Fit
155.0,64.3,Obese
184.0,76.5,Fit
170.9,61.7,Fit
160.8,54.1,Fit
157.6,53.5,Fit
167.8,81.1,Obese
146.6,36.8,Fit
172.7,74.3,Fit
154.5,57.1,Fit
169.1,75.2,Obese
159.3,60.8,Fit
162.1,57.8,Fit
156.7,62.2,Obese
163.2,60.5,Fit
185.8,82.0,Fit
180.2,82.9,Obese
168.9,63.5,Fit
164.7,56.3,Fit
174.3,61.7,Fit
177.4,72.9,Fit
155.9,46.4,Fit
164.1,56.5,Fit
145.0,38.5,Fit
177.4,73.3,Fit
187.7,71.5,Fit
165.9,50.2,Fit
141.6,35.2,Fit
171.7,60.3,Fit
155.1,49.1,Fit
157.7,56.7,Fit
171.9,63.7,Fit
167.8,64.9,Fit
159.6,59.7,Fit
157.9,60.7,Fit
166.4,45.6,Fit
160.5,47.7,Fit
152.8,55.8,Fit
161.3,59.0,Fit
168.7,70.5,Fit
163.0,46.1,Fit
149.5,45.3,Fit
175.9,65.7,Fit
134.9,41.4,Fit
160.1,56.7,Fit
158.2,58.8,Fit
166.6,60.2,Fit
171.2,75.4,Obese
177.4,82.8,Obese
157.2,45.4,Fit
171.5,65.0,Fit
167.2,67.9,Fit
146.2,51.7,Fit
185.9,72.8,Fit
149.2,51.0,Fit
169.6,50.6,Fit
169.3,62.9,Fit
168.0,50.4,Fit
159.6,60.1,Fit
174.1,57.8,Fit
147.8,49.4,Fit
164.3,61.9,Fit
158.8,56.1,Fit
157.5,49.6,Fit
169.7,61.7,Fit
176.9,78.3,Obese
161.2,53.8,Fit
173.6,66.5,Fit
165.5,55.8,Fit
155.2,61.1,Obese
162.2,58.5,Fit
161.7,51.4,Fit
157.3,54.5,Fit
169.7,61.4,Fit
167.6,72.9,Obese
147.5,47.5,Fit
146.8,36.4,Fit
169.7,67.3,Fit
156.0,67.8,Obese
168.3,71.9,Obese
173.6,57.5,Fit
151.0,48.0,Fit
149.5,48.9,Fit
183.4,73.9,Fit
168.9,65.8,Fit
160.4,53.8,Fit
154.7,45.3,Fit
159.4,63.5,Fit
151.9,41.8,Fit
174.7,60.7,Fit
156.5,44.8,Fit
177.0,73.8,Fit
160.6,57.6,Fit
153.5,58.9,Fit
160.3,50.3,Fit
136.1,30.7,Fit
163.7,55.4,Fit
163.1,57.1,Fit
174.1,68.3,Fit
144.3,32.3,Fit
177.8,73.4,Fit
174.0,59.5,Fit
178.8,65.1,Fit
164.4,68.9,Obese
176.2,50.8,Fit
148.8,51.3,Fit
172.8,68.3,Fit
156.5,47.3,Fit
146.8,43.9,Fit
152.6,61.0,Obese
165.1,75.6,Obese
155.9,62.0,Obese
169.1,78.0,Obese
145.1,40.8,Fit
141.6,31.5,Fit
180.1,70.9,Fit
174.9,73.8,Fit
153.5,37.0,Fit
165.0,52.5,Fit
176.2,61.8,Fit
169.6,66.1,Fit
166.6,62.9,Fit
177.0,62.8,Fit
157.0,55.6,Fit
165.3,51.0,Fit
164.8,56.3,Fit
162.0,47.6,Fit
160.7,55.6,Fit
165.8,54.1,Fit
165.4,65.7,Fit
153.5,51.6,Fit
173.8,64.7,Fit
154.3,66.5,Obese
162.6,61.2,Fit
161.8,54.6,Fit
168.9,58.1,Fit
141.7,34.7,Fit
174.8,66.7,Fit
157.6,57.1,Fit
178.4,54.7,Fit
159.7,45.2,Fit
164.5,55.4,Fit
186.1,67.4,Fit
161.9,58.0,Fit
178.6,71.7,Fit
165.4,59.2,Fit
169.6,67.7,Fit
165.8,55.8,Fit
174.3,66.5,Fit
157.5,46.5,Fit
154.2,54.6,Fit
158.0,55.5,Fit
166.1,51.1,Fit
162.6,56.9,Fit
172.8,65.4,Fit
179.4,73.0,Fit
154.3,54.9,Fit
156.9,48.4,Fit
149.2,55.1,Fit
187.3,81.4,Fit
168.4,56.6,Fit
170.3,54.6,Fit
150.3,44.5,Fit
165.0,48.1,Fit
170.6,65.7,Fit
162.2,67.4,Obese
176.8,80.2,Obese
190.4,71.1,Fit
154.6,58.9,Fit
153.8,52.7,Fit
155.3,33.9,Fit
182.7,70.7,Fit
176.5,65.0,Fit
163.5,68.5,Obese
165.4,53.2,Fit
156.0,58.1,Fit
174.8,66.4,Fit
160.8,45.3,Fit
162.1,53.4,Fit
171.7,77.1,Obese
162.9,57.0,Fit
162.4,65.3,Fit
165.1,66.8,Fit
173.7,62.8,Fit
183.1,63.5,Fit
171.4,55.4,Fit
173.8,78.1,Obese
162.8,59.5,Fit
157.2,40.5,Fit
172.2,71.9,Fit
166.9,47.0,Fit
149.4,42.5,Fit
161.4,58.0,Fit
164.1,79.4,Obese
159.4,62.4,Fit
181.3,68.5,Fit
170.3,64.0,Fit
180.1,78.7,Fit
167.9,73.4,Obese
165.9,58.6,Fit
154.7,50.9,Fit
165.1,53.3,Fit
165.1,65.3,Fit
150.0,57.7,Obese
159.1,40.2,Fit
161.4,54.2,Fit
169.5,53.5,Fit
170.1,64.8,Fit
158.6,45.4,Fit
170.2,53.1,Fit
163.0,67.4,Obese
133.4,37.8,Fit
159.7,55.6,Fit
176.9,72.3,Fit
146.5,55.0,Obese
166.2,57.4,Fit
182.4,70.1,Fit
156.6,50.8,Fit
165.0,68.6,Obese
150.7,49.4,Fit
182.9,71.3,Fit
164.1,62.4,Fit
165.5,74.9,Obese
179.9,71.8,Fit
172.3,63.1,Fit
155.4,68.7,Obese
157.9,65.5,Obese
170.4,73.4,Obese
158.1,51.0,Fit
141.7,39.4,Fit
164.4,44.8,Fit
148.7,56.4,Obese
182.8,74.1,Fit
166.9,46.9,Fit
155.0,62.5,Obese
157.3,51.7,Fit
144.2,44.0,Fit
152.9,39.3,Fit
176.2,72.2,Fit
189.5,83.1,Fit
173.0,65.5,Fit
164.0,55.8,Fit
160.2,77.5,Obese
154.5,42.9,Fit
187.7,71.7,Fit
162.9,64.1,Fit
188.3,69.9,Fit
180.3,62.8,Fit
145.9,55.9,Obese
157.7,59.5,Fit
157.6,58.5,Fit
164.1,60.7,Fit
164.3,53.9,Fit
198.0,84.2,Fit
153.2,51.0,Fit
167.5,68.5,Fit
171.8,68.3,Fit
165.0,52.5,Fit
166.2,67.1,Fit
153.5,38.4,Fit
166.2,58.2,Fit
170.6,54.9,Fit
168.6,55.7,Fit
171.3,79.9,Obese
180.5,59.9,Fit
175.3,61.1,Fit
165.8,64.5,Fit
152.1,47.1,Fit
158.4,56.4,Fit
162.6,69.6,Obese
167.8,67.2,Fit
159.7,52.4,Fit
154.7,51.6,Fit
151.9,55.0,Fit
146.8,52.5,Fit
162.4,58.2,Fit
148.8,51.6,Fit
154.0,55.1,Fit
160.7,56.1,Fit
150.3,44.9,Fit
169.2,68.9,Fit
173.1,68.3,Fit
159.0,38.9,Fit
160.2,49.8,Fit
170.9,60.4,Fit
157.1,52.7,Fit
156.4,63.4,Obese
178.2,95.4,Obese
174.7,47.5,Fit
171.6,67.2,Fit
175.2,68.1,Fit
143.2,43.7,Fit
179.9,75.5,Fit
169.3,64.3,Fit
176.1,65.3,Fit
169.3,63.3,Fit
165.5,64.7,Fit
162.0,61.4,Fit
169.0,64.4,Fit
161.6,52.8,Fit
174.5,89.6,Obese
147.5,50.8,Fit
159.0,61.7,Fit
187.5,73.3,Fit
158.1,56.5,Fit
162.4,59.5,Fit
155.3,37.8,Fit
168.7,56.9,Fit
156.9,48.3,Fit
163.0,53.6,Fit
174.3,58.3,Fit
157.3,54.8,Fit
173.7,77.5,Obese
174.0,67.7,Fit
176.6,59.2,Fit
166.5,52.8,Fit
200.7,85.6,Fit
176.6,57.3,Fit
168.6,65.0,Fit
155.4,63.9,Obese
163.9,54.5,Fit
180.7,72.4,Fit
183.8,70.9,Fit
181.3,67.2,Fit
173.6,67.8,Fit
151.2,45.0,Fit
170.4,57.4,Fit
151.3,37.4,Fit
148.6,49.1,Fit
167.6,70.4,Obese
170.8,69.8,Fit
174.9,79.3,Obese
170.5,58.5,Fit
170.8,71.0,Fit
154.2,43.5,Fit
163.8,64.7,Fit
148.4,61.6,Obese
143.0,49.0,Fit
173.1,79.3,Obese
156.7,49.2,Fit
174.6,66.0,Fit
177.2,61.7,Fit
158.2,55.3,Fit
171.5,66.9,Fit
157.7,54.9,Fit
144.7,42.3,Fit
166.4,57.0,Fit
159.8,59.0,Fit
160.2,55.2,Fit
186.7,67.5,Fit
148.2,33.2,Fit
169.2,58.2,Fit
154.1,41.2,Fit
175.0,60.7,Fit
168.3,58.9,Fit
169.2,61.8,Fit
154.6,47.3,Fit
156.6,71.5,Obese
175.2,57.4,Fit
184.5,84.5,Fit
170.3,62.5,Fit
155.1,47.7,Fit
168.7,67.3,Fit
191.7,77.2,Fit
166.1,54.3,Fit
181.1,86.5,Obese
156.9,36.6,Fit
164.5,57.6,Fit
171.8,66.5,Fit
169.4,74.4,Obese
156.6,50.7,Fit
156.1,74.9,Obese
175.9,74.1,Fit
178.1,50.9,Fit
181.6,61.0,Fit
184.8,77.1,Fit
166.5,51.8,Fit
161.6,61.8,Fit
179.9,67.5,Fit
172.8,56.2,Fit
154.2,44.6,Fit
153.6,58.7,Fit
170.4,47.7,Fit
163.0,66.8,Obese
164.7,68.3,Obese
176.8,66.1,Fit
173.3,54.9,Fit
179.6,75.4,Fit
143.8,41.6,Fit
167.8,49.8,Fit
172.6,80.8,Obese
148.2,41.2,Fit
157.8,43.0,Fit
155.8,55.7,Fit
165.2,59.5,Fit
182.9,85.5,Obese
187.2,74.1,Fit
156.0,50.6,Fit
170.8,66.9,Fit
171.1,66.0,Fit
169.3,64.9,Fit
169.4,65.3,Fit
168.3,63.7,Fit
183.6,70.8,Fit
177.1,75.7,Fit
153.3,48.8,Fit
173.8,72.9,Fit
174.8,78.3,Obese
168.5,57.0,Fit
177.4,88.5,Obese
167.1,55.7,Fit
167.2,55.9,Fit
166.3,65.2,Fit
142.8,48.4,Fit
164.1,59.8,Fit
157.6,61.2,Fit
151.9,52.8,Fit
180.8,88.4,Obese
170.5,63.6,Fit
164.7,52.8,Fit
158.8,51.1,Fit
168.3,66.1,Fit
175.9,72.0,Fit
155.9,55.1,Fit
164.9,53.1,Fit
174.5,75.9,Fit
143.7,60.9,Obese
164.4,59.7,Fit
160.3,71.0,Obese
163.5,65.8,Fit
159.5,73.7,Obese
166.5,64.8,Fit
186.2,77.3,Fit
161.4,64.1,Fit
168.2,58.8,Fit
186.9,80.1,Fit
158.9,66.2,Obese
185.0,81.8,Fit
165.1,59.7,Fit
184.6,76.6,Fit
173.3,72.1,Fit
168.4,68.2,Fit
164.3,65.4,Fit
158.1,57.7,Fit
165.8,53.9,Fit
174.9,62.0,Fit
164.9,63.5,Fit
161.5,64.0,Fit
162.2,63.5,Fit
175.9,62.7,Fit
178.5,68.9,Fit
157.7,45.3,Fit
157.6,43.5,Fit
169.2,63.6,Fit
181.8,83.6,Obese
177.6,70.2,Fit
151.2,65.6,Obese
162.1,56.5,Fit
154.8,52.9,Fit
162.1,49.8,Fit
182.6,70.6,Fit
149.4,39.6,Fit
147.2,35.3,Fit
155.9,44.1,Fit
168.2,62.9,Fit
171.8,59.1,Fit
169.8,59.4,Fit
177.9,72.9,Fit
145.6,34.3,Fit
178.1,70.4,Fit
161.6,64.2,Fit
173.0,73.4,Fit
150.4,53.9,Fit
165.1,59.5,Fit
167.6,56.8,Fit
177.7,68.8,Fit
147.6,61.1,Obese
165.3,62.3,Fit
153.1,50.7,Fit
170.6,68.5,Fit
173.5,66.7,Fit
179.2,72.4,Fit
159.1,53.7,Fit
175.2,64.2,Fit
180.0,79.2,Fit
146.9,31.9,Fit
171.7,68.7,Fit
175.5,64.0,Fit
162.2,42.6,Fit
151.7,42.8,Fit
175.4,67.4,Fit
151.8,51.5,Fit
163.0,64.4,Fit
164.6,66.0,Fit
172.9,53.4,Fit
158.1,58.0,Fit
157.5,60.4,Fit
166.1,62.4,Fit
176.1,72.2,Fit
190.2,64.1,Fit
148.4,40.5,Fit
168.5,73.4,Obese
153.0,49.3,Fit
176.2,86.1,Obese
154.7,42.4,Fit
157.6,67.1,Obese
158.5,50.4,Fit
164.2,66.2,Fit
168.6,60.1,Fit
170.3,64.7,Fit
164.9,64.6,Fit
150.4,44.8,Fit
173.0,72.3,Fit
164.4,57.3,Fit
177.8,71.0,Fit
157.2,33.2,Fit
147.4,45.1,Fit
164.6,69.7,Obese
179.3,76.2,Fit
166.8,68.3,Fit
162.8,58.7,Fit
155.4,66.6,Obese
184.3,77.1,Fit
153.7,46.7,Fit
157.0,61.1,Fit
171.3,71.9,Fit
144.6,51.0,Fit
179.0,67.3,Fit
171.9,67.2,Fit
174.9,78.4,Obese
171.1,68.3,Fit
163.2,46.8,Fit
153.3,46.7,Fit
163.5,53.4,Fit
154.3,46.3,Fit
170.3,47.0,Fit
173.9,81.6,Obese
181.2,65.3,Fit
169.1,56.5,Fit
175.2,52.0,Fit
161.7,64.5,Fit
159.7,55.4,Fit
170.2,60.9,Fit
160.7,54.5,Fit
168.0,66.8,Fit
153.3,47.9,Fit
155.3,37.2,Fit
172.0,54.7,Fit
174.8,56.4,Fit
154.2,54.5,Fit
172.4,72.8,Fit
159.1,67.4,Obese
165.2,46.9,Fit
180.6,76.7,Fit
173.9,61.6,Fit
173.8,89.8,Obese
186.0,87.2,Obese
157.3,68.0,Obese
154.2,58.7,Fit
157.1,57.3,Fit
162.2,54.7,Fit
139.1,37.8,Fit
162.7,51.8,Fit
159.0,60.6,Fit
173.6,78.8,Obese
168.9,59.9,Fit
158.4,49.4,Fit
171.5,52.8,Fit
173.0,67.8,Fit
156.5,63.7,Obese
159.6,66.3,Obese
140.5,54.5,Obese
153.0,54.8,Fit
156.8,54.8,Fit
165.8,70.7,Obese
154.6,43.7,Fit
159.4,52.3,Fit
151.5,64.2,Obese
166.9,52.7,Fit
169.7,63.1,Fit
169.4,68.2,Fit
165.1,60.7,Fit
148.0,57.4,Obese
158.2,67.3,Obese
160.5,60.5,Fit
160.6,67.8,Obese
165.8,53.1,Fit
180.7,70.6,Fit
173.9,85.8,Obese
154.1,67.8,Obese
172.5,55.2,Fit
172.0,65.0,Fit
156.1,54.7,Fit
174.3,70.2,Fit
163.2,68.8,Obese
149.5,63.9,Obese
170.0,63.9,Fit
167.4,70.6,Obese
162.5,63.3,Fit
164.6,59.4,Fit
157.1,40.7,Fit
171.7,73.0,Fit
164.5,64.4,Fit
166.8,64.3,Fit
168.9,54.9,Fit
152.3,66.7,Obese
155.2,54.2,Fit
140.7,34.4,Fit
171.2,54.1,Fit
151.7,56.0,Fit
166.5,66.6,Fit
169.1,59.2,Fit
171.6,68.5,Fit
151.8,56.0,Fit
164.3,60.5,Fit
183.4,68.4,Fit
183.9,82.1,Fit
175.9,74.7,Fit
168.7,67.2,Fit
153.9,45.5,Fit
172.9,55.1,Fit
163.3,59.3,Fit
171.2,71.9,Fit
158.0,63.3,Obese
163.1,63.2,Fit
166.8,57.6,Fit
167.7,55.4,Fit
170.4,63.8,Fit
158.6,55.3,Fit
150.2,58.5,Obese
182.9,69.7,Fit
192.4,78.3,Fit
169.9,80.0,Obese
150.4,62.2,Obese
156.5,46.8,Fit
170.6,75.8,Obese
179.8,62.1,Fit
151.7,47.1,Fit
163.6,56.3,Fit
167.2,60.8,Fit
174.5,72.0,Fit
161.2,58.0,Fit
147.8,53.0,Fit
171.8,61.7,Fit
177.4,72.2,Fit
164.1,59.9,Fit
169.5,52.1,Fit
159.8,60.0,Fit
155.7,54.1,Fit
176.3,62.7,Fit
169.3,59.6,Fit
170.4,60.7,Fit
181.5,70.5,Fit
153.4,65.8,Obese
158.9,72.3,Obese
166.7,39.4,Fit
158.8,59.4,Fit
173.6,74.0,Fit
162.9,56.7,Fit
154.1,59.7,Obese
165.7,73.7,Obese
166.9,50.3,Fit
175.3,68.7,Fit
169.3,78.7,Obese
170.1,53.7,Fit
168.5,61.6,Fit
162.9,54.8,Fit
157.1,62.7,Obese
168.2,71.8,Obese
161.3,58.6,Fit
183.6,74.4,Fit
179.8,57.3,Fit
172.0,76.4,Obese
169.2,60.1,Fit
164.0,58.1,Fit
151.1,58.0,Obese
162.6,59.8,Fit
166.1,68.7,Fit
167.5,66.6,Fit
170.2,65.3,Fit
175.1,70.0,Fit
157.4,45.5,Fit
157.5,53.4,Fit
181.0,80.7,Fit
173.5,59.0,Fit
160.7,51.1,Fit
163.8,52.0,Fit
163.9,60.3,Fit
165.3,71.4,Obese
170.2,68.1,Fit
192.9,64.4,Fit
167.1,66.6,Fit
172.3,61.8,Fit
146.4,51.3,Fit
159.7,54.9,Fit
178.5,63.2,Fit
169.4,62.6,Fit
116.7,26.4,Fit
172.4,67.9,Fit
186.1,69.1,Fit
143.0,36.0,Fit
181.7,78.5,Fit
134.5,48.7,Obese
175.3,72.3,Fit
164.9,54.6,Fit
139.2,36.7,Fit
169.9,58.1,Fit
177.7,76.6,Fit
169.0,56.2,Fit
171.4,71.7,Fit
160.5,61.7,Fit
144.5,55.9,Obese
172.6,74.1,Fit
184.2,79.0,Fit
177.4,57.5,Fit
143.1,50.0,Fit
148.3,49.3,Fit
155.7,50.3,Fit
147.5,58.7,Obese
165.5,59.0,Fit
169.3,58.8,Fit
149.3,58.0,Obese
173.5,63.0,Fit
171.6,60.2,Fit
159.0,46.6,Fit
163.1,52.0,Fit
143.6,39.5,Fit
161.3,62.2,Fit
165.1,51.8,Fit
166.9,46.4,Fit
169.2,65.4,Fit
167.7,56.8,Fit
162.1,57.7,Fit
168.1,72.5,Obese
176.0,68.7,Fit
163.9,71.2,Obese
168.5,61.9,Fit
163.0,66.5,Obese
157.9,50.5,Fit
170.8,65.0,Fit
158.9,48.1,Fit
169.2,56.5,Fit
165.3,58.3,Fit
161.7,46.9,Fit
161.4,58.6,Fit
159.4,53.5,Fit
146.9,49.3,Fit
169.2,52.5,Fit
167.5,67.4,Fit
174.3,80.5,Obese
159.2,67.6,Obese
185.8,91.2,Obese
160.8,57.2,Fit
155.4,50.3,Fit
154.1,56.1,Fit
145.9,44.9,Fit
181.9,58.8,Fit
180.1,77.9,Fit
171.6,62.9,Fit
155.1,41.2,Fit
184.9,71.2,Fit
161.1,55.4,Fit
162.0,57.9,Fit
180.8,72.1,Fit
172.2,76.2,Obese
189.2,68.5,Fit
167.7,60.7,Fit
160.6,49.7,Fit
158.3,65.2,Obese
144.7,41.6,Fit
161.9,54.9,Fit
177.6,77.8,Fit
171.6,75.4,Obese
165.2,71.8,Obese
154.1,39.1,Fit
167.5,65.6,Fit
176.1,70.4,Fit
169.7,63.0,Fit
166.8,61.8,Fit
156.2,64.0,Obese
174.5,75.3,Fit
130.5,44.7,Obese
169.2,64.6,Fit
193.3,100.3,Obese
148.4,45.2,Fit
162.3,45.1,Fit
164.9,57.7,Fit
159.9,56.7,Fit
176.4,78.9,Obese
170.2,59.6,Fit
166.7,65.0,Fit
173.8,54.6,Fit
165.2,68.7,Obese
200.0,88.5,Fit
166.7,58.9,Fit
167.1,78.5,Obese
146.2,55.6,Obese
159.0,47.3,Fit
177.6,68.5,Fit
150.3,71.6,Obese
141.3,59.7,Obese
165.4,67.5,Fit
180.1,56.6,Fit
165.5,70.9,Obese
161.3,52.2,Fit
144.6,56.6,Obese
170.0,57.8,Fit
172.3,69.2,Fit
145.4,41.4,Fit
177.5,66.4,Fit
173.4,71.1,Fit
177.5,58.7,Fit
171.4,83.6,Obese
172.2,57.0,Fit
170.7,55.5,Fit
174.6,72.0,Fit
145.0,56.6,Obese
148.5,45.9,Fit
156.9,45.6,Fit
163.6,51.5,Fit
169.3,54.8,Fit
168.6,65.0,Fit
177.3,68.6,Fit
177.6,72.8,Fit
155.4,56.0,Fit
167.6,68.4,Fit
155.7,50.0,Fit
162.9,52.5,Fit
168.5,63.7,Fit
127.5,35.3,Fit
191.5,82.7,Fit
171.2,58.8,Fit
158.4,60.4,Fit
186.2,66.8,Fit
161.2,53.6,Fit
166.5,70.0,Obese
159.6,47.0,Fit
183.2,82.2,Fit
163.8,47.8,Fit
166.6,48.4,Fit
178.2,57.9,Fit
171.4,65.6,Fit
164.4,65.3,Fit
177.2,79.4,Obese
192.9,91.6,Fit
168.5,69.4,Fit
166.3,54.2,Fit
166.9,54.5,Fit
179.4,77.1,Fit
158.4,66.6,Obese
161.9,49.4,Fit
148.1,58.6,Obese
152.0,35.5,Fit
159.3,59.0,Fit
164.4,58.6,Fit
184.5,73.2,Fit
170.9,64.5,Fit
155.0,46.0,Fit
157.0,57.8,Fit
180.1,71.9,Fit
177.4,76.7,Fit
165.3,72.8,Obese
160.1,57.4,Fit
177.4,62.7,Fit
154.1,43.1,Fit
169.3,76.7,Obese
190.0,92.0,Obese
167.3,68.6,Fit
156.5,54.3,Fit
169.5,69.7,Fit
159.8,66.6,Obese
149.7,44.3,Fit
172.7,65.9,Fit
177.3,60.3,Fit
161.6,56.4,Fit
160.9,69.3,Obese
154.4,61.1,Obese
163.4,59.8,Fit
158.8,33.9,Fit
153.9,46.8,Fit
185.8,76.8,Fit
170.1,62.0,Fit
171.3,64.8,Fit
174.7,69.1,Fit
173.5,61.9,Fit
160.5,56.6,Fit
168.0,60.9,Fit
162.0,52.1,Fit
169.8,78.2,Obese
168.8,58.8,Fit
160.8,38.8,Fit
150.4,64.0,Obese
166.6,54.3,Fit
162.8,65.5,Fit
144.2,40.3,Fit
170.6,68.6,Fit
175.6,67.5,Fit
192.8,89.8,Fit
160.7,55.1,Fit
159.1,50.4,Fit
152.8,53.4,Fit
167.3,58.5,Fit
167.2,46.1,Fit
156.1,48.8,Fit
163.1,81.5,Obese
143.2,30.6,Fit
175.2,69.4,Fit
156.5,52.0,Fit
164.6,74.3,Obese
149.3,40.2,Fit
158.6,56.1,Fit
161.9,63.2,Fit
164.9,58.4,Fit
170.3,57.6,Fit
180.8,71.8,Fit
173.1,63.4,Fit
175.6,65.3,Fit
180.9,79.4,Fit
171.3,67.8,Fit
164.6,64.0,Fit
176.1,70.9,Fit
176.8,76.4,Fit
172.1,75.6,Obese
149.0,46.5,Fit
155.7,59.9,Fit
162.0,47.4,Fit
173.6,48.3,Fit
164.8,74.3,Obese
177.5,66.7,Fit
179.5,72.9,Fit
178.2,60.1,Fit
178.3,59.7,Fit
153.6,46.2,Fit
170.3,69.0,Fit
158.3,51.0,Fit
146.9,44.8,Fit
161.8,51.7,Fit
179.6,80.3,Fit
170.1,70.6,Fit
187.2,73.2,Fit
166.9,66.8,Fit
191.9,79.1,Fit
167.0,58.6,Fit
165.2,59.7,Fit
150.9,55.3,Fit
177.2,62.0,Fit
159.5,60.0,Fit
157.9,74.8,Obese
179.1,72.0,Fit
177.7,69.8,Fit
177.5,68.6,Fit
161.0,60.9,Fit
164.4,46.6,Fit
164.3,73.0,Obese
173.6,74.2,Fit
182.1,67.8,Fit
169.0,63.1,Fit
186.7,72.2,Fit
174.9,69.7,Fit
162.4,58.5,Fit
174.1,68.5,Fit
183.8,66.1,Fit
187.0,73.1,Fit
178.1,78.9,Fit
165.3,55.8,Fit
162.6,37.0,Fit
171.3,63.4,Fit
183.4,93.3,Obese
169.8,70.2,Fit
170.0,58.9,Fit
165.6,59.9,Fit
161.4,62.7,Fit
163.2,44.6,Fit
166.5,54.1,Fit
183.9,77.6,Fit
162.4,70.8,Obese
165.6,56.8,Fit
155.5,65.7,Obese
172.9,59.7,Fit
180.0,44.2,Fit
182.9,79.5,Fit
167.2,65.9,Fit
171.3,70.5,Fit
163.3,64.3,Fit
170.8,65.7,Fit
168.5,60.4,Fit
165.6,58.6,Fit
166.5,57.3,Fit
170.0,60.4,Fit
161.8,43.1,Fit
162.3,48.3,Fit
183.8,73.0,Fit
194.8,65.6,Fit
151.8,34.6,Fit
151.1,47.6,Fit
154.5,51.5,Fit
163.9,56.6,Fit
174.9,48.2,Fit
171.5,77.1,Obese
166.9,49.8,Fit
170.8,57.6,Fit
157.4,44.4,Fit
162.3,68.4,Obese
164.8,63.1,Fit
147.6,44.1,Fit
152.2,46.6,Fit
152.7,52.7,Fit
173.4,56.2,Fit
167.7,64.9,Fit
171.7,60.5,Fit
144.8,50.3,Fit
148.7,52.5,Fit
172.3,60.6,Fit
134.4,23.3,Fit
178.5,68.1,Fit
144.9,34.6,Fit
174.3,67.4,Fit
155.2,51.0,Fit
176.5,63.9,Fit
200.3,77.9,Fit
140.0,52.6,Obese
172.6,61.9,Fit
145.1,65.2,Obese
169.7,63.6,Fit
162.7,61.1,Fit
166.4,61.2,Fit
155.0,55.6,Fit
173.6,75.0,Fit
149.1,57.7,Obese
178.7,56.1,Fit
160.5,63.5,Fit
149.6,53.2,Fit
182.5,73.6,Fit
164.3,73.1,Obese
186.0,90.1,Obese
178.4,77.3,Fit
156.2,49.3,Fit
164.1,49.7,Fit
166.3,66.9,Fit
181.8,83.6,Obese
169.8,47.2,Fit
166.9,70.0,Obese
162.8,56.3,Fit
164.4,45.0,Fit
179.4,74.5,Fit
165.0,67.2,Fit
160.7,54.0,Fit
158.8,47.0,Fit
158.9,69.3,Obese
149.6,43.9,Fit
156.7,63.3,Obese
181.5,60.4,Fit
162.7,61.6,Fit
172.7,68.8,Fit
137.7,48.7,Obese
171.3,76.5,Obese
163.2,52.1,Fit
159.7,60.3,Fit
167.0,50.4,Fit
159.5,45.0,Fit
141.6,39.5,Fit
175.1,70.8,Fit
167.7,75.3,Obese
161.5,72.3,Obese
154.4,49.6,Fit
148.8,51.2,Fit
167.5,69.2,Fit
182.7,79.6,Fit
167.2,60.2,Fit
149.8,50.0,Fit
167.5,60.8,Fit
164.4,57.8,Fit
174.5,64.3,Fit
171.7,63.9,Fit
132.2,35.2,Fit
171.0,55.2,Fit
154.0,59.0,Fit
149.4,53.2,Fit
162.9,73.4,Obese
169.5,66.2,Fit
147.0,44.2,Fit
172.8,60.6,Fit
173.4,66.5,Fit
165.5,64.7,Fit
155.5,51.2,Fit
154.2,40.6,Fit
176.3,62.5,Fit
148.4,48.6,Fit
176.7,74.6,Fit
163.2,46.7,Fit
163.9,61.3,Fit
146.2,48.8,Fit
163.4,55.1,Fit
171.7,60.2,Fit
150.3,43.8,Fit
170.5,65.1,Fit
166.0,69.6,Obese
157.9,64.4,Obese
174.4,57.9,Fit
140.8,42.1,Fit
168.8,45.1,Fit
182.8,74.4,Fit
180.8,76.7,Fit
169.3,75.6,Obese
161.7,43.2,Fit
158.0,46.2,Fit
161.7,58.7,Fit
171.0,51.4,Fit
156.1,55.0,Fit
173.3,71.1,Fit
188.5,67.9,Fit
164.3,60.5,Fit
150.2,39.9,Fit
150.2,60.6,Obese
173.5,67.9,Fit
164.3,54.3,Fit
174.6,57.2,Fit
159.1,58.8,Fit
174.1,77.6,Obese
163.3,52.5,Fit
156.9,50.7,Fit
160.6,50.7,Fit
151.8,63.2,Obese
186.9,61.6,Fit
163.9,69.4,Obese
172.1,62.1,Fit
159.1,55.1,Fit
153.4,49.1,Fit
162.4,60.0,Fit
177.1,63.2,Fit
159.3,64.3,Obese
155.4,61.9,Obese
166.7,53.3,Fit
170.5,69.3,Fit
183.1,70.9,Fit
168.9,63.2,Fit
172.1,77.3,Obese
172.9,60.4,Fit
152.3,58.5,Obese
154.4,56.1,Fit
153.1,50.0,Fit
150.3,52.7,Fit
173.8,68.4,Fit
168.2,53.0,Fit
165.9,55.7,Fit
136.5,32.6,Fit
187.6,75.2,Fit
155.2,63.7,Obese
187.6,82.0,Fit
149.1,37.4,Fit
156.1,51.4,Fit
140.8,45.5,Fit
169.0,68.8,Fit
152.9,46.2,Fit
153.2,41.7,Fit
149.9,49.0,Fit
173.6,70.8,Fit
172.8,67.6,Fit
184.9,68.2,Fit
157.5,68.6,Obese
167.4,60.9,Fit
150.8,51.6,Fit
161.3,52.0,Fit
159.3,64.7,Obese
170.1,68.2,Fit
176.2,70.8,Fit
175.9,58.9,Fit
155.7,62.1,Obese
176.0,74.2,Fit
164.5,67.7,Fit
161.4,57.6,Fit
157.2,53.8,Fit
158.8,54.1,Fit
184.2,92.8,Obese
168.4,58.0,Fit
166.9,51.8,Fit
162.1,54.8,Fit
191.9,76.8,Fit
179.4,80.8,Obese
157.1,43.4,Fit
162.0,53.2,Fit
162.6,59.7,Fit
166.6,71.2,Obese
157.3,60.1,Fit
169.8,76.4,Obese
181.0,74.8,Fit
150.6,48.2,Fit
152.6,58.1,Fit
159.7,45.2,Fit
160.2,42.8,Fit
187.0,84.7,Fit
176.0,69.8,Fit
175.4,75.4,Fit
162.1,51.0,Fit
161.9,67.9,Obese
149.0,54.2,Fit
173.6,66.1,Fit
170.4,65.5,Fit
179.1,73.4,Fit
162.7,51.4,Fit
163.4,55.7,Fit
166.9,63.9,Fit
174.8,63.8,Fit
148.8,37.0,Fit
173.1,68.3,Fit
164.8,66.4,Fit
153.4,60.3,Obese
142.1,48.7,Fit
163.5,65.4,Fit
180.9,79.9,Fit
183.4,74.7,Fit
168.9,45.8,Fit
186.6,85.9,Fit
164.5,52.4,Fit
175.5,58.7,Fit
160.0,47.5,Fit
159.3,75.7,Obese
157.5,58.1,Fit
142.3,36.2,Fit
179.2,65.1,Fit
157.9,54.9,Fit
156.2,58.0,Fit
152.0,53.1,Fit
162.8,50.8,Fit
184.4,77.3,Fit
188.0,72.9,Fit
146.7,55.7,Obese
161.1,57.5,Fit
153.6,45.8,Fit
175.9,73.6,Fit
168.2,65.3,Fit
158.0,51.1,Fit
165.8,66.3,Fit
159.7,61.2,Fit
182.8,83.1,Fit
171.0,70.0,Fit
172.4,63.7,Fit
135.7,27.0,Fit
164.3,60.9,Fit
187.9,80.4,Fit
179.6,71.4,Fit
144.7,22.0,Fit
161.6,62.8,Fit
151.8,43.4,Fit
183.8,79.8,Fit
167.7,75.5,Obese
156.6,51.9,Fit
165.4,63.7,Fit
136.3,41.1,Fit
153.1,55.7,Fit
165.4,61.0,Fit
174.3,62.7,Fit
143.6,38.2,Fit
160.8,69.6,Obese
176.1,71.7,Fit
149.0,55.5,Fit
167.5,64.9,Fit
165.7,68.2,Fit
183.9,67.2,Fit
162.5,58.7,Fit
163.1,62.6,Fit
174.4,77.3,Obese
150.4,71.2,Obese
162.6,61.4,Fit
160.0,51.0,Fit
163.5,49.2,Fit
174.3,59.6,Fit
171.1,58.2,Fit
156.8,30.9,Fit
166.5,55.6,Fit
181.4,78.1,Fit
155.9,54.0,Fit
166.6,59.0,Fit
162.9,45.4,Fit
164.3,67.8,Obese
147.1,51.7,Fit
180.5,71.6,Fit
156.5,36.3,Fit
176.3,64.4,Fit
158.2,58.5,Fit
158.1,54.8,Fit
178.3,71.5,Fit
175.9,73.6,Fit
167.3,62.8,Fit
173.4,71.3,Fit
161.8,50.9,Fit
164.9,50.0,Fit
157.7,58.5,Fit
174.9,72.8,Fit
157.4,58.6,Fit
181.3,73.4,Fit
161.5,54.8,Fit
165.2,61.7,Fit
173.3,69.1,Fit
165.3,63.6,Fit
161.7,78.4,Obese
164.7,52.3,Fit
174.8,93.1,Obese
157.7,44.7,Fit
163.6,62.0,Fit
165.1,50.4,Fit
174.5,69.4,Fit
163.9,67.0,Fit
184.9,75.5,Fit
163.3,66.4,Fit
162.4,54.6,Fit
163.1,42.1,Fit
150.5,54.9,Fit
153.6,52.1,Fit
159.2,51.9,Fit
177.5,66.0,Fit
164.6,62.9,Fit
159.7,49.6,Fit
178.5,73.1,Fit
182.1,82.4,Fit
178.8,86.8,Obese
155.6,64.5,Obese
159.6,57.3,Fit
185.0,77.3,Fit
167.7,58.6,Fit
162.1,54.1,Fit
172.9,72.7,Fit
176.1,65.7,Fit
158.7,58.3,Fit
167.4,54.0,Fit
175.2,78.5,Obese
152.2,48.4,Fit
165.1,68.7,Obese
152.7,45.7,Fit
154.2,46.2,Fit
158.8,66.1,Obese
170.2,58.8,Fit
161.5,44.8,Fit
157.9,46.5,Fit
165.6,67.2,Fit
152.4,57.2,Fit
169.7,57.3,Fit
177.4,64.2,Fit
164.1,64.6,Fit
162.8,68.8,Obese
169.1,62.4,Fit
142.7,49.2,Fit
170.9,71.2,Fit
199.1,104.5,Obese
163.7,49.7,Fit
163.7,53.6,Fit
173.2,61.9,Fit
183.1,80.4,Fit
175.7,65.9,Fit
141.3,46.4,Fit
171.2,65.5,Fit
193.3,82.2,Fit
171.8,65.8,Fit
152.3,59.3,Obese
168.1,54.4,Fit
150.9,48.9,Fit
178.6,60.4,Fit
154.5,54.3,Fit
165.8,58.9,Fit
155.6,61.8,Obese
159.0,55.6,Fit
181.3,68.8,Fit
166.1,58.8,Fit
158.8,69.3,Obese
152.4,38.5,Fit
144.4,40.9,Fit
151.2,50.6,Fit
166.2,55.7,Fit
175.8,71.9,Fit
158.8,55.1,Fit
182.3,75.1,Fit
157.1,55.2,Fit
162.4,57.2,Fit
153.1,41.3,Fit
175.9,69.5,Fit
188.1,63.7,Fit
145.6,41.3,Fit
161.2,61.1,Fit
178.9,79.9,Fit
149.1,67.7,Obese
171.2,61.1,Fit
178.4,63.1,Fit
165.9,64.7,Fit
171.1,79.3,Obese
184.4,87.0,Obese
186.4,68.2,Fit
164.3,58.3,Fit
159.1,62.5,Fit
154.9,60.1,Obese
175.7,72.7,Fit
149.9,45.9,Fit
162.2,62.6,Fit
166.1,68.2,Fit
159.5,48.5,Fit
168.1,72.8,Obese
193.2,90.1,Fit
163.7,53.0,Fit
160.2,63.9,Fit
176.2,74.8,Fit
167.6,68.6,Fit
180.8,84.5,Obese
166.8,61.1,Fit
162.3,60.6,Fit
145.4,25.4,Fit
147.2,56.6,Obese
144.8,54.3,Obese
169.2,73.8,Obese
150.0,42.0,Fit
178.8,78.0,Fit
165.3,68.3,Fit
162.3,52.8,Fit
155.7,61.8,Obese
171.8,68.7,Fit
156.2,40.1,Fit
154.2,57.0,Fit
178.1,63.6,Fit
168.9,49.4,Fit
162.4,61.0,Fit
172.1,64.6,Fit
165.1,71.2,Obese
169.2,64.4,Fit
156.0,59.8,Fit
187.8,81.6,Fit
158.6,63.5,Obese
182.1,65.9,Fit
162.9,60.0,Fit
173.9,65.4,Fit
173.1,71.1,Fit
177.6,71.5,Fit
155.8,48.5,Fit
176.8,66.1,Fit
185.3,88.7,Obese
162.2,44.3,Fit
165.4,65.8,Fit
159.2,65.7,Obese
161.2,61.8,Fit
183.8,90.1,Obese
154.0,59.7,Obese
154.6,55.7,Fit
182.7,69.7,Fit
171.9,68.2,Fit
188.3,83.5,Fit
160.0,56.4,Fit
166.4,55.0,Fit
157.7,45.1,Fit
166.6,62.5,Fit
145.5,34.7,Fit
172.5,61.7,Fit
168.6,43.1,Fit
164.4,66.1,Fit
160.7,66.1,Obese
155.2,53.6,Fit
173.0,80.5,Obese
152.1,61.7,Obese
170.6,67.9,Fit
187.8,76.7,Fit
181.3,69.6,Fit
148.4,53.0,Fit
159.1,54.6,Fit
169.6,67.7,Fit
164.2,64.3,Fit
149.6,47.4,Fit
169.2,71.8,Obese
164.9,58.0,Fit
186.1,76.3,Fit
162.2,50.1,Fit
177.8,67.4,Fit
151.1,67.5,Obese
153.7,44.8,Fit
172.9,69.3,Fit
176.9,65.2,Fit
154.5,34.8,Fit
165.3,64.6,Fit
149.8,44.9,Fit
163.0,61.0,Fit
174.2,74.7,Fit
160.2,58.3,Fit
162.3,60.5,Fit
152.6,44.3,Fit
157.9,60.5,Fit
184.3,73.2,Fit
165.8,44.5,Fit
154.0,58.8,Fit
161.5,66.5,Obese
147.4,59.7,Obese
153.8,69.4,Obese
180.0,77.4,Fit
163.4,62.9,Fit
185.8,84.7,Fit
164.0,52.0,Fit
164.6,46.2,Fit
172.0,61.3,Fit
135.6,50.7,Obese
167.3,56.3,Fit
164.5,63.2,Fit
181.3,76.9,Fit
175.6,69.8,Fit
152.5,41.0,Fit
178.7,73.0,Fit
162.1,54.4,Fit
155.1,66.5,Obese
167.2,70.6,Obese
162.8,55.2,Fit
181.9,86.9,Obese
168.7,65.4,Fit
167.3,48.2,Fit
174.9,66.7,Fit
177.0,82.0,Obese
173.6,59.8,Fit
180.6,71.2,Fit
171.7,54.0,Fit
166.8,51.6,Fit
178.6,63.5,Fit
164.0,49.4,Fit
165.4,55.2,Fit
183.9,88.3,Obese
182.8,73.3,Fit
164.9,66.1,Fit
160.0,65.1,Obese
181.1,63.3,Fit
173.8,59.8,Fit
168.5,68.6,Fit
161.5,52.3,Fit
168.6,68.2,Fit
164.8,73.1,Obese
157.7,43.1,Fit
166.4,58.1,Fit
167.9,60.4,Fit
160.9,52.7,Fit
174.9,62.5,Fit
179.2,66.7,Fit
175.7,67.8,Fit
162.0,59.0,Fit
173.3,73.7,Fit
165.9,60.3,Fit
151.4,59.4,Obese
172.4,60.7,Fit
166.6,51.5,Fit
193.5,80.0,Fit
181.0,75.8,Fit
172.8,72.6,Fit
167.7,73.6,Obese
166.8,63.5,Fit
154.0,58.2,Fit
145.9,57.8,Obese
155.4,46.9,Fit
164.5,57.8,Fit
141.8,66.4,Obese
159.0,62.5,Fit
162.3,62.0,Fit
162.6,65.3,Fit
157.7,44.0,Fit
161.2,52.0,Fit
184.0,66.4,Fit
172.3,68.6,Fit
158.8,52.6,Fit
164.2,60.1,Fit
164.7,57.2,Fit
156.6,40.9,Fit
156.5,61.0,Fit
176.1,54.1,Fit
160.4,50.8,Fit
153.0,40.9,Fit
164.5,52.5,Fit
166.3,62.5,Fit
143.3,55.1,Obese
164.6,47.1,Fit
174.5,62.6,Fit
170.0,49.6,Fit
189.5,74.2,Fit
178.8,70.9,Fit
180.9,78.2,Fit
195.8,67.4,Fit
173.3,70.5,Fit
166.8,53.4,Fit
175.7,58.2,Fit
158.8,56.1,Fit
166.2,65.8,Fit
157.9,54.0,Fit
169.4,54.4,Fit
157.8,54.0,Fit
157.4,48.7,Fit
169.5,68.1,Fit
163.5,67.4,Obese
143.8,53.6,Obese
149.0,48.7,Fit
152.4,60.1,Obese
155.3,44.9,Fit
169.6,77.5,Obese
167.4,53.4,Fit
176.7,52.5,Fit
173.3,77.0,Obese
176.8,63.1,Fit
171.7,65.8,Fit
167.3,53.3,Fit
177.1,87.9,Obese
175.1,82.0,Obese
169.1,75.3,Obese
179.0,71.2,Fit
139.2,50.5,Obese
161.8,57.2,Fit
161.6,66.5,Obese
177.7,66.2,Fit
182.3,85.8,Obese
149.0,45.2,Fit
180.5,68.9,Fit
152.1,47.2,Fit
152.4,52.7,Fit
162.4,54.9,Fit
161.5,61.3,Fit
147.9,44.2,Fit
172.1,71.5,Fit
172.5,77.6,Obese
176.6,69.2,Fit
160.2,74.2,Obese
164.6,68.6,Obese
164.7,76.8,Obese
183.6,73.6,Fit
133.8,26.1,Fit
154.5,46.8,Fit
165.1,55.1,Fit
153.1,43.9,Fit
162.2,40.3,Fit
163.6,67.1,Obese
157.8,39.9,Fit
165.7,67.8,Fit
171.9,82.5,Obese
162.4,51.8,Fit
160.0,59.4,Fit
163.2,55.4,Fit
164.9,66.5,Fit
145.9,37.2,Fit
170.1,62.6,Fit
160.0,65.3,Obese
178.9,70.0,Fit
171.5,51.7,Fit
177.9,79.5,Obese
153.9,41.7,Fit
160.9,57.6,Fit
151.3,55.0,Fit
157.2,55.4,Fit
178.8,90.6,Obese
181.4,78.2,Fit
152.4,49.5,Fit
160.0,61.1,Fit
164.2,61.0,Fit
171.4,65.0,Fit
145.6,48.6,Fit
147.4,44.3,Fit
170.4,65.6,Fit
143.6,41.3,Fit
160.1,41.2,Fit
166.8,70.3,Obese
169.6,58.7,Fit
163.4,59.9,Fit
161.0,50.9,Fit
174.3,61.0,Fit
168.1,53.9,Fit
157.9,62.4,Obese
165.4,69.7,Obese
169.2,63.2,Fit
183.9,70.1,Fit
173.6,52.8,Fit
178.4,76.4,Fit
158.3,49.7,Fit
159.2,46.8,Fit
162.4,58.3,Fit
163.4,56.1,Fit
153.9,40.0,Fit
178.9,59.4,Fit
174.7,69.8,Fit
161.6,52.2,Fit
172.1,69.2,Fit
167.5,62.9,Fit
172.9,74.2,Fit
150.2,43.0,Fit
163.4,60.6,Fit
164.4,64.5,Fit
171.9,60.0,Fit
158.1,64.0,Obese
137.5,28.3,Fit
153.1,44.9,Fit
164.3,45.8,Fit
165.7,54.5,Fit
183.5,72.9,Fit
171.4,71.3,Fit
165.9,59.3,Fit
164.6,54.9,Fit
177.1,56.6,Fit
158.5,45.6,Fit
163.5,61.3,Fit
153.0,58.6,Obese
180.6,68.4,Fit
169.3,72.8,Obese
157.2,46.8,Fit
163.7,55.9,Fit
170.6,61.6,Fit
162.2,70.1,Obese
159.1,56.8,Fit
157.8,40.4,Fit
168.7,70.2,Fit
161.1,71.8,Obese
160.0,54.3,Fit
150.3,42.5,Fit
165.9,67.4,Fit
163.0,74.2,Obese
161.5,64.1,Fit
167.2,48.5,Fit
173.2,72.1,Fit
172.7,68.9,Fit
171.1,56.8,Fit
162.4,68.3,Obese
158.8,59.0,Fit
153.5,62.4,Obese
158.5,46.8,Fit
165.2,63.2,Fit
156.4,46.6,Fit
166.1,62.6,Fit
154.4,64.3,Obese
146.7,36.0,Fit
174.0,55.7,Fit
159.8,63.8,Fit
155.8,53.3,Fit
153.0,60.8,Obese
169.7,56.9,Fit
180.1,71.8,Fit
160.6,62.2,Fit
162.6,59.9,Fit
176.8,54.4,Fit
145.1,68.9,Obese
186.6,78.3,Fit
191.9,70.3,Fit
135.2,42.7,Fit
163.9,62.6,Fit
157.1,62.2,Obese
162.1,65.2,Fit
160.4,54.9,Fit
173.9,52.8,Fit
163.8,62.7,Fit
155.0,39.7,Fit
163.1,68.2,Obese
170.7,58.2,Fit
152.0,55.9,Fit
146.9,42.2,Fit
186.9,72.9,Fit
157.9,48.5,Fit
163.5,64.5,Fit
160.6,51.8,Fit
171.0,70.5,Fit
184.5,70.1,Fit
171.4,62.8,Fit
148.3,48.7,Fit
149.8,50.6,Fit
160.6,49.4,Fit
162.0,63.4,Fit
146.1,44.8,Fit
174.0,71.0,Fit
153.1,51.4,Fit
181.4,77.1,Fit
185.0,72.0,Fit
162.3,51.6,Fit
169.8,66.9,Fit
151.4,46.5,Fit
171.9,76.6,Obese
159.5,56.5,Fit
153.0,40.5,Fit
161.8,52.9,Fit
159.9,48.2,Fit
161.4,65.9,Obese
175.4,73.9,Fit
156.4,53.3,Fit
184.1,76.9,Fit
150.4,49.1,Fit
182.8,80.4,Fit
153.8,56.2,Fit
165.0,65.5,Fit
159.6,54.5,Fit
161.2,52.1,Fit
173.8,71.8,Fit
181.5,84.9,Obese
178.1,78.6,Fit
160.5,69.4,Obese
167.0,62.7,Fit
156.4,46.1,Fit
154.1,45.2,Fit
152.4,62.1,Obese
160.2,41.6,Fit
167.7,73.9,Obese
144.0,39.3,Fit
164.5,74.9,Obese
181.7,72.0,Fit
177.3,75.0,Fit
158.6,74.4,Obese
149.6,46.6,Fit
170.1,60.8,Fit
139.5,37.3,Fit
177.2,61.1,Fit
162.7,55.6,Fit
185.1,71.0,Fit
146.0,36.9,Fit
175.1,65.8,Fit
163.9,62.7,Fit
161.4,50.1,Fit
149.9,48.2,Fit
171.6,76.0,Obese
172.4,54.1,Fit
184.6,90.5,Obese
176.1,62.8,Fit
158.5,56.9,Fit
154.0,62.4,Obese
149.9,62.1,Obese
181.2,76.0,Fit
156.4,48.3,Fit
181.3,66.0,Fit
170.8,59.6,Fit
168.6,77.7,Obese
161.6,54.4,Fit
172.3,67.9,Fit
164.8,51.4,Fit
160.9,47.7,Fit
172.7,65.8,Fit
163.4,56.2,Fit
156.2,51.7,Fit
171.6,52.9,Fit
164.3,58.8,Fit
170.4,76.3,Obese
160.0,49.5,Fit
151.7,57.8,Obese
184.1,46.8,Fit
182.0,66.5,Fit
174.7,51.9,Fit
160.7,66.7,Obese
161.7,64.6,Fit
180.2,63.2,Fit
161.1,59.4,Fit
158.0,64.6,Obese
185.6,86.6,Obese
164.5,56.3,Fit
184.5,57.2,Fit
149.6,42.1,Fit
170.7,70.2,Fit
187.8,94.4,Obese
165.3,59.7,Fit
162.1,53.0,Fit
152.2,70.1,Obese
176.9,72.1,Fit
156.5,44.1,Fit
164.0,58.2,Fit
151.4,58.4,Obese
182.1,72.4,Fit
177.7,75.8,Fit
164.7,46.8,Fit
152.3,39.6,Fit
181.9,66.9,Fit
161.0,54.8,Fit
152.8,54.1,Fit
145.6,51.7,Fit
157.9,74.6,Obese
149.0,42.9,Fit
158.1,52.5,Fit
173.2,60.3,Fit
160.9,65.6,Obese
168.9,71.8,Obese
157.0,50.7,Fit
165.7,76.9,Obese
186.1,70.5,Fit
161.2,65.4,Obese
169.2,74.6,Obese
147.8,37.2,Fit
181.7,77.3,Fit
159.8,34.3,Fit
176.6,75.2,Fit
163.6,50.1,Fit
171.7,69.4,Fit
172.4,71.4,Fit
160.0,65.3,Obese
177.0,76.1,Fit
156.7,54.4,Fit
173.6,63.2,Fit
160.7,56.2,Fit
168.8,53.8,Fit
159.9,54.6,Fit
165.5,58.0,Fit
153.2,45.3,Fit
167.7,48.0,Fit
165.5,50.0,Fit
159.1,30.5,Fit
164.4,57.0,Fit
166.5,63.9,Fit
158.2,33.6,Fit
163.6,60.8,Fit
153.9,51.2,Fit
190.8,70.7,Fit
176.7,65.2,Fit
168.0,70.5,Fit
177.9,61.8,Fit
143.2,45.8,Fit
136.9,44.0,Fit
160.6,50.2,Fit
149.8,57.5,Obese
162.4,61.3,Fit
167.3,59.5,Fit
175.1,86.4,Obese
152.5,59.3,Obese
169.4,49.6,Fit
165.2,56.9,Fit
168.8,82.4,Obese
159.3,48.0,Fit
180.2,72.0,Fit
163.9,68.9,Obese
184.5,80.1,Fit
156.3,60.1,Fit
173.2,71.9,Fit
164.3,59.6,Fit
161.4,51.0,Fit
172.0,68.5,Fit
161.7,54.3,Fit
135.7,36.7,Fit
131.3,49.8,Obese
179.0,67.4,Fit
178.5,83.8,Obese
185.8,78.0,Fit
164.8,58.5,Fit
150.8,35.5,Fit
160.4,73.5,Obese
165.1,59.9,Fit
153.9,34.0,Fit
183.1,81.7,Fit
189.6,78.7,Fit
170.3,56.3,Fit
164.9,67.3,Fit
150.8,29.6,Fit
182.0,67.2,Fit
165.8,58.1,Fit
161.8,64.4,Fit
170.3,81.7,Obese
158.6,53.4,Fit
166.6,64.8,Fit
149.1,70.9,Obese
177.0,68.9,Fit
163.9,62.8,Fit
177.7,59.6,Fit
162.8,74.0,Obese
163.5,53.1,Fit
151.7,52.8,Fit
173.4,68.0,Fit
155.4,53.8,Fit
159.6,52.6,Fit
165.0,61.8,Fit
166.3,74.9,Obese
146.2,65.3,Obese
162.5,56.7,Fit
173.7,62.8,Fit
160.8,50.4,Fit
162.5,79.6,Obese
166.8,62.2,Fit
163.6,67.8,Obese
153.7,57.5,Fit
164.6,77.3,Obese
175.9,66.1,Fit
153.4,42.9,Fit
160.9,71.8,Obese
149.8,56.6,Obese
175.4,71.3,Fit
164.0,71.4,Obese
155.6,57.4,Fit
166.0,73.2,Obese
151.8,52.6,Fit
153.6,59.1,Obese
148.9,53.0,Fit
153.3,49.1,Fit
179.9,69.6,Fit
156.9,51.0,Fit
170.1,65.8,Fit
155.8,49.8,Fit
173.4,69.6,Fit
153.7,55.2,Fit
165.4,61.8,Fit
165.6,62.1,Fit
190.6,75.4,Fit
171.9,62.8,Fit
158.5,41.9,Fit
172.5,64.5,Fit
188.5,70.3,Fit
147.1,48.4,Fit
155.7,47.6,Fit
162.4,41.6,Fit
160.4,74.6,Obese
161.3,55.4,Fit
150.7,61.5,Obese
180.4,67.4,Fit
149.4,62.7,Obese
162.8,49.1,Fit
176.5,69.9,Fit
164.7,50.9,Fit
154.2,73.1,Obese
150.2,47.6,Fit
162.5,64.7,Fit
156.7,57.6,Fit
167.3,61.3,Fit
149.6,53.4,Fit
173.9,77.4,Obese
166.3,66.2,Fit
167.1,62.7,Fit
180.9,76.1,Fit
160.2,71.8,Obese
157.0,50.9,Fit
159.0,40.8,Fit
162.9,49.6,Fit
164.0,51.0,Fit
155.9,46.4,Fit
142.7,38.1,Fit
158.8,55.3,Fit
169.0,64.8,Fit
166.5,62.9,Fit
178.2,64.0,Fit
186.5,84.5,Fit
173.4,70.4,Fit
180.2,84.1,Obese
173.4,72.9,Fit
183.8,71.5,Fit
185.4,86.0,Obese
175.5,69.9,Fit
172.8,72.1,Fit
162.7,64.0,Fit
164.5,58.6,Fit
161.3,58.1,Fit
171.8,63.9,Fit
157.1,47.5,Fit
162.9,41.2,Fit
139.1,37.0,Fit
184.0,76.0,Fit
162.6,66.8,Obese
170.0,70.0,Fit
181.0,69.9,Fit
168.3,56.9,Fit
180.9,70.5,Fit
151.3,42.6,Fit
191.4,63.6,Fit
177.0,56.5,Fit
167.3,72.6,Obese
180.7,86.7,Obese
152.1,57.0,Fit
161.8,57.1,Fit
180.9,60.8,Fit
144.5,44.6,Fit
171.2,69.3,Fit
170.9,70.9,Fit
186.7,82.2,Fit
147.6,57.6,Obese
182.7,89.0,Obese
158.8,52.3,Fit
160.1,78.8,Obese
151.6,34.4,Fit
153.0,45.3,Fit
169.4,64.8,Fit
152.8,55.7,Fit
173.1,64.5,Fit
157.7,50.8,Fit
151.7,68.2,Obese
159.2,51.4,Fit
168.7,54.5,Fit
161.9,71.2,Obese
165.4,67.0,Fit
172.7,74.3,Fit
176.9,70.4,Fit
161.6,46.4,Fit
153.5,52.5,Fit
165.8,48.4,Fit
170.2,65.7,Fit
148.9,54.0,Fit
155.2,61.6,Obese
157.1,53.6,Fit
162.7,64.2,Fit
156.6,46.7,Fit
172.8,73.4,Fit
147.3,53.2,Fit
147.6,41.5,Fit
161.3,61.5,Fit
163.1,67.2,Obese
149.0,49.5,Fit
158.3,48.6,Fit
160.6,58.2,Fit
160.7,61.2,Fit
166.7,54.5,Fit
157.7,46.7,Fit
181.3,76.5,Fit
170.4,70.4,Fit
156.1,70.8,Obese
166.0,66.0,Fit
166.4,51.2,Fit
178.4,86.3,Obese
158.4,63.6,Obese
173.4,50.1,Fit
165.5,52.0,Fit
181.4,68.5,Fit
179.2,77.4,Fit
167.2,42.4,Fit
162.1,56.9,Fit
170.6,70.3,Fit
163.0,35.8,Fit
183.5,80.0,Fit
165.9,67.5,Fit
160.5,49.9,Fit
159.9,47.1,Fit
151.7,43.7,Fit
171.1,43.0,Fit
156.0,50.9,Fit
177.1,70.7,Fit
150.8,40.3,Fit
166.4,68.7,Fit
177.7,70.3,Fit
141.3,46.0,Fit
187.2,73.9,Fit
160.3,62.5,Fit
166.6,71.4,Obese
171.3,61.3,Fit
173.0,71.9,Fit
168.0,68.3,Fit
176.0,71.5,Fit
170.7,77.5,Obese
184.4,69.0,Fit
170.7,60.8,Fit
186.6,70.4,Fit
174.9,73.1,Fit
145.1,44.2,Fit
193.7,77.0,Fit
158.7,68.7,Obese
181.5,86.9,Obese
165.3,57.5,Fit
176.7,57.7,Fit
157.4,69.4,Obese
171.9,68.8,Fit
162.2,61.3,Fit
182.4,74.0,Fit
169.8,57.0,Fit
175.3,64.3,Fit
141.2,49.3,Fit
164.1,55.6,Fit
169.5,66.7,Fit
167.5,61.8,Fit
175.6,59.4,Fit
161.0,70.0,Obese
165.5,65.0,Fit
178.0,72.3,Fit
139.9,47.5,Fit
171.5,50.4,Fit
161.3,53.3,Fit
155.0,40.6,Fit
168.7,63.6,Fit
178.5,72.7,Fit
176.4,69.6,Fit
163.5,68.2,Obese
174.6,55.1,Fit
174.5,60.6,Fit
164.0,62.5,Fit
157.4,56.6,Fit
158.0,44.4,Fit
174.2,76.3,Obese
164.5,71.9,Obese
153.5,55.2,Fit
146.5,35.1,Fit
174.2,68.0,Fit
159.0,58.3,Fit
168.6,60.4,Fit
178.6,81.0,Obese
150.6,49.0,Fit
164.5,76.4,Obese
163.1,64.8,Fit
169.2,65.2,Fit
178.6,77.6,Fit
150.4,62.0,Obese
171.3,71.7,Fit
176.3,67.8,Fit
162.9,53.1,Fit
163.5,49.8,Fit
169.6,43.8,Fit
168.8,64.1,Fit
171.4,61.5,Fit
171.2,61.8,Fit
154.2,60.5,Obese
175.9,67.2,Fit
177.8,84.7,Obese
167.0,56.8,Fit
148.6,40.8,Fit
163.7,48.9,Fit
167.1,67.2,Fit
152.4,60.3,Obese
161.0,52.3,Fit
149.5,40.7,Fit
171.7,77.1,Obese
166.8,49.6,Fit
146.9,55.6,Obese
168.9,58.2,Fit
164.4,62.6,Fit
170.7,72.7,Fit
160.7,60.6,Fit
156.2,51.3,Fit
156.5,65.1,Obese
159.1,58.0,Fit
165.2,89.5,Obese
166.6,47.4,Fit
162.9,44.6,Fit
160.3,64.5,Obese
161.1,56.9,Fit
192.6,87.9,Fit
156.5,45.1,Fit
158.9,56.0,Fit
201.2,92.7,Fit
169.6,59.0,Fit
149.8,51.2,Fit
174.3,55.9,Fit
155.0,56.0,Fit
175.0,78.9,Obese
162.7,48.3,Fit
160.2,46.1,Fit
182.7,83.0,Fit
171.2,54.0,Fit
175.7,74.6,Fit
169.8,63.9,Fit
160.1,53.1,Fit
171.7,76.6,Obese
178.3,77.4,Fit
166.5,63.2,Fit
184.8,57.9,Fit
174.4,72.6,Fit
167.3,53.0,Fit
167.8,60.1,Fit
166.5,61.1,Fit
151.2,65.5,Obese
164.0,57.2,Fit
167.4,50.3,Fit
160.4,68.4,Obese
168.7,68.4,Fit
165.2,66.2,Fit
173.5,78.1,Obese
172.3,79.1,Obese
166.8,54.1,Fit
150.0,38.3,Fit
184.7,81.8,Fit
163.4,56.7,Fit
164.1,57.9,Fit
161.2,48.2,Fit
159.6,60.7,Fit
182.0,76.1,Fit
180.2,70.2,Fit
169.9,52.4,Fit
163.8,68.7,Obese
171.8,67.0,Fit
165.8,69.4,Obese
162.9,41.6,Fit
168.7,63.1,Fit
160.1,50.7,Fit
167.8,62.2,Fit
167.2,69.1,Fit
171.6,67.8,Fit
158.2,55.2,Fit
172.8,65.8,Fit
155.0,40.4,Fit
158.7,48.2,Fit
159.2,64.7,Obese
153.2,47.6,Fit
176.2,77.4,Fit
154.3,59.0,Fit
157.3,61.5,Fit
178.8,73.0,Fit
158.7,51.9,Fit
162.9,57.2,Fit
153.9,57.2,Fit
174.2,49.7,Fit
174.3,76.8,Obese
173.1,61.9,Fit
170.9,63.6,Fit
165.8,59.9,Fit
159.2,55.5,Fit
156.0,43.1,Fit
179.2,71.9,Fit
173.4,70.9,Fit
157.4,38.1,Fit
165.4,49.8,Fit
161.7,64.7,Fit
152.6,56.9,Fit
167.0,63.7,Fit
160.4,51.2,Fit
154.5,58.3,Fit
148.7,39.0,Fit
147.8,47.0,Fit
160.9,46.5,Fit
164.1,57.9,Fit
155.4,44.9,Fit
172.2,71.3,Fit
164.3,62.8,Fit
171.3,60.0,Fit
163.0,67.2,Obese
156.3,46.1,Fit
166.3,60.5,Fit
151.1,45.3,Fit
170.9,70.2,Fit
154.7,57.8,Fit
175.1,77.9,Obese
161.3,57.9,Fit
176.7,45.0,Fit
152.7,47.8,Fit
157.5,67.1,Obese
169.2,60.4,Fit
177.9,54.3,Fit
183.3,77.5,Fit
165.5,64.4,Fit
185.2,69.7,Fit
161.8,55.6,Fit
177.1,62.2,Fit
154.6,56.8,Fit
169.6,63.8,Fit
139.2,33.3,Fit
152.7,51.2,Fit
170.1,57.8,Fit
150.6,61.6,Obese
169.7,70.5,Fit
175.0,66.4,Fit
159.5,56.6,Fit
154.3,60.5,Obese
159.8,54.8,Fit
154.4,58.5,Fit
163.9,70.9,Obese
166.1,56.8,Fit
161.6,70.6,Obese
183.4,84.9,Obese
157.1,56.3,Fit
180.3,68.0,Fit
153.5,53.8,Fit
165.8,58.5,Fit
178.0,63.4,Fit
177.4,73.5,Fit
160.4,48.4,Fit
171.1,61.7,Fit
169.6,60.7,Fit
159.1,44.7,Fit
171.8,70.2,Fit
185.5,73.9,Fit
170.2,74.1,Obese
171.2,62.5,Fit
172.4,62.1,Fit
148.9,41.6,Fit
170.1,63.9,Fit
153.8,52.4,Fit
158.5,61.2,Fit
188.8,78.9,Fit
162.2,74.6,Obese
156.9,57.8,Fit
177.7,61.6,Fit
154.6,44.0,Fit
160.1,60.7,Fit
178.7,62.1,Fit
165.5,65.0,Fit
147.8,55.2,Obese
171.0,71.7,Fit
160.6,49.8,Fit
181.9,80.2,Fit
158.3,57.7,Fit
176.6,63.7,Fit
184.5,73.6,Fit
155.6,57.1,Fit
162.9,53.0,Fit
169.3,65.5,Fit
155.6,64.8,Obese
168.0,69.8,Fit
162.5,58.8,Fit
162.3,59.8,Fit
165.5,56.0,Fit
165.8,56.4,Fit
166.8,48.9,Fit
158.4,57.2,Fit
158.9,61.0,Fit
163.7,58.4,Fit
164.5,52.5,Fit
160.2,57.0,Fit
168.6,73.2,Obese
145.0,53.5,Obese
157.0,54.0,Fit
161.9,74.1,Obese
155.6,74.8,Obese
182.9,69.8,Fit
165.2,58.1,Fit
166.9,66.9,Fit
159.7,48.8,Fit
164.8,66.6,Fit
151.6,51.4,Fit
163.1,61.5,Fit
154.7,48.0,Fit
161.9,51.4,Fit
136.8,25.3,Fit
152.6,63.1,Obese
181.1,79.7,Fit
174.1,72.1,Fit
179.5,73.7,Fit
180.3,53.1,Fit
172.4,59.4,Fit
160.0,54.3,Fit
153.6,43.2,Fit
177.6,55.9,Fit
165.7,52.6,Fit
192.4,81.9,Fit
161.0,57.4,Fit
186.7,83.9,Fit
163.3,75.2,Obese
179.7,76.5,Fit
183.7,72.8,Fit
153.7,66.4,Obese
159.7,43.4,Fit
153.6,35.3,Fit
151.5,43.4,Fit
172.3,71.8,Fit
162.8,59.7,Fit
165.6,51.3,Fit
171.1,58.6,Fit
144.6,36.0,Fit
179.2,60.7,Fit
161.2,69.5,Obese
170.9,63.1,Fit
171.8,79.1,Obese
180.1,64.2,Fit
163.8,63.0,Fit
141.6,46.0,Fit
165.6,67.4,Fit
167.2,63.5,Fit
153.6,59.8,Obese
166.6,65.5,Fit
161.0,48.3,Fit
150.2,55.5,Fit
172.4,64.6,Fit
158.8,49.3,Fit
160.5,62.2,Fit
159.9,63.6,Fit
178.6,66.3,Fit
164.5,56.8,Fit
165.9,49.4,Fit
160.2,42.0,Fit
170.1,61.7,Fit
179.8,77.5,Fit
172.1,60.6,Fit
172.6,76.9,Obese
171.7,63.2,Fit
149.8,47.8,Fit
155.4,50.8,Fit
162.7,66.1,Fit
157.0,46.6,Fit
153.3,50.7,Fit
144.4,41.5,Fit
150.2,45.1,Fit
162.2,58.1,Fit
164.2,58.4,Fit
156.3,62.1,Obese
165.9,60.4,Fit
160.2,60.9,Fit
177.0,70.3,Fit
163.2,69.8,Obese
172.7,63.2,Fit
167.2,59.1,Fit
149.6,55.2,Fit
164.0,56.6,Fit
151.4,54.4,Fit
163.8,77.7,Obese
156.8,46.3,Fit
169.2,75.2,Obese
150.2,45.7,Fit
165.2,70.7,Obese
171.3,70.0,Fit
175.0,72.2,Fit
156.6,52.7,Fit
165.2,58.0,Fit
167.0,55.6,Fit
182.0,72.9,Fit
148.7,47.2,Fit
155.0,54.4,Fit
195.8,73.1,Fit
162.0,57.9,Fit
144.2,55.8,Obese
158.6,62.9,Obese
134.5,40.0,Fit
167.7,82.3,Obese
173.9,61.9,Fit
155.0,52.1,Fit
159.8,44.6,Fit
175.2,64.3,Fit
145.7,61.0,Obese
150.5,46.9,Fit
162.5,45.9,Fit
156.7,61.0,Fit
161.8,60.7,Fit
151.1,56.9,Fit
167.4,59.2,Fit
163.4,50.7,Fit
171.0,62.9,Fit
167.2,65.9,Fit
167.3,61.0,Fit
149.1,52.0,Fit
170.4,59.6,Fit
161.4,60.7,Fit
163.2,58.5,Fit
176.5,62.9,Fit
157.1,55.4,Fit
179.9,68.1,Fit
180.9,76.9,Fit
173.3,73.0,Fit
154.2,56.3,Fit
141.0,30.6,Fit
176.9,61.1,Fit
166.2,55.7,Fit
156.8,47.7,Fit
177.9,65.3,Fit
155.5,60.6,Obese
160.3,62.1,Fit
170.8,60.8,Fit
152.8,56.1,Fit
163.8,61.7,Fit
177.0,68.6,Fit
167.3,70.8,Obese
178.7,65.0,Fit
177.5,69.7,Fit
165.1,51.5,Fit
139.3,34.7,Fit
152.8,40.5,Fit
173.4,58.3,Fit
147.9,48.8,Fit
161.4,54.9,Fit
168.7,60.5,Fit
181.2,69.8,Fit
158.7,69.6,Obese
157.9,45.8,Fit
164.4,49.5,Fit
168.9,56.0,Fit
163.3,58.1,Fit
176.5,72.7,Fit
156.2,58.6,Fit
166.3,68.4,Fit
169.9,62.6,Fit
160.6,53.6,Fit
174.2,79.9,Obese
166.6,38.8,Fit
173.7,66.9,Fit
167.1,64.9,Fit
169.1,77.9,Obese
158.0,41.7,Fit
158.1,51.6,Fit
178.5,59.2,Fit
172.0,50.7,Fit
153.7,50.4,Fit
167.0,68.0,Fit
138.9,52.1,Obese
158.7,51.1,Fit
175.6,73.1,Fit
163.6,57.3,Fit
166.3,65.3,Fit
131.8,47.5,Obese
160.7,55.2,Fit
168.7,71.2,Obese
170.1,54.0,Fit
175.6,73.1,Fit
162.7,66.5,Obese
163.2,66.0,Fit
150.3,40.2,Fit
162.8,56.6,Fit
151.1,52.7,Fit
144.7,49.6,Fit
153.1,52.5,Fit
181.6,84.0,Obese
162.0,47.4,Fit
167.4,59.7,Fit
159.4,42.4,Fit
145.3,51.4,Fit
175.3,72.0,Fit
141.1,70.6,Obese
158.9,63.8,Obese
164.4,62.1,Fit
167.5,63.8,Fit
157.0,51.7,Fit
144.8,47.2,Fit
156.2,55.9,Fit
156.8,38.3,Fit
156.5,55.5,Fit
175.7,68.7,Fit
151.7,64.6,Obese
168.3,61.3,Fit
166.7,55.0,Fit
175.6,70.0,Fit
163.5,59.4,Fit
173.7,65.3,Fit
163.1,48.3,Fit
169.8,62.2,Fit
148.5,43.9,Fit
136.0,38.9,Fit
169.2,68.8,Fit
169.7,58.0,Fit
170.2,62.0,Fit
159.2,60.1,Fit
181.4,70.2,Fit
159.9,77.2,Obese
169.6,65.3,Fit
171.5,54.8,Fit
183.9,67.7,Fit
161.5,49.9,Fit
157.8,48.2,Fit
148.5,52.8,Fit
182.1,64.1,Fit
169.6,60.7,Fit
170.0,72.7,Obese
199.3,83.2,Fit
168.6,67.9,Fit
150.7,36.5,Fit
162.8,55.4,Fit
154.3,45.3,Fit
160.6,59.2,Fit
160.6,48.4,Fit
158.5,71.9,Obese
149.7,36.2,Fit
182.5,82.4,Fit
168.3,69.3,Fit
162.5,60.6,Fit
173.3,66.5,Fit
170.2,78.6,Obese
168.0,81.9,Obese
172.5,63.8,Fit
166.5,62.2,Fit
172.4,60.9,Fit
173.3,56.7,Fit
166.8,64.9,Fit
162.6,60.1,Fit
181.8,59.9,Fit
159.7,59.8,Fit
169.3,65.3,Fit
169.6,58.4,Fit
158.3,49.8,Fit
156.1,57.0,Fit
161.1,70.0,Obese
159.6,59.2,Fit
149.0,55.1,Fit
157.8,48.1,Fit
167.9,58.7,Fit
178.9,75.3,Fit
171.1,53.5,Fit
136.4,42.6,Fit
172.1,69.1,Fit
158.9,55.2,Fit
170.0,66.1,Fit
164.8,60.2,Fit
162.9,53.4,Fit
163.9,49.7,Fit
164.8,59.0,Fit
179.8,81.5,Obese
164.8,67.9,Obese
176.9,66.1,Fit
175.3,64.7,Fit
172.3,61.8,Fit
145.3,43.0,Fit
177.3,71.4,Fit
160.0,64.8,Obese
172.9,83.8,Obese
154.3,45.7,Fit
152.0,56.0,Fit
186.7,81.1,Fit
154.5,49.9,Fit
177.6,61.2,Fit
166.3,63.0,Fit
160.4,73.5,Obese
164.5,61.7,Fit
150.7,43.7,Fit
164.8,58.5,Fit
153.1,42.4,Fit
160.7,56.9,Fit
175.2,73.0,Fit
167.8,56.4,Fit
148.7,22.6,Fit
174.4,69.1,Fit
164.9,55.8,Fit
159.0,49.6,Fit
173.2,59.9,Fit
163.2,61.8,Fit
152.2,47.7,Fit
185.3,83.0,Fit
164.8,67.4,Fit
164.1,57.1,Fit
160.5,52.5,Fit
178.0,70.7,Fit
159.2,54.6,Fit
148.0,34.2,Fit
157.5,69.9,Obese
179.6,76.7,Fit
174.2,63.0,Fit
162.2,42.5,Fit
180.1,69.9,Fit
173.2,61.3,Fit
162.1,57.3,Fit
163.2,41.3,Fit
168.6,58.8,Fit
155.8,50.1,Fit
165.0,58.4,Fit
168.4,60.5,Fit
146.4,47.6,Fit
162.9,70.6,Obese
161.7,53.4,Fit
176.3,61.1,Fit
144.7,32.3,Fit
160.8,52.8,Fit
159.7,44.9,Fit
175.6,75.5,Fit
164.5,58.8,Fit
184.8,82.6,Fit
172.3,77.0,Obese
160.5,49.7,Fit
167.6,59.0,Fit
161.1,67.8,Obese
174.5,68.5,Fit
150.3,53.9,Fit
155.9,61.8,Obese
170.0,70.8,Fit
178.5,73.4,Fit
140.8,54.8,Obese
180.1,70.8,Fit
163.5,62.9,Fit
144.3,44.4,Fit
132.0,46.5,Obese
148.2,42.7,Fit
164.8,46.3,Fit
164.3,64.6,Fit
172.0,56.9,Fit
159.0,46.6,Fit
152.8,61.5,Obese
160.5,64.4,Obese
165.4,57.4,Fit
167.5,37.4,Fit
156.3,58.0,Fit
174.9,72.6,Fit
158.2,59.2,Fit
155.4,56.9,Fit
159.0,54.2,Fit
176.8,65.5,Fit
163.5,50.0,Fit
157.4,48.9,Fit
175.2,70.1,Fit
188.6,80.9,Fit
167.3,67.9,Fit
178.6,58.9,Fit
176.4,55.2,Fit
158.3,52.1,Fit
165.3,51.9,Fit
150.9,51.6,Fit
162.7,47.8,Fit
158.1,64.4,Obese
160.6,50.1,Fit
156.8,66.8,Obese
161.8,61.8,Fit
170.9,55.8,Fit
163.7,75.7,Obese
144.5,48.1,Fit
156.8,55.4,Fit
148.3,47.9,Fit
167.7,65.6,Fit
170.5,68.2,Fit
167.8,55.0,Fit
156.3,52.1,Fit
167.7,62.8,Fit
159.8,60.9,Fit
152.5,55.9,Fit
173.2,67.3,Fit
174.0,62.2,Fit
175.4,62.9,Fit
158.3,45.6,Fit
178.0,74.4,Fit
159.6,51.1,Fit
172.2,63.7,Fit
159.4,57.8,Fit
162.5,58.2,Fit
138.4,42.1,Fit
161.7,50.3,Fit
166.0,62.8,Fit
160.5,54.2,Fit
184.3,74.0,Fit
152.2,60.2,Obese
158.8,59.5,Fit
155.0,48.3,Fit
158.8,54.3,Fit
176.3,81.2,Obese
181.3,69.8,Fit
157.3,54.7,Fit
157.0,59.6,Fit
152.3,52.7,Fit
179.4,67.8,Fit
177.3,63.2,Fit
163.8,59.0,Fit
149.6,54.5,Fit
150.6,60.5,Obese
166.9,49.5,Fit
171.0,78.5,Obese
142.3,42.2,Fit
161.5,64.8,Fit
182.8,67.6,Fit
162.6,45.3,Fit
181.4,61.9,Fit
172.1,62.5,Fit
153.1,55.7,Fit
161.8,57.8,Fit
163.6,56.9,Fit
154.5,61.5,Obese
154.3,52.4,Fit
181.6,74.8,Fit
154.2,77.2,Obese
176.9,68.8,Fit
160.2,50.9,Fit
164.7,63.5,Fit
171.2,70.3,Fit
158.4,57.6,Fit
171.2,65.8,Fit
142.5,56.5,Obese
169.8,74.3,Obese
137.8,40.9,Fit
162.5,52.9,Fit
174.4,70.3,Fit
171.8,59.8,Fit
150.7,57.1,Obese
152.1,54.3,Fit
157.4,75.9,Obese
167.0,73.2,Obese
142.6,36.1,Fit
164.9,55.6,Fit
168.4,47.1,Fit
161.9,40.6,Fit
170.8,65.1,Fit
167.5,52.2,Fit
159.0,68.8,Obese
143.7,54.7,Obese
166.5,58.8,Fit
154.5,49.9,Fit
158.6,67.2,Obese
170.3,77.5,Obese
180.6,64.3,Fit
164.6,51.1,Fit
171.1,62.0,Fit
149.1,52.4,Fit
167.7,57.8,Fit
164.3,63.0,Fit
178.5,85.7,Obese
159.1,44.4,Fit
162.3,54.4,Fit
176.6,57.6,Fit
164.0,52.5,Fit
152.8,49.0,Fit
193.1,76.2,Fit
153.1,55.8,Fit
164.3,60.6,Fit
168.8,65.1,Fit
167.9,59.6,Fit
162.9,56.7,Fit
163.0,55.6,Fit
162.4,56.0,Fit
152.7,54.7,Fit
188.7,62.9,Fit
162.6,60.5,Fit
171.6,57.8,Fit
161.3,54.5,Fit
161.1,44.6,Fit
160.0,53.4,Fit
148.0,50.4,Fit
163.2,62.3,Fit
160.5,47.2,Fit
177.9,72.9,Fit
151.8,59.8,Obese
158.7,51.4,Fit
155.1,52.9,Fit
180.9,55.4,Fit
155.4,46.0,Fit
171.2,66.6,Fit
175.7,75.5,Fit
163.4,53.9,Fit
149.9,70.8,Obese
150.0,52.0,Fit
174.5,56.8,Fit
151.1,60.5,Obese
169.3,53.0,Fit
166.3,63.4,Fit
169.1,55.5,Fit
170.2,52.9,Fit
154.7,60.4,Obese
154.3,50.3,Fit
172.9,79.5,Obese
158.1,46.8,Fit
134.7,27.5,Fit
172.1,61.4,Fit
153.6,75.0,Obese
170.1,70.4,Fit
180.3,76.0,Fit
165.2,64.7,Fit
176.0,64.2,Fit
166.7,83.0,Obese
182.5,76.9,Fit
153.3,54.6,Fit
164.9,67.7,Fit
172.4,55.2,Fit
162.9,51.3,Fit
177.7,67.5,Fit
160.2,64.4,Obese
187.8,67.2,Fit
188.3,77.5,Fit
168.1,60.5,Fit
171.1,51.8,Fit
178.1,65.7,Fit
151.9,55.1,Fit
150.6,38.0,Fit
178.8,81.6,Obese
168.0,65.8,Fit
162.5,60.9,Fit
165.1,60.0,Fit
138.8,33.6,Fit
162.9,53.2,Fit
156.7,56.9,Fit
175.1,62.2,Fit
175.9,69.6,Fit
171.3,57.4,Fit
169.4,66.7,Fit
148.5,52.7,Fit
171.5,51.7,Fit
171.9,65.6,Fit
178.7,58.1,Fit
188.3,63.1,Fit
146.4,42.4,Fit
160.7,79.2,Obese
156.8,60.3,Fit
166.9,72.4,Obese
165.1,64.9,Fit
162.4,59.7,Fit
176.3,75.5,Fit
152.9,46.3,Fit
153.5,55.6,Fit
153.7,61.4,Obese
161.0,62.6,Fit
151.5,60.4,Obese
164.5,61.0,Fit
163.2,72.1,Obese
156.3,52.1,Fit
174.6,84.0,Obese
164.3,64.0,Fit
176.7,65.6,Fit
162.9,48.9,Fit
164.7,53.2,Fit
158.8,47.8,Fit
164.9,59.1,Fit
172.8,55.5,Fit
160.5,67.0,Obese
170.7,65.0,Fit
156.1,54.1,Fit
173.3,56.8,Fit
158.6,49.2,Fit
174.4,49.1,Fit
165.7,73.3,Obese
181.7,61.3,Fit
152.3,40.3,Fit
148.8,60.0,Obese
158.2,58.2,Fit
149.8,50.3,Fit
149.8,52.1,Fit
171.8,72.6,Fit
165.0,60.7,Fit
159.7,43.8,Fit
160.7,62.7,Fit
158.4,58.6,Fit
183.2,83.2,Fit
156.9,44.2,Fit
150.5,44.0,Fit
173.8,69.6,Fit
162.6,50.6,Fit
187.4,58.5,Fit
159.2,57.3,Fit
174.3,74.0,Fit
176.9,67.8,Fit
159.3,60.2,Fit
156.8,57.3,Fit
173.2,66.0,Fit
171.3,65.7,Fit
149.5,60.0,Obese
152.6,43.5,Fit
137.1,47.5,Obese
171.5,55.3,Fit
162.1,51.5,Fit
163.2,68.2,Obese
146.4,37.5,Fit
152.9,49.5,Fit
159.7,75.0,Obese
157.6,62.9,Obese
166.3,54.9,Fit
171.4,60.1,Fit
190.0,78.0,Fit
164.8,70.2,Obese
177.3,61.1,Fit
155.9,45.0,Fit
146.6,53.0,Fit
161.1,43.7,Fit
147.4,40.5,Fit
165.2,59.3,Fit
156.4,53.6,Fit
143.5,34.4,Fit
184.1,77.4,Fit
159.1,60.1,Fit
147.0,42.2,Fit
174.9,80.6,Obese
157.0,56.9,Fit
177.0,60.9,Fit
156.9,67.1,Obese
159.1,51.5,Fit
168.8,64.1,Fit
171.5,60.8,Fit
173.5,71.2,Fit
164.0,55.3,Fit
170.8,60.8,Fit
173.2,64.7,Fit
167.2,57.5,Fit
163.4,67.3,Obese
149.1,38.8,Fit
171.6,64.5,Fit
165.5,60.9,Fit
160.5,55.6,Fit
179.1,78.3,Fit
149.3,37.0,Fit
183.1,78.3,Fit
164.8,49.8,Fit
168.5,58.4,Fit
160.7,46.0,Fit
146.7,44.7,Fit
163.5,54.2,Fit
168.7,75.7,Obese
172.4,67.3,Fit
162.8,61.8,Fit
140.9,34.8,Fit
148.0,54.1,Fit
187.6,90.5,Obese
153.0,58.4,Fit
180.7,61.3,Fit
154.7,49.0,Fit
163.0,59.3,Fit
171.9,60.4,Fit
156.0,73.8,Obese
182.5,69.4,Fit
165.8,60.2,Fit
170.1,58.8,Fit
162.1,59.6,Fit
172.2,76.3,Obese
182.4,74.1,Fit
163.6,57.1,Fit
184.0,65.9,Fit
158.3,64.8,Obese
173.4,65.0,Fit
170.4,62.4,Fit
153.2,33.0,Fit
167.4,60.6,Fit
165.1,56.7,Fit
155.6,38.7,Fit
168.9,70.7,Fit
166.6,56.8,Fit
164.2,74.5,Obese
164.2,70.7,Obese
164.0,53.4,Fit
161.0,67.9,Obese
166.5,73.9,Obese
157.9,50.4,Fit
194.2,74.7,Fit
149.5,31.9,Fit
158.6,58.4,Fit
159.4,48.1,Fit
187.4,80.6,Fit
150.5,45.3,Fit
169.7,57.1,Fit
167.7,57.4,Fit
168.7,52.2,Fit
178.6,65.7,Fit
178.4,64.1,Fit
160.0,56.2,Fit
167.1,62.3,Fit
144.5,37.4,Fit
166.1,69.5,Obese
156.3,52.4,Fit
162.9,70.4,Obese
146.5,49.1,Fit
169.5,63.7,Fit
146.3,43.2,Fit
166.6,66.0,Fit
151.5,50.8,Fit
155.7,60.2,Fit
177.7,82.3,Obese
171.5,58.9,Fit
177.6,74.3,Fit
182.2,77.7,Fit
156.5,57.5,Fit
181.5,69.0,Fit
148.9,45.5,Fit
173.2,61.3,Fit
159.6,51.2,Fit
154.8,46.0,Fit
171.8,64.1,Fit
175.4,61.6,Fit
175.1,70.9,Fit
167.4,62.1,Fit
166.5,62.3,Fit
170.8,62.0,Fit
168.3,62.9,Fit
171.0,62.3,Fit
167.2,67.8,Fit
174.3,63.3,Fit
147.1,50.6,Fit
163.6,48.4,Fit
149.8,55.0,Fit
168.0,57.7,Fit
183.1,66.4,Fit
159.8,47.1,Fit
166.4,51.2,Fit
173.3,62.2,Fit
142.3,56.5,Obese
159.3,50.7,Fit
169.0,45.2,Fit
133.1,41.9,Fit
154.3,43.4,Fit
177.1,75.5,Fit
176.0,64.8,Fit
169.1,60.7,Fit
174.7,76.7,Obese
167.4,66.6,Fit
171.1,54.4,Fit
161.5,48.6,Fit
166.3,46.6,Fit
158.0,75.8,Obese
178.9,63.5,Fit
181.7,82.0,Fit
180.2,67.2,Fit
160.5,48.0,Fit
154.5,52.7,Fit
179.0,67.9,Fit
171.0,70.7,Fit
168.6,69.1,Fit
158.0,50.2,Fit
169.7,51.8,Fit
153.1,42.0,Fit
172.0,46.8,Fit
180.2,69.2,Fit
182.9,73.5,Fit
172.8,56.5,Fit
149.8,39.3,Fit
167.2,61.4,Fit
188.5,73.1,Fit
155.4,51.5,Fit
164.3,56.5,Fit
180.5,73.7,Fit
171.8,60.4,Fit
192.3,77.4,Fit
156.9,39.1,Fit
154.1,51.8,Fit
178.5,70.8,Fit
151.8,49.3,Fit
162.8,73.6,Obese
164.3,60.7,Fit
176.4,67.2,Fit
171.8,68.9,Fit
170.0,80.5,Obese
160.6,58.7,Fit
178.4,52.2,Fit
209.3,99.8,Fit
172.6,58.5,Fit
166.1,45.3,Fit
150.7,63.6,Obese
158.0,66.8,Obese
162.6,51.0,Fit
159.1,48.5,Fit
164.8,61.0,Fit
184.6,67.9,Fit
178.7,69.2,Fit
163.3,52.9,Fit
151.7,47.4,Fit
179.7,59.8,Fit
164.5,66.1,Fit
146.0,56.5,Obese
172.8,64.9,Fit
176.3,68.1,Fit
138.3,47.1,Fit
155.9,53.5,Fit
163.8,72.9,Obese
173.1,55.4,Fit
159.3,62.7,Fit
155.8,52.5,Fit
173.0,56.9,Fit
159.8,74.2,Obese
171.0,83.4,Obese
152.8,49.7,Fit
150.1,53.1,Fit
173.3,62.3,Fit
167.8,59.4,Fit
175.1,58.4,Fit
159.1,45.5,Fit
156.3,68.5,Obese
180.0,70.9,Fit
148.2,48.8,Fit
178.8,63.8,Fit
179.5,72.4,Fit
174.5,54.9,Fit
157.4,48.3,Fit
156.0,44.0,Fit
162.7,68.6,Obese
150.8,36.8,Fit
154.4,43.0,Fit
172.1,48.8,Fit
172.1,58.1,Fit
153.5,48.1,Fit
172.4,73.2,Fit
170.0,61.8,Fit
181.6,69.3,Fit
171.3,66.9,Fit
176.6,65.1,Fit
170.2,83.0,Obese
175.8,63.2,Fit
150.8,53.4,Fit
163.7,65.5,Fit
164.6,54.6,Fit
162.3,59.3,Fit
169.9,59.5,Fit
172.0,67.3,Fit
169.3,63.9,Fit
163.1,57.4,Fit
156.9,44.9,Fit
177.1,83.9,Obese
168.8,67.4,Fit
153.8,39.3,Fit
162.9,55.0,Fit
145.8,34.2,Fit
165.4,66.3,Fit
162.8,58.1,Fit
158.7,55.4,Fit
182.4,66.5,Fit
152.3,48.5,Fit
172.8,72.0,Fit
189.1,87.1,Fit
176.8,75.6,Fit
164.7,47.2,Fit
152.5,49.7,Fit
150.0,51.5,Fit
160.5,50.8,Fit
157.4,41.3,Fit
157.1,44.0,Fit
161.4,69.3,Obese
163.9,49.5,Fit
170.3,64.2,Fit
151.4,49.2,Fit
157.5,53.3,Fit
163.2,56.1,Fit
162.8,64.7,Fit
185.2,75.7,Fit
167.6,56.8,Fit
147.3,48.1,Fit
169.6,53.1,Fit
171.0,68.1,Fit
163.6,53.5,Fit
151.7,45.6,Fit
184.3,78.9,Fit
153.2,48.4,Fit
172.3,62.5,Fit
167.2,70.8,Obese
171.6,57.0,Fit
183.8,78.3,Fit
171.2,72.1,Fit
158.9,64.9,Obese
177.2,86.5,Obese
158.1,49.8,Fit
166.8,54.3,Fit
150.8,56.6,Fit
153.6,59.4,Obese
165.6,54.0,Fit
169.0,66.7,Fit
146.3,68.9,Obese
170.5,64.8,Fit
156.0,60.9,Obese
179.1,83.2,Obese
161.1,77.1,Obese
152.6,53.2,Fit
165.8,70.5,Obese
154.9,46.5,Fit
179.0,70.7,Fit
165.0,56.3,Fit
163.3,43.6,Fit
171.5,51.9,Fit
153.9,55.6,Fit
150.8,53.6,Fit
169.5,54.9,Fit
152.9,63.9,Obese
152.9,42.6,Fit
174.2,68.8,Fit
170.8,60.8,Fit
151.2,51.2,Fit
158.2,62.2,Fit
155.1,59.0,Fit
184.5,80.6,Fit
175.0,72.0,Fit
160.4,46.4,Fit
171.3,73.7,Obese
150.1,41.1,Fit
157.6,53.8,Fit
166.2,57.9,Fit
170.0,66.4,Fit
163.9,55.2,Fit
167.7,60.6,Fit
165.9,73.5,Obese
163.2,48.2,Fit
161.7,57.5,Fit
160.3,47.6,Fit
167.6,67.2,Fit
169.5,57.4,Fit
167.2,61.8,Fit
152.0,40.3,Fit
154.0,62.5,Obese
169.4,63.7,Fit
181.2,73.3,Fit
166.7,67.8,Fit
160.5,46.6,Fit
167.5,56.8,Fit
152.5,52.5,Fit
179.4,56.7,Fit
167.1,48.2,Fit
157.6,48.1,Fit
163.2,49.4,Fit
159.2,53.0,Fit
179.4,75.0,Fit
162.8,64.3,Fit
166.7,75.6,Obese
171.3,64.4,Fit
156.9,55.4,Fit
167.1,61.3,Fit
168.0,64.7,Fit
147.9,51.3,Fit
167.8,69.3,Fit
164.5,66.9,Fit
166.4,65.1,Fit
165.4,72.3,Obese
167.9,62.2,Fit
179.7,66.2,Fit
152.0,47.3,Fit
161.2,56.3,Fit
172.3,56.7,Fit
170.3,58.9,Fit
170.1,54.5,Fit
195.3,86.7,Fit
171.8,67.7,Fit
177.4,55.1,Fit
161.6,52.2,Fit
154.1,66.8,Obese
161.5,62.4,Fit
172.8,69.4,Fit
169.5,57.9,Fit
169.4,65.5,Fit
162.6,58.1,Fit
160.9,50.6,Fit
163.0,54.5,Fit
173.0,62.1,Fit
174.2,54.9,Fit
153.9,41.5,Fit
173.4,64.5,Fit
157.8,48.0,Fit
170.2,61.3,Fit
162.9,45.5,Fit
182.2,79.5,Fit
160.4,73.2,Obese
167.0,69.5,Fit
171.7,73.9,Obese
155.4,58.1,Fit
164.2,61.4,Fit
162.1,58.5,Fit
159.3,48.5,Fit
160.2,62.0,Fit
177.2,74.2,Fit
158.4,51.5,Fit
171.2,68.7,Fit
168.5,56.9,Fit
149.6,44.2,Fit
170.7,70.3,Fit
149.5,52.6,Fit
171.9,63.2,Fit
159.4,53.1,Fit
165.1,61.4,Fit
150.8,35.3,Fit
166.3,54.8,Fit
175.2,57.4,Fit
156.1,53.7,Fit
158.3,63.9,Obese
170.0,67.4,Fit
170.3,59.7,Fit
138.2,36.4,Fit
187.2,71.0,Fit
170.8,80.2,Obese
172.7,66.1,Fit
163.4,60.4,Fit
144.6,29.1,Fit
172.4,56.0,Fit
158.8,55.1,Fit
171.0,60.3,Fit
162.6,59.2,Fit
167.6,62.8,Fit
156.5,58.7,Fit
174.5,52.0,Fit
151.9,41.9,Fit
189.7,78.4,Fit
189.6,73.9,Fit
183.0,71.2,Fit
179.0,71.4,Fit
164.1,53.3,Fit
177.8,71.1,Fit
163.9,63.5,Fit
147.9,48.7,Fit
181.5,78.3,Fit
177.4,51.9,Fit
164.7,55.0,Fit
151.5,57.6,Obese
158.6,48.4,Fit
145.0,38.2,Fit
175.4,66.7,Fit
147.4,47.6,Fit
168.2,57.9,Fit
155.7,68.1,Obese
149.3,51.3,Fit
167.6,54.6,Fit
161.3,45.7,Fit
174.2,70.0,Fit
151.1,42.8,Fit
156.7,71.2,Obese
138.7,45.8,Fit
141.0,48.2,Fit
184.8,77.1,Fit
187.9,86.7,Fit
166.0,41.5,Fit
155.9,43.9,Fit
161.7,65.8,Obese
174.6,79.1,Obese
159.3,46.0,Fit
167.6,47.3,Fit
164.9,61.1,Fit
158.7,59.3,Fit
159.2,56.9,Fit
168.2,61.8,Fit
154.3,37.5,Fit
170.0,60.6,Fit
159.8,54.4,Fit
166.4,56.5,Fit
180.2,56.1,Fit
163.1,63.2,Fit
175.1,74.4,Fit
145.3,40.1,Fit
159.8,54.7,Fit
165.3,56.1,Fit
186.2,72.3,Fit
143.4,49.2,Fit
163.9,63.3,Fit
181.0,80.7,Fit
156.4,62.2,Obese
162.7,56.8,Fit
168.6,85.3,Obese
167.0,73.8,Obese
182.2,67.8,Fit
169.9,64.5,Fit
179.6,55.1,Fit
161.0,57.3,Fit
156.9,67.5,Obese
162.5,80.4,Obese
152.2,50.0,Fit
170.3,66.5,Fit
160.8,61.7,Fit
157.6,70.5,Obese
170.5,56.1,Fit
152.4,72.4,Obese
173.5,63.7,Fit
159.7,46.8,Fit
177.8,67.0,Fit
160.7,50.3,Fit
172.0,68.4,Fit
167.0,48.1,Fit
173.2,67.1,Fit
166.2,66.1,Fit
146.7,59.2,Obese
176.1,73.7,Fit
164.0,70.6,Obese
173.7,61.5,Fit
172.6,68.7,Fit
156.5,36.0,Fit
154.9,51.9,Fit
172.2,68.3,Fit
161.7,61.3,Fit
175.3,55.0,Fit
163.0,55.4,Fit
176.3,66.3,Fit
169.7,59.9,Fit
168.2,68.0,Fit
160.9,55.2,Fit
167.6,62.6,Fit
178.1,65.9,Fit
164.4,68.0,Obese
170.8,73.3,Obese
165.5,57.8,Fit
166.4,83.7,Obese
184.0,68.3,Fit
178.2,77.9,Fit
165.9,52.9,Fit
167.4,67.8,Fit
157.3,60.0,Fit
163.1,50.4,Fit
168.4,61.3,Fit
174.4,81.8,Obese
173.2,59.5,Fit
152.8,54.6,Fit
175.7,70.6,Fit
164.0,58.8,Fit
154.1,38.4,Fit
179.7,77.7,Fit
181.1,72.2,Fit
167.9,70.9,Obese
172.8,67.5,Fit
173.4,66.7,Fit
180.4,74.5,Fit
173.0,58.0,Fit
150.4,62.2,Obese
187.1,74.0,Fit
176.7,65.8,Fit
159.4,66.2,Obese
153.7,53.9,Fit
170.6,62.1,Fit
161.9,61.0,Fit
168.6,67.6,Fit
173.2,65.0,Fit
158.8,62.8,Fit
152.7,41.1,Fit
169.2,65.1,Fit
159.1,62.1,Fit
166.6,66.0,Fit
150.2,31.7,Fit
162.2,56.9,Fit
172.9,56.0,Fit
171.7,75.1,Obese
156.3,50.6,Fit
152.1,60.3,Obese
165.2,50.3,Fit
171.2,67.6,Fit
169.5,63.2,Fit
159.4,78.0,Obese
168.3,71.7,Obese
181.5,81.4,Fit
167.3,77.8,Obese
147.0,49.8,Fit
167.2,60.7,Fit
187.5,75.6,Fit
150.8,52.7,Fit
165.3,38.0,Fit
162.5,58.1,Fit
166.1,62.5,Fit
167.1,60.2,Fit
177.5,57.1,Fit
165.9,59.4,Fit
179.0,58.3,Fit
163.7,73.1,Obese
161.1,55.1,Fit
157.6,38.2,Fit
145.0,44.6,Fit
168.0,69.3,Fit
187.6,78.8,Fit
170.0,56.3,Fit
172.6,60.1,Fit
160.5,54.3,Fit
162.3,54.4,Fit
175.8,57.9,Fit
187.1,76.5,Fit
181.4,61.7,Fit
173.9,74.1,Fit
165.4,68.7,Obese
167.3,53.6,Fit
156.7,48.3,Fit
149.1,45.5,Fit
152.6,51.0,Fit
165.5,62.3,Fit
161.8,61.3,Fit
148.8,52.3,Fit
164.6,72.0,Obese
161.5,57.9,Fit
152.1,40.5,Fit
160.9,44.1,Fit
161.5,70.4,Obese
158.2,59.1,Fit
175.2,69.2,Fit
144.1,49.3,Fit
143.2,46.4,Fit
165.0,63.4,Fit
166.1,57.7,Fit
169.4,71.6,Fit
159.1,51.5,Fit
154.9,45.6,Fit
164.9,46.3,Fit
160.1,54.5,Fit
182.1,83.1,Obese
161.4,53.7,Fit
164.4,48.4,Fit
192.2,83.6,Fit
162.9,53.1,Fit
171.1,76.8,Obese
172.1,73.8,Fit
173.0,55.7,Fit
168.2,60.8,Fit
167.1,55.4,Fit
166.1,51.4,Fit
158.7,54.9,Fit
168.6,69.1,Fit
187.3,76.5,Fit
178.3,65.8,Fit
168.3,44.7,Fit
174.4,61.6,Fit
155.4,57.6,Fit
162.1,47.1,Fit
175.4,78.0,Obese
181.4,67.7,Fit
156.5,55.4,Fit
159.7,52.9,Fit
189.0,69.2,Fit
166.1,64.2,Fit
185.1,70.6,Fit
167.3,54.9,Fit
167.7,42.9,Fit
161.6,67.9,Obese
175.4,67.7,Fit
179.9,80.1,Fit
153.6,56.9,Fit
161.1,66.0,Obese
175.1,62.9,Fit
163.6,47.9,Fit
159.6,62.1,Fit
176.1,69.3,Fit
177.1,65.3,Fit
160.1,62.3,Fit
167.3,64.1,Fit
151.7,55.7,Fit
155.1,44.8,Fit
166.4,68.7,Fit
165.3,60.1,Fit
154.4,61.1,Obese
157.1,62.1,Obese
153.3,57.2,Fit
170.0,62.7,Fit
143.4,50.9,Fit
153.9,61.0,Obese
144.5,50.8,Fit
169.6,64.9,Fit
145.2,52.1,Fit
165.3,55.9,Fit
183.0,85.8,Obese
183.4,60.5,Fit
145.1,46.6,Fit
168.3,59.1,Fit
154.1,47.1,Fit
151.9,53.2,Fit
163.8,50.0,Fit
178.5,87.3,Obese
171.6,54.0,Fit
157.1,46.7,Fit
172.8,57.3,Fit
140.3,44.9,Fit
156.7,62.1,Obese
155.9,57.7,Fit
165.9,72.3,Obese
162.8,51.7,Fit
163.4,64.0,Fit
163.1,56.1,Fit
165.2,61.9,Fit
170.9,73.2,Obese
166.6,47.6,Fit
161.9,73.6,Obese
169.4,62.0,Fit
174.1,53.8,Fit
158.9,50.0,Fit
164.3,60.2,Fit
177.8,64.0,Fit
152.9,35.0,Fit
184.9,75.9,Fit
150.3,43.9,Fit
161.2,62.4,Fit
154.5,44.0,Fit
189.1,96.7,Obese
159.5,60.1,Fit
159.5,57.5,Fit
160.9,62.0,Fit
166.1,46.1,Fit
161.4,53.3,Fit
163.5,73.1,Obese
126.2,32.5,Fit
165.6,59.8,Fit
165.2,56.3,Fit
176.4,80.2,Obese
179.4,68.8,Fit
162.9,48.4,Fit
174.0,87.2,Obese
152.9,40.4,Fit
173.4,65.4,Fit
158.7,48.7,Fit
152.0,45.2,Fit
163.0,49.9,Fit
180.4,67.3,Fit
167.0,69.2,Fit
181.5,57.2,Fit
156.8,64.2,Obese
176.5,77.3,Fit
157.8,58.9,Fit
167.5,62.7,Fit
167.4,63.9,Fit
172.3,76.7,Obese
167.8,47.9,Fit
156.9,60.0,Fit
174.7,61.2,Fit
184.0,81.1,Fit
158.6,50.4,Fit
144.8,51.8,Fit
170.5,51.6,Fit
161.4,43.7,Fit
163.6,57.9,Fit
171.1,75.9,Obese
160.0,60.6,Fit
162.0,62.0,Fit
163.9,66.0,Fit
181.2,69.0,Fit
165.3,65.0,Fit
151.4,45.8,Fit
151.8,48.2,Fit
166.5,59.5,Fit
152.6,46.9,Fit
147.8,47.5,Fit
172.0,63.0,Fit
172.5,59.8,Fit
161.0,55.9,Fit
168.2,63.5,Fit
167.1,52.6,Fit
171.6,68.1,Fit
171.7,60.9,Fit
136.3,42.5,Fit
162.4,52.7,Fit
170.7,72.5,Fit
160.5,64.3,Fit
165.4,51.8,Fit
173.3,70.2,Fit
165.9,72.1,Obese
181.6,65.0,Fit
177.4,62.3,Fit
163.7,64.8,Fit
162.8,47.9,Fit
133.6,33.1,Fit
161.4,49.2,Fit
150.1,55.6,Fit
167.4,56.1,Fit
166.7,58.8,Fit
172.7,59.6,Fit
180.4,80.8,Fit
164.7,52.8,Fit
190.1,68.2,Fit
167.6,50.2,Fit
150.6,55.4,Fit
158.8,61.6,Fit
160.9,66.9,Obese
171.5,54.6,Fit
154.6,50.7,Fit
161.7,77.0,Obese
163.2,56.2,Fit
160.1,51.9,Fit
173.9,66.4,Fit
172.1,69.4,Fit
177.8,73.7,Fit
161.4,52.4,Fit
178.2,65.2,Fit
150.0,47.1,Fit
149.7,43.5,Fit
151.6,40.7,Fit
165.1,74.4,Obese
178.2,66.6,Fit
158.4,52.4,Fit
159.8,53.6,Fit
162.6,57.5,Fit
171.3,68.0,Fit
159.7,52.4,Fit
159.1,64.8,Obese
150.2,54.4,Fit
158.7,53.9,Fit
178.0,64.3,Fit
166.0,69.3,Obese
156.9,52.8,Fit
178.6,60.2,Fit
158.6,63.5,Obese
180.6,66.0,Fit
180.4,78.6,Fit
165.6,40.2,Fit
148.5,45.6,Fit
190.2,88.9,Fit
169.3,63.1,Fit
161.4,62.1,Fit
175.5,60.6,Fit
172.7,68.4,Fit
179.4,70.9,Fit
157.7,56.7,Fit
168.5,78.8,Obese
152.0,61.2,Obese
172.3,71.7,Fit
164.7,66.1,Fit
168.1,54.9,Fit
163.4,55.0,Fit
162.2,45.6,Fit
155.4,43.0,Fit
173.7,59.3,Fit
181.4,72.1,Fit
158.9,45.7,Fit
171.1,64.1,Fit
169.8,62.2,Fit
165.1,50.9,Fit
148.2,60.5,Obese
150.7,39.4,Fit
156.4,62.8,Obese
141.5,26.0,Fit
180.5,70.5,Fit
169.0,53.3,Fit
164.7,54.4,Fit
140.9,58.2,Obese
144.9,43.4,Fit
165.0,51.0,Fit
186.7,80.6,Fit
157.3,51.6,Fit
174.5,68.2,Fit
159.7,48.8,Fit
165.6,53.4,Fit
178.4,63.7,Fit
161.2,63.6,Fit
157.4,52.7,Fit
180.6,63.4,Fit
165.5,61.6,Fit
177.0,69.6,Fit
157.5,59.1,Fit
180.5,67.8,Fit
168.0,61.5,Fit
169.8,66.8,Fit
166.4,52.9,Fit
159.4,63.0,Fit
165.0,60.0,Fit
160.1,47.6,Fit
175.6,58.9,Fit
162.8,57.5,Fit
148.5,44.1,Fit
146.5,53.3,Fit
146.0,44.6,Fit
171.8,67.4,Fit
152.3,44.3,Fit
168.3,62.1,Fit
166.5,71.5,Obese
164.3,58.2,Fit
169.8,59.0,Fit
166.7,54.3,Fit
135.2,40.1,Fit
161.4,68.6,Obese
169.7,52.4,Fit
183.0,73.3,Fit
183.6,60.4,Fit
150.0,46.2,Fit
161.2,59.2,Fit
147.8,35.4,Fit
181.7,69.1,Fit
176.1,70.6,Fit
168.9,63.8,Fit
166.8,63.9,Fit
180.2,63.6,Fit
178.3,72.3,Fit
177.7,64.7,Fit
170.0,69.3,Fit
161.2,38.7,Fit
173.4,63.9,Fit
174.0,67.4,Fit
162.9,69.2,Obese
161.1,57.8,Fit
177.5,70.8,Fit
183.3,76.9,Fit
156.8,64.1,Obese
162.1,54.8,Fit
168.9,51.5,Fit
170.4,51.1,Fit
159.3,61.1,Fit
185.7,77.7,Fit
169.6,61.3,Fit
170.8,59.5,Fit
184.3,76.2,Fit
160.1,58.0,Fit
164.0,63.0,Fit
151.2,41.4,Fit
163.1,44.4,Fit
148.6,41.3,Fit
173.2,55.2,Fit
169.6,52.1,Fit
162.0,70.3,Obese
163.9,41.0,Fit
173.4,69.9,Fit
152.5,58.4,Obese
167.2,69.4,Fit
172.7,67.8,Fit
145.4,57.1,Obese
172.5,79.8,Obese
146.6,44.9,Fit
163.7,62.5,Fit
152.2,61.2,Obese
180.7,65.0,Fit
152.3,49.1,Fit
146.8,42.4,Fit
166.5,64.7,Fit
160.4,41.5,Fit
148.4,60.0,Obese
170.8,68.4,Fit
143.1,49.8,Fit
153.6,33.0,Fit
158.7,47.1,Fit
173.8,78.4,Obese
179.3,69.3,Fit
177.1,55.2,Fit
163.3,60.5,Fit
138.3,47.5,Fit
169.3,67.3,Fit
181.2,71.0,Fit
178.6,79.2,Fit
170.1,58.0,Fit
151.9,55.1,Fit
159.2,56.9,Fit
186.3,75.3,Fit
149.4,46.1,Fit
152.4,48.3,Fit
175.4,67.9,Fit
160.3,54.2,Fit
152.0,56.7,Fit
181.8,68.4,Fit
170.1,76.2,Obese
160.8,52.2,Fit
152.4,58.5,Obese
187.5,85.1,Fit
164.7,61.0,Fit
180.4,72.2,Fit
174.8,61.4,Fit
159.3,51.7,Fit
159.4,57.6,Fit
180.9,71.6,Fit
181.1,81.6,Fit
144.4,42.2,Fit
171.0,61.2,Fit
163.7,45.6,Fit
153.6,57.1,Fit
167.9,66.4,Fit
150.2,57.4,Obese
159.9,64.5,Obese
156.2,60.0,Fit
159.5,62.6,Fit
164.2,64.2,Fit
153.8,58.2,Fit
182.3,58.4,Fit
170.4,55.1,Fit
184.7,65.0,Fit
163.2,68.8,Obese
159.0,49.3,Fit
184.3,69.8,Fit
158.6,55.4,Fit
163.0,48.5,Fit
172.9,68.8,Fit
151.4,33.4,Fit
172.8,56.3,Fit
171.4,66.2,Fit
179.0,60.5,Fit
174.8,77.6,Obese
179.3,71.1,Fit
163.8,68.1,Obese
155.5,56.1,Fit
188.2,77.8,Fit
148.2,40.4,Fit
149.3,56.5,Obese
171.2,68.0,Fit
182.9,90.3,Obese
167.1,68.0,Fit
176.0,65.0,Fit
143.0,47.3,Fit
159.5,59.3,Fit
144.4,55.2,Obese
173.6,76.9,Obese
148.0,46.9,Fit
150.9,40.4,Fit
170.7,49.2,Fit
176.7,59.6,Fit
163.3,53.9,Fit
171.3,76.6,Obese
170.9,76.4,Obese
162.6,65.9,Fit
153.0,61.3,Obese
171.2,58.8,Fit
171.7,52.8,Fit
174.8,59.2,Fit
168.4,46.1,Fit
152.1,42.0,Fit
172.6,61.5,Fit
165.0,61.2,Fit
159.7,57.2,Fit
161.8,52.0,Fit
157.4,59.1,Fit
174.8,61.8,Fit
149.4,49.2,Fit
154.1,43.3,Fit
161.4,66.0,Obese
182.8,73.6,Fit
176.6,74.0,Fit
147.0,37.8,Fit
179.9,72.6,Fit
179.8,75.7,Fit
152.1,34.5,Fit
137.3,50.8,Obese
164.2,49.3,Fit
177.3,70.9,Fit
182.5,87.6,Obese
155.4,60.8,Obese
184.3,62.8,Fit
140.5,42.0,Fit
161.0,66.9,Obese
160.4,50.1,Fit
177.7,66.6,Fit
179.3,67.6,Fit
175.5,72.3,Fit
150.1,37.3,Fit
174.5,72.0,Fit
170.6,59.0,Fit
146.6,47.2,Fit
142.3,42.7,Fit
176.4,73.3,Fit
163.0,58.3,Fit
150.9,61.6,Obese
162.7,66.2,Fit
169.0,56.5,Fit
164.1,70.2,Obese
147.9,50.7,Fit
185.7,77.3,Fit
176.0,75.0,Fit
161.3,48.9,Fit
161.8,46.5,Fit
169.0,63.0,Fit
152.6,46.4,Fit
168.5,79.1,Obese
150.4,43.6,Fit
164.2,59.7,Fit
152.1,52.5,Fit
152.7,61.1,Obese
183.1,65.8,Fit
165.7,47.5,Fit
167.3,72.7,Obese
142.9,45.6,Fit
158.4,61.7,Fit
170.1,70.5,Fit
167.1,69.7,Fit
141.3,40.9,Fit
167.3,56.4,Fit
169.0,46.9,Fit
179.1,62.6,Fit
157.8,55.3,Fit
140.3,37.7,Fit
154.0,43.1,Fit
152.9,51.9,Fit
173.1,76.7,Obese
135.1,39.7,Fit
160.1,47.3,Fit
180.7,82.0,Obese
165.1,53.8,Fit
174.9,79.1,Obese
146.9,45.4,Fit
147.4,48.6,Fit
180.8,84.4,Obese
166.1,49.9,Fit
166.1,52.3,Fit
152.7,48.7,Fit
166.1,59.6,Fit
152.4,72.2,Obese
178.1,62.6,Fit
195.0,73.2,Fit
170.3,56.3,Fit
158.0,56.8,Fit
137.1,45.3,Fit
146.5,41.5,Fit
182.1,73.1,Fit
153.7,67.5,Obese
160.9,57.3,Fit
172.2,67.8,Fit
181.3,87.4,Obese
162.8,52.7,Fit
160.5,50.6,Fit
165.8,56.7,Fit
158.1,50.8,Fit
158.7,40.8,Fit
169.5,64.3,Fit
167.0,63.1,Fit
188.4,76.6,Fit
169.8,65.4,Fit
177.7,71.5,Fit
153.2,41.1,Fit
170.8,66.5,Fit
157.0,58.7,Fit
169.3,50.3,Fit
172.6,77.2,Obese
165.5,50.4,Fit
191.5,71.6,Fit
180.7,73.5,Fit
177.9,73.9,Fit
173.4,72.4,Fit
184.4,79.3,Fit
149.2,44.8,Fit
180.1,72.2,Fit
154.1,49.7,Fit
158.8,56.9,Fit
171.2,65.0,Fit
178.6,66.1,Fit
152.3,48.3,Fit
159.4,41.1,Fit
166.1,67.3,Fit
162.9,60.8,Fit
174.4,48.5,Fit
202.8,96.8,Fit
169.6,62.9,Fit
156.9,46.7,Fit
150.7,41.8,Fit
161.4,51.8,Fit
154.7,45.2,Fit
170.1,57.3,Fit
170.0,77.2,Obese
159.9,59.2,Fit
186.8,93.1,Obese
156.9,56.0,Fit
163.7,63.6,Fit
172.0,58.1,Fit
174.8,65.9,Fit
179.1,69.9,Fit
169.7,68.3,Fit
176.6,68.2,Fit
157.7,57.5,Fit
175.1,70.0,Fit
175.0,64.9,Fit
181.6,69.3,Fit
146.6,42.0,Fit
155.0,61.5,Obese
174.1,64.2,Fit
135.8,43.2,Fit
170.4,62.6,Fit
176.7,77.2,Fit
158.7,39.5,Fit
160.3,58.9,Fit
153.2,41.6,Fit
159.3,58.9,Fit
159.6,54.9,Fit
157.5,42.7,Fit
156.9,56.8,Fit
162.0,59.5,Fit
161.9,55.8,Fit
185.6,75.0,Fit
160.7,58.1,Fit
168.8,72.1,Obese
158.7,52.9,Fit
158.5,63.4,Obese
146.3,46.8,Fit
147.7,58.4,Obese
151.7,48.8,Fit
167.0,56.0,Fit
176.8,60.0,Fit
145.3,46.2,Fit
159.0,49.2,Fit
150.0,60.7,Obese
162.1,50.8,Fit
176.8,63.3,Fit
160.1,61.0,Fit
164.5,69.0,Obese
181.0,77.9,Fit
170.0,72.1,Fit
156.6,53.3,Fit
166.7,60.6,Fit
155.9,69.6,Obese
169.6,76.8,Obese
170.7,69.8,Fit
150.0,58.3,Obese
166.9,68.2,Fit
163.7,49.3,Fit
171.0,64.0,Fit
174.1,78.7,Obese
170.3,69.5,Fit
161.7,57.0,Fit
175.3,79.7,Obese
155.4,56.1,Fit
150.5,55.9,Fit
129.9,40.1,Fit
164.2,63.7,Fit
156.0,58.4,Fit
169.4,73.5,Obese
143.3,56.6,Obese
157.9,51.2,Fit
170.2,66.6,Fit
153.7,62.1,Obese
169.5,62.2,Fit
158.9,45.1,Fit
164.6,52.4,Fit
171.5,58.0,Fit
175.5,64.1,Fit
166.0,54.7,Fit
156.0,61.8,Obese
160.0,54.1,Fit
172.0,75.2,Obese
153.8,43.0,Fit
163.0,55.7,Fit
160.8,57.7,Fit
163.9,65.6,Fit
153.9,61.3,Obese
144.6,41.7,Fit
170.7,72.1,Fit
175.6,54.4,Fit
145.3,53.4,Obese
169.1,52.1,Fit
176.9,72.4,Fit
171.6,73.8,Obese
160.4,63.7,Fit
154.6,39.5,Fit
165.9,57.0,Fit
167.7,67.6,Fit
166.1,66.2,Fit
163.0,60.7,Fit
153.1,33.9,Fit
169.6,72.9,Obese
170.2,74.7,Obese
167.2,62.8,Fit
166.2,62.6,Fit
183.5,78.1,Fit
158.1,66.7,Obese
179.1,72.6,Fit
156.9,52.6,Fit
177.2,72.1,Fit
178.6,70.1,Fit
161.8,57.6,Fit
183.3,59.8,Fit
170.2,67.9,Fit
155.4,62.5,Obese
160.9,65.1,Obese
177.5,76.9,Fit
175.2,67.1,Fit
153.4,52.9,Fit
163.5,68.3,Obese
167.2,68.5,Fit
159.4,67.8,Obese
190.9,74.8,Fit
167.6,56.3,Fit
164.3,56.7,Fit
178.1,62.2,Fit
161.0,46.4,Fit
176.1,72.0,Fit
146.7,50.5,Fit
160.0,58.3,Fit
176.5,71.4,Fit
182.3,61.4,Fit
156.5,50.0,Fit
155.2,50.7,Fit
171.2,64.9,Fit
158.1,43.3,Fit
162.0,50.3,Fit
174.6,63.6,Fit
159.0,64.1,Obese
143.4,47.3,Fit
150.7,58.1,Obese
165.1,59.0,Fit
144.5,45.9,Fit
161.7,61.5,Fit
149.7,47.9,Fit
183.0,68.7,Fit
188.8,66.5,Fit
153.4,47.0,Fit
167.8,68.7,Fit
154.4,62.6,Obese
161.6,51.3,Fit
184.8,61.3,Fit
159.9,63.6,Fit
161.9,58.2,Fit
154.6,41.8,Fit
177.6,44.5,Fit
129.1,29.0,Fit
160.1,52.7,Fit
164.5,50.3,Fit
157.7,60.3,Fit
174.5,60.5,Fit
178.2,70.0,Fit
149.5,68.1,Obese
188.0,78.7,Fit
149.3,48.1,Fit
179.2,69.9,Fit
166.6,66.4,Fit
159.5,60.3,Fit
160.5,48.6,Fit
164.6,56.3,Fit
167.3,56.2,Fit
154.9,50.5,Fit
162.4,72.7,Obese
156.5,58.8,Fit
151.6,49.9,Fit
156.0,63.5,Obese
152.4,52.6,Fit
160.4,43.5,Fit
169.8,76.7,Obese
166.3,59.6,Fit
186.7,58.7,Fit
140.7,30.7,Fit
170.2,72.7,Obese
165.1,47.3,Fit
174.0,77.4,Obese
172.9,66.4,Fit
163.2,64.3,Fit
166.9,59.2,Fit
156.8,58.3,Fit
171.8,67.4,Fit
144.3,45.5,Fit
173.5,57.7,Fit
164.7,62.6,Fit
159.6,41.5,Fit
162.4,65.5,Fit
163.2,60.2,Fit
179.3,74.4,Fit
200.6,67.6,Fit
178.4,61.0,Fit
158.8,51.4,Fit
171.9,70.4,Fit
172.4,57.9,Fit
154.8,73.1,Obese
151.1,48.1,Fit
164.3,51.3,Fit
173.9,65.0,Fit
147.3,40.1,Fit
157.1,44.8,Fit
171.3,72.6,Fit
165.5,64.3,Fit
180.6,75.9,Fit
149.5,59.4,Obese
190.9,84.0,Fit
148.1,39.7,Fit
142.7,50.5,Fit
164.4,50.4,Fit
152.5,47.4,Fit
164.6,59.2,Fit
164.2,58.1,Fit
162.8,44.0,Fit
155.7,45.6,Fit
169.8,63.2,Fit
161.5,52.5,Fit
177.1,78.0,Fit
163.0,68.8,Obese
154.4,43.5,Fit
146.4,47.7,Fit
163.1,71.2,Obese
151.0,49.1,Fit
150.2,46.3,Fit
170.8,71.1,Fit
145.4,44.3,Fit
180.5,81.9,Obese
166.8,56.4,Fit
164.5,55.7,Fit
153.6,58.2,Fit
173.4,67.0,Fit
165.0,60.7,Fit
157.5,39.3,Fit
167.2,58.7,Fit
146.5,54.1,Obese
147.0,41.3,Fit
152.7,56.9,Fit
168.8,64.9,Fit
165.0,58.3,Fit
176.5,79.4,Obese
154.9,50.1,Fit
171.3,62.4,Fit
163.7,57.3,Fit
154.6,53.2,Fit
169.2,69.1,Fit
164.3,47.6,Fit
158.1,61.9,Fit
165.5,60.8,Fit
163.6,63.3,Fit
163.3,77.8,Obese
160.5,52.6,Fit
150.6,40.1,Fit
165.8,62.0,Fit
156.2,56.5,Fit
153.8,59.0,Fit
162.4,53.7,Fit
173.1,59.3,Fit
167.0,49.1,Fit
159.2,44.8,Fit
158.7,52.1,Fit
172.0,64.1,Fit
138.6,58.8,Obese
173.8,52.9,Fit
144.4,48.5,Fit
149.4,43.3,Fit
159.3,57.6,Fit
188.9,74.1,Fit
183.5,82.3,Fit
172.8,73.9,Fit
168.9,61.9,Fit
144.5,57.5,Obese
166.7,67.2,Fit
159.0,66.7,Obese
156.0,53.2,Fit
166.7,68.8,Fit
159.8,50.0,Fit
174.6,60.1,Fit
143.7,62.9,Obese
165.8,51.8,Fit
155.3,49.6,Fit
160.5,41.5,Fit
168.4,55.6,Fit
152.7,43.4,Fit
166.8,55.9,Fit
162.7,60.6,Fit
157.7,59.1,Fit
159.8,48.1,Fit
163.3,52.3,Fit
156.6,62.6,Obese
165.1,73.6,Obese
161.9,67.7,Obese
158.3,41.9,Fit
182.5,82.8,Fit
169.6,78.1,Obese
160.8,43.3,Fit
166.6,69.7,Obese
153.7,53.8,Fit
160.2,53.8,Fit
161.5,58.2,Fit
151.3,53.9,Fit
169.3,72.3,Obese
159.4,64.8,Obese
161.1,45.0,Fit
158.7,50.2,Fit
197.5,86.6,Fit
157.7,67.3,Obese
142.2,22.7,Fit
147.4,42.9,Fit
173.4,53.9,Fit
179.7,60.1,Fit
157.5,62.5,Obese
179.1,66.3,Fit
173.2,47.3,Fit
162.9,57.1,Fit
162.1,74.1,Obese
167.0,46.9,Fit
174.7,71.4,Fit
169.4,75.7,Obese
157.6,54.2,Fit
163.1,73.9,Obese
186.8,71.5,Fit
167.8,73.5,Obese
174.6,76.7,Obese
170.9,64.0,Fit
168.0,50.2,Fit
166.2,52.8,Fit
174.9,48.5,Fit
172.9,70.5,Fit
167.9,65.8,Fit
157.4,55.1,Fit
169.2,62.0,Fit
164.3,70.2,Obese
161.6,59.8,Fit
194.5,78.8,Fit
148.1,49.4,Fit
175.5,84.2,Obese
155.5,58.2,Fit
166.4,57.8,Fit
193.3,81.8,Fit
154.4,56.2,Fit
157.0,50.9,Fit
164.8,55.7,Fit
155.7,53.2,Fit
174.7,79.3,Obese
159.1,62.0,Fit
172.2,62.0,Fit
150.4,56.7,Obese
145.1,46.4,Fit
162.5,60.8,Fit
147.7,50.1,Fit
181.7,55.8,Fit
148.2,23.9,Fit
153.6,53.7,Fit
169.5,56.4,Fit
158.5,42.2,Fit
148.3,41.8,Fit
187.4,84.7,Fit
154.0,55.0,Fit
162.8,64.5,Fit
162.7,61.9,Fit
172.8,58.4,Fit
170.1,69.9,Fit
155.9,58.2,Fit
161.4,56.4,Fit
162.5,58.6,Fit
173.2,72.4,Fit
152.1,44.9,Fit
187.2,85.8,Fit
156.6,58.5,Fit
164.9,59.8,Fit
152.2,63.2,Obese
150.7,39.6,Fit
155.4,49.4,Fit
154.3,46.9,Fit
160.4,59.5,Fit
154.2,61.8,Obese
172.7,57.7,Fit
156.4,80.2,Obese
155.2,47.7,Fit
160.7,59.7,Fit
175.9,68.1,Fit
167.4,62.0,Fit
163.9,52.8,Fit
149.2,57.5,Obese
152.4,44.3,Fit
150.9,36.0,Fit
179.4,61.8,Fit
170.8,75.8,Obese
155.5,63.2,Obese
158.8,39.4,Fit
155.9,60.0,Fit
155.3,37.2,Fit
170.1,63.4,Fit
161.8,48.0,Fit
187.9,84.8,Fit
178.8,74.7,Fit
179.4,78.6,Fit
172.4,63.0,Fit
160.4,55.0,Fit
171.6,52.8,Fit
161.2,48.9,Fit
182.9,81.2,Fit
169.4,66.1,Fit
167.9,62.8,Fit
166.4,71.0,Obese
184.1,64.2,Fit
149.2,54.8,Fit
185.2,66.0,Fit
163.0,70.2,Obese
149.5,53.5,Fit
156.7,61.8,Obese
146.8,41.8,Fit
172.2,82.7,Obese
153.6,67.9,Obese
166.9,64.7,Fit
177.5,78.7,Fit
157.6,52.2,Fit
162.1,47.6,Fit
150.7,56.3,Fit
160.7,49.5,Fit
193.3,92.7,Fit
173.6,74.7,Fit
162.1,59.7,Fit
158.3,56.5,Fit
164.5,67.5,Fit
166.4,63.1,Fit
160.4,53.4,Fit
170.8,52.1,Fit
154.5,60.2,Obese
154.5,55.4,Fit
169.1,84.9,Obese
152.1,50.2,Fit
173.0,68.3,Fit
164.8,62.4,Fit
144.9,51.4,Fit
166.2,53.0,Fit
146.5,46.6,Fit
172.6,72.2,Fit
162.3,55.3,Fit
185.4,81.9,Fit
176.8,69.5,Fit
153.3,54.9,Fit
142.8,54.1,Obese
156.7,52.2,Fit
151.6,38.9,Fit
185.1,73.2,Fit
164.9,53.2,Fit
175.3,50.6,Fit
161.9,56.8,Fit
163.0,60.1,Fit
164.6,67.8,Obese
177.2,59.9,Fit
168.4,63.1,Fit
153.4,60.8,Obese
182.8,69.0,Fit
161.8,61.9,Fit
160.0,69.1,Obese
133.9,24.5,Fit
172.0,67.2,Fit
166.1,70.0,Obese
166.1,57.9,Fit
160.6,67.8,Obese
158.7,60.5,Fit
160.9,71.1,Obese
170.1,68.3,Fit
172.0,79.9,Obese
162.5,60.5,Fit
175.4,56.8,Fit
164.1,54.2,Fit
159.5,64.1,Obese
167.2,69.5,Fit
150.0,47.0,Fit
167.6,76.2,Obese
148.0,45.4,Fit
153.7,55.7,Fit
142.8,48.3,Fit
163.1,47.9,Fit
182.7,72.6,Fit
163.7,78.0,Obese
172.1,57.8,Fit
190.9,85.2,Fit
169.4,53.9,Fit
156.6,46.5,Fit
158.1,43.7,Fit
165.0,67.4,Fit
158.0,48.0,Fit
158.9,65.7,Obese
175.8,63.8,Fit
176.3,69.4,Fit
146.9,50.8,Fit
156.0,40.6,Fit
159.9,57.9,Fit
171.6,67.6,Fit
177.6,78.5,Fit
194.7,75.7,Fit
159.9,49.7,Fit
160.4,61.9,Fit
171.5,76.0,Obese
157.5,49.8,Fit
163.4,48.9,Fit
160.4,54.1,Fit
136.2,32.7,Fit
166.4,64.1,Fit
163.0,49.8,Fit
179.0,78.3,Fit
165.1,61.6,Fit
151.2,58.3,Obese
162.2,38.5,Fit
142.0,30.3,Fit
151.7,61.0,Obese
172.0,59.3,Fit
162.3,46.2,Fit
175.1,65.9,Fit
143.4,47.2,Fit
162.3,56.7,Fit
159.8,59.9,Fit
175.5,70.4,Fit
172.4,67.6,Fit
172.1,75.9,Obese
182.0,72.7,Fit
161.0,56.6,Fit
179.7,77.5,Fit
153.5,56.3,Fit
153.1,44.4,Fit
173.3,65.3,Fit
148.4,52.0,Fit
171.3,59.9,Fit
166.1,56.4,Fit
176.8,57.6,Fit
164.3,36.4,Fit
165.6,57.4,Fit
170.6,65.0,Fit
157.7,46.0,Fit
157.2,65.4,Obese
170.2,55.4,Fit
164.7,67.0,Fit
160.5,60.0,Fit
164.1,76.6,Obese
182.5,77.6,Fit
160.1,44.8,Fit
159.8,64.6,Obese
146.2,60.6,Obese
164.5,45.4,Fit
172.2,70.4,Fit
174.2,73.6,Fit
166.2,59.1,Fit
175.5,48.4,Fit
173.0,63.5,Fit
177.2,64.5,Fit
175.8,80.3,Obese
182.3,72.4,Fit
163.1,55.2,Fit
150.4,45.1,Fit
172.3,67.9,Fit
173.6,66.7,Fit
182.3,66.8,Fit
179.1,72.7,Fit
186.4,72.0,Fit
171.8,44.2,Fit
167.5,67.1,Fit
149.8,53.9,Fit
168.4,64.0,Fit
158.9,52.0,Fit
167.3,61.0,Fit
165.6,66.9,Fit
170.2,58.7,Fit
163.9,66.0,Fit
175.3,55.8,Fit
135.0,41.5,Fit
167.1,61.6,Fit
178.2,77.9,Fit
185.6,68.4,Fit
173.1,59.4,Fit
183.5,63.0,Fit
166.9,56.7,Fit
165.0,62.0,Fit
170.8,49.8,Fit
165.0,56.3,Fit
156.4,58.7,Fit
159.3,55.0,Fit
152.8,51.9,Fit
170.8,52.1,Fit
165.1,59.2,Fit
161.0,57.3,Fit
158.8,54.1,Fit
170.6,65.2,Fit
173.6,63.8,Fit
152.6,47.6,Fit
150.8,41.7,Fit
175.5,75.6,Fit
149.9,39.6,Fit
171.0,65.6,Fit
182.8,88.0,Obese
182.8,82.3,Fit
173.1,70.0,Fit
172.8,67.7,Fit
189.8,78.2,Fit
139.3,35.5,Fit
159.9,54.2,Fit
174.3,71.5,Fit
161.3,60.3,Fit
178.6,76.5,Fit
164.6,69.3,Obese
166.4,59.7,Fit
162.0,59.3,Fit
159.3,40.6,Fit
159.0,73.7,Obese
168.0,58.8,Fit
156.5,59.1,Fit
175.5,64.4,Fit
172.2,61.7,Fit
177.1,67.1,Fit
152.6,41.3,Fit
146.3,27.3,Fit
165.0,69.1,Obese
196.9,89.6,Fit
178.9,63.1,Fit
158.9,59.2,Fit
169.7,69.9,Fit
173.0,60.3,Fit
149.9,52.8,Fit
180.1,79.4,Fit
163.2,47.1,Fit
164.0,63.4,Fit
165.3,63.0,Fit
177.6,84.4,Obese
156.7,58.5,Fit
146.2,43.8,Fit
168.6,60.1,Fit
142.5,60.9,Obese
161.7,54.7,Fit
178.1,74.4,Fit
171.4,62.7,Fit
176.5,77.2,Fit
171.8,74.0,Obese
191.5,80.5,Fit
158.5,52.0,Fit
169.4,59.7,Fit
160.2,42.6,Fit
175.5,68.6,Fit
164.3,60.0,Fit
183.9,67.9,Fit
159.2,41.1,Fit
180.5,73.3,Fit
171.5,67.4,Fit
164.6,62.8,Fit
171.0,56.4,Fit
167.9,65.2,Fit
168.9,61.3,Fit
162.7,65.2,Fit
157.3,46.6,Fit
161.3,66.5,Obese
146.5,59.3,Obese
174.3,67.7,Fit
151.4,53.7,Fit
162.6,64.4,Fit
172.1,57.0,Fit
174.2,62.9,Fit
145.5,48.0,Fit
164.0,75.4,Obese
170.1,54.1,Fit
165.6,73.4,Obese
179.8,69.6,Fit
156.0,53.2,Fit
142.5,54.4,Obese
173.9,82.7,Obese
159.1,59.1,Fit
145.7,56.0,Obese
163.3,51.3,Fit
178.5,65.9,Fit
151.1,39.4,Fit
190.7,75.9,Fit
155.8,57.9,Fit
166.0,62.3,Fit
151.6,64.4,Obese
165.5,76.7,Obese
163.5,57.7,Fit
148.6,43.2,Fit
196.1,93.9,Fit
159.6,66.1,Obese
159.6,59.5,Fit
175.7,73.5,Fit
185.0,79.7,Fit
177.4,61.3,Fit
151.8,40.9,Fit
167.4,61.2,Fit
144.3,44.2,Fit
174.9,69.5,Fit
147.0,46.5,Fit
156.2,40.0,Fit
165.0,43.0,Fit
169.9,69.4,Fit
162.1,52.5,Fit
181.7,70.8,Fit
173.0,61.3,Fit
172.1,57.9,Fit
151.5,43.0,Fit
183.7,82.4,Fit
156.2,51.7,Fit
184.1,79.7,Fit
187.2,83.3,Fit
170.6,66.6,Fit
176.4,74.8,Fit
131.1,37.9,Fit
162.9,69.3,Obese
177.1,75.6,Fit
175.2,75.2,Fit
151.6,43.0,Fit
161.8,59.7,Fit
137.1,26.7,Fit
169.5,74.4,Obese
144.3,40.8,Fit
177.4,65.4,Fit
178.0,58.8,Fit
159.8,55.9,Fit
170.7,62.0,Fit
162.6,72.8,Obese
167.7,68.7,Fit
152.4,47.0,Fit
171.8,51.6,Fit
146.9,29.2,Fit
144.9,38.0,Fit
163.7,48.3,Fit
162.7,61.0,Fit
168.0,60.9,Fit
157.9,55.0,Fit
185.7,68.3,Fit
166.8,62.4,Fit
167.6,50.4,Fit
167.2,60.8,Fit
176.0,74.8,Fit
171.3,61.7,Fit
169.9,67.0,Fit
173.1,50.1,Fit
144.9,29.8,Fit
145.3,49.1,Fit
164.2,67.7,Obese
162.8,56.4,Fit
171.4,81.8,Obese
165.2,48.5,Fit
171.4,59.2,Fit
151.3,51.5,Fit
164.9,63.5,Fit
150.2,45.0,Fit
169.3,54.6,Fit
144.3,50.8,Fit
168.8,63.8,Fit
148.8,46.0,Fit
160.8,60.9,Fit
174.8,66.2,Fit
167.5,60.6,Fit
146.9,46.1,Fit
157.6,48.1,Fit
148.5,41.1,Fit
146.4,42.9,Fit
166.3,61.1,Fit
171.2,49.5,Fit
169.8,71.0,Fit
171.6,65.0,Fit
164.9,51.3,Fit
162.0,70.7,Obese
153.2,52.0,Fit
160.2,45.8,Fit
150.5,62.4,Obese
155.7,64.2,Obese
166.0,53.3,Fit
163.7,56.4,Fit
198.7,83.2,Fit
150.2,34.5,Fit
163.6,61.5,Fit
149.3,55.8,Obese
160.7,62.1,Fit
161.2,57.4,Fit
174.3,74.4,Fit
160.1,47.3,Fit
162.9,72.9,Obese
160.3,50.3,Fit
149.6,43.9,Fit
157.8,50.2,Fit
160.8,51.7,Fit
165.8,58.9,Fit
171.1,62.6,Fit
162.4,59.1,Fit
162.2,51.3,Fit
146.1,48.3,Fit
170.9,55.6,Fit
157.3,60.3,Fit
173.2,71.8,Fit
179.5,70.8,Fit
162.9,53.2,Fit
153.7,54.5,Fit
164.8,52.7,Fit
168.8,63.0,Fit
161.5,56.2,Fit
158.8,76.5,Obese
171.2,54.7,Fit
170.5,42.6,Fit
161.2,52.1,Fit
146.8,33.7,Fit
170.0,57.8,Fit
156.6,43.5,Fit
167.4,54.4,Fit
166.7,52.6,Fit
144.2,53.5,Obese
165.9,60.2,Fit
170.7,72.7,Fit
172.0,65.4,Fit
166.3,68.3,Fit
143.3,42.7,Fit
179.0,83.3,Obese
169.5,67.0,Fit
151.8,44.4,Fit
156.3,58.7,Fit
167.5,62.0,Fit
172.5,63.8,Fit
159.6,56.8,Fit
174.1,72.7,Fit
145.3,29.5,Fit
153.5,49.1,Fit
142.3,50.0,Fit
155.1,54.9,Fit
181.6,63.5,Fit
187.6,58.5,Fit
167.6,75.4,Obese
158.0,53.4,Fit
162.6,70.3,Obese
170.2,70.1,Fit
147.8,41.7,Fit
158.7,35.4,Fit
180.8,68.2,Fit
153.5,51.5,Fit
156.8,57.7,Fit
165.1,51.1,Fit
168.1,63.6,Fit
158.1,56.4,Fit
165.8,68.4,Fit
171.7,62.4,Fit
186.6,80.1,Fit
163.6,61.2,Fit
164.5,66.6,Fit
181.8,66.2,Fit
159.0,31.0,Fit
150.4,47.9,Fit
167.8,60.1,Fit
176.8,59.5,Fit
169.0,50.7,Fit
163.9,54.5,Fit
149.1,48.0,Fit
164.4,60.2,Fit
178.6,51.9,Fit
151.4,36.4,Fit
162.3,67.0,Obese
160.7,55.3,Fit
157.3,54.4,Fit
167.7,51.2,Fit
169.9,63.5,Fit
169.8,60.4,Fit
154.3,47.4,Fit
146.9,35.8,Fit
167.9,55.1,Fit
159.4,71.7,Obese
185.2,72.7,Fit
185.7,82.2,Fit
186.9,75.3,Fit
154.7,50.1,Fit
171.3,59.4,Fit
174.6,77.8,Obese
173.3,69.1,Fit
161.1,50.8,Fit
179.1,67.4,Fit
165.0,68.5,Obese
166.4,38.2,Fit
148.1,50.7,Fit
172.1,69.5,Fit
162.1,51.8,Fit
170.1,64.9,Fit
167.6,65.8,Fit
167.0,51.5,Fit
164.5,66.3,Fit
173.7,68.7,Fit
162.8,57.1,Fit
149.0,49.7,Fit
171.3,70.2,Fit
156.1,72.1,Obese
150.4,54.7,Fit
153.8,58.5,Fit
168.1,63.7,Fit
163.9,74.3,Obese
141.5,32.3,Fit
160.8,43.0,Fit
177.9,70.8,Fit
160.0,61.6,Fit
163.2,38.0,Fit
176.5,68.5,Fit
173.8,65.0,Fit
176.2,74.3,Fit
134.5,43.2,Fit
184.1,60.1,Fit
172.0,56.4,Fit
192.1,74.7,Fit
156.4,59.7,Fit
145.6,49.6,Fit
165.1,55.0,Fit
162.0,58.9,Fit
172.2,56.8,Fit
176.8,85.2,Obese
164.0,63.8,Fit
162.4,64.3,Fit
170.7,75.2,Obese
162.2,66.0,Obese
161.3,57.5,Fit
176.4,67.0,Fit
178.9,80.7,Obese
176.9,69.1,Fit
163.1,52.6,Fit
141.5,59.8,Obese
163.4,51.2,Fit
156.7,40.1,Fit
163.6,66.8,Fit
157.6,48.8,Fit
164.8,63.2,Fit
153.6,66.4,Obese
150.9,39.1,Fit
178.4,69.7,Fit
154.3,64.3,Obese
165.0,65.4,Fit
175.5,66.3,Fit
175.1,86.5,Obese
173.7,65.6,Fit
168.3,65.5,Fit
173.0,79.0,Obese
180.1,79.2,Fit
169.7,73.9,Obese
144.8,38.9,Fit
159.2,65.6,Obese
172.7,66.9,Fit
158.1,49.0,Fit
182.8,75.3,Fit
164.3,60.9,Fit
165.9,75.5,Obese
177.4,72.3,Fit
163.0,52.2,Fit
166.9,53.2,Fit
174.9,66.9,Fit
148.8,37.9,Fit
161.9,51.9,Fit
174.1,64.7,Fit
165.7,57.0,Fit
181.1,78.0,Fit
147.7,42.1,Fit
146.4,27.4,Fit
173.5,52.7,Fit
174.5,66.9,Fit
162.9,53.7,Fit
169.4,53.2,Fit
173.2,81.7,Obese
156.0,60.2,Fit
157.2,53.9,Fit
167.1,63.3,Fit
174.9,65.2,Fit
152.2,40.9,Fit
162.8,66.6,Obese
162.3,64.8,Fit
169.6,47.5,Fit
164.9,61.6,Fit
159.0,58.3,Fit
178.7,67.7,Fit
159.1,72.4,Obese
161.8,73.5,Obese
147.5,44.8,Fit
157.2,52.5,Fit
170.7,61.4,Fit
168.5,57.6,Fit
171.6,57.4,Fit
171.1,68.4,Fit
188.0,93.4,Obese
156.8,66.5,Obese
147.2,54.0,Fit
153.4,32.5,Fit
157.3,39.5,Fit
154.3,60.9,Obese
166.0,73.6,Obese
178.8,74.7,Fit
181.9,70.4,Fit
170.5,74.8,Obese
188.6,84.2,Fit
161.1,66.2,Obese
147.0,32.7,Fit
176.6,71.3,Fit
144.8,60.3,Obese
156.7,58.2,Fit
170.7,71.7,Fit
163.9,59.4,Fit
162.9,59.2,Fit
152.0,62.1,Obese
164.9,54.5,Fit
176.0,62.0,Fit
165.2,56.2,Fit
155.9,53.6,Fit
151.3,37.5,Fit
156.1,59.5,Fit
169.3,61.8,Fit
168.8,69.5,Fit
156.2,36.7,Fit
140.7,50.4,Obese
169.6,74.0,Obese
155.1,56.4,Fit
172.6,65.8,Fit
156.7,60.9,Fit
154.1,62.4,Obese
166.7,65.3,Fit
190.9,85.0,Fit
173.2,79.3,Obese
166.5,67.1,Fit
168.9,56.4,Fit
145.7,56.9,Obese
152.7,50.3,Fit
137.4,41.8,Fit
184.0,75.4,Fit
181.8,80.5,Fit
169.3,77.1,Obese
166.5,61.2,Fit
147.9,62.0,Obese
162.6,59.5,Fit
184.7,86.3,Obese
166.4,62.5,Fit
158.8,51.5,Fit
145.7,62.1,Obese
180.2,66.7,Fit
164.2,54.1,Fit
145.7,36.6,Fit
154.8,62.9,Obese
150.9,62.2,Obese
163.6,61.8,Fit
167.3,53.7,Fit
159.5,55.9,Fit
173.5,63.8,Fit
165.9,52.3,Fit
176.7,64.8,Fit
161.1,61.1,Fit
198.5,81.8,Fit
158.8,57.8,Fit
155.1,38.7,Fit
153.7,65.4,Obese
162.7,55.1,Fit
146.1,53.9,Obese
168.2,63.8,Fit
144.0,48.9,Fit
166.8,52.1,Fit
150.1,43.5,Fit
160.8,51.0,Fit
171.6,65.0,Fit
190.3,90.3,Fit
153.1,55.1,Fit
163.3,51.5,Fit
157.0,55.0,Fit
155.4,52.5,Fit
157.1,51.5,Fit
174.1,66.5,Fit
159.6,62.2,Fit
189.7,73.4,Fit
169.6,60.5,Fit
153.9,60.0,Obese
161.0,60.8,Fit
156.2,63.9,Obese
173.8,77.9,Obese
147.0,36.6,Fit
150.2,52.0,Fit
158.5,51.2,Fit
172.5,55.9,Fit
178.6,63.8,Fit
180.2,69.0,Fit
170.8,61.8,Fit
164.1,54.4,Fit
173.7,66.3,Fit
152.4,70.7,Obese
144.7,32.3,Fit
169.8,72.5,Obese
153.9,52.0,Fit
164.3,55.9,Fit
166.3,44.7,Fit
167.7,68.0,Fit
175.3,56.1,Fit
174.2,73.3,Fit
167.1,75.4,Obese
160.1,46.2,Fit
166.2,70.1,Obese
158.4,55.4,Fit
162.8,41.6,Fit
193.8,73.0,Fit
167.0,62.8,Fit
170.0,66.8,Fit
157.2,41.7,Fit
176.2,68.6,Fit
173.4,72.7,Fit
173.4,74.2,Fit
167.4,58.3,Fit
176.4,71.9,Fit
179.0,79.1,Fit
168.1,69.0,Fit
163.7,66.1,Fit
174.8,68.2,Fit
155.1,52.1,Fit
157.1,56.5,Fit
164.4,53.4,Fit
145.8,55.7,Obese
174.1,54.4,Fit
154.4,48.4,Fit
159.8,55.9,Fit
162.7,62.0,Fit
165.4,65.5,Fit
161.2,69.1,Obese
164.3,60.0,Fit
164.3,53.7,Fit
160.1,55.2,Fit
156.5,51.3,Fit
176.9,73.0,Fit
141.9,35.7,Fit
162.7,56.9,Fit
159.8,69.2,Obese
169.6,64.7,Fit
149.0,40.4,Fit
159.5,53.3,Fit
163.9,41.2,Fit
176.8,68.3,Fit
168.7,75.8,Obese
152.0,41.3,Fit
159.6,44.4,Fit
174.7,62.0,Fit
151.8,58.1,Obese
164.1,72.9,Obese
164.9,63.4,Fit
160.8,46.6,Fit
194.7,83.2,Fit
160.5,71.0,Obese
169.9,61.1,Fit
156.6,55.1,Fit
170.8,66.1,Fit
174.6,54.7,Fit
158.5,63.3,Obese
164.4,66.3,Fit
155.2,37.0,Fit
152.4,40.5,Fit
176.4,60.7,Fit
158.9,61.5,Fit
138.5,36.2,Fit
184.4,78.0,Fit
156.2,52.2,Fit
162.3,58.5,Fit
183.0,77.7,Fit
163.4,60.9,Fit
163.2,58.4,Fit
151.5,53.1,Fit
147.0,49.3,Fit
163.2,56.9,Fit
169.0,59.4,Fit
168.4,77.4,Obese
159.7,52.6,Fit
165.2,71.0,Obese
144.8,40.6,Fit
170.1,70.1,Fit
166.8,75.5,Obese
186.7,74.0,Fit
165.1,54.6,Fit
154.6,49.2,Fit
164.4,59.3,Fit
161.4,59.9,Fit
169.8,63.1,Fit
165.3,56.8,Fit
151.1,65.9,Obese
147.0,45.9,Fit
167.9,57.1,Fit
180.2,78.1,Fit
165.9,67.3,Fit
173.9,77.9,Obese
176.1,83.7,Obese
167.9,64.8,Fit
156.0,51.3,Fit
167.1,46.2,Fit
178.3,62.4,Fit
170.8,65.9,Fit
173.2,56.6,Fit
159.9,43.6,Fit
162.8,58.8,Fit
163.7,65.2,Fit
164.4,57.5,Fit
177.8,76.8,Fit
139.2,47.5,Fit
165.3,69.3,Obese
164.1,76.6,Obese
149.9,70.4,Obese
172.4,71.2,Fit
157.0,50.6,Fit
161.1,57.6,Fit
185.3,88.2,Obese
176.1,61.1,Fit
171.3,76.2,Obese
169.2,61.6,Fit
163.2,60.4,Fit
187.0,70.5,Fit
173.8,55.9,Fit
156.8,51.8,Fit
149.6,59.7,Obese
171.2,58.9,Fit
164.4,72.3,Obese
149.3,44.4,Fit
169.7,54.8,Fit
162.0,59.8,Fit
170.8,69.6,Fit
169.9,65.0,Fit
158.3,56.3,Fit
172.0,77.9,Obese
159.5,56.7,Fit
160.2,52.7,Fit
159.1,46.7,Fit
177.4,79.5,Obese
161.9,54.3,Fit
180.1,68.7,Fit
184.6,83.4,Fit
156.9,70.6,Obese
132.9,40.8,Fit
176.5,67.4,Fit
161.2,57.1,Fit
155.5,49.5,Fit
158.5,52.4,Fit
160.4,53.8,Fit
179.3,78.0,Fit
166.8,60.5,Fit
179.1,81.5,Obese
170.4,63.0,Fit
161.6,54.5,Fit
160.7,67.0,Obese
171.2,64.6,Fit
174.0,65.6,Fit
176.0,68.4,Fit
162.1,69.6,Obese
166.9,63.8,Fit
171.4,74.6,Obese
160.8,55.0,Fit
152.5,59.9,Obese
156.1,55.5,Fit
162.3,65.0,Fit
172.3,73.0,Fit
178.8,62.8,Fit
150.1,50.1,Fit
158.4,62.9,Obese
161.1,66.0,Obese
173.7,76.4,Obese
159.2,56.6,Fit
160.3,68.8,Obese
149.5,43.9,Fit
170.3,51.9,Fit
163.2,56.4,Fit
157.8,64.4,Obese
162.1,49.2,Fit
177.4,57.5,Fit
153.9,38.4,Fit
155.7,59.2,Fit
178.8,58.7,Fit
165.8,64.9,Fit
172.4,62.7,Fit
169.4,57.0,Fit
164.6,51.6,Fit
161.2,58.8,Fit
174.1,60.7,Fit
177.8,69.5,Fit
176.9,72.1,Fit
152.0,55.7,Fit
179.4,78.2,Fit
161.1,58.4,Fit
156.7,45.6,Fit
163.1,62.3,Fit
174.1,72.0,Fit
170.9,62.8,Fit
162.2,55.6,Fit
174.2,86.6,Obese
166.5,50.7,Fit
158.7,59.4,Fit
157.2,62.7,Obese
169.5,60.5,Fit
164.1,57.9,Fit
149.9,46.2,Fit
174.3,66.9,Fit
159.7,63.3,Fit
182.5,71.7,Fit
149.6,74.1,Obese
163.0,54.8,Fit
157.3,65.5,Obese
154.3,56.7,Fit
159.6,56.9,Fit
184.5,86.6,Obese
166.6,48.2,Fit
156.3,57.1,Fit
144.9,40.5,Fit
146.1,43.4,Fit
159.1,51.8,Fit
158.0,47.2,Fit
162.5,44.9,Fit
140.0,46.2,Fit
164.0,58.6,Fit
176.3,66.0,Fit
182.9,79.6,Fit
144.2,49.3,Fit
156.2,51.5,Fit
155.6,77.7,Obese
166.6,69.2,Fit
151.6,70.1,Obese
183.5,70.8,Fit
165.5,62.2,Fit
163.6,49.0,Fit
182.5,70.6,Fit
164.8,55.1,Fit
169.4,87.1,Obese
156.7,48.5,Fit
149.9,47.6,Fit
158.3,43.5,Fit
189.1,82.9,Fit
172.0,57.9,Fit
168.0,69.5,Fit
154.3,38.0,Fit
175.0,66.4,Fit
150.1,34.8,Fit
147.8,44.1,Fit
158.9,53.2,Fit
186.5,71.7,Fit
185.9,72.0,Fit
160.0,64.1,Obese
157.6,72.0,Obese
147.0,50.2,Fit
165.9,53.6,Fit
166.8,61.7,Fit
173.7,63.5,Fit
175.0,74.5,Fit
162.8,60.6,Fit
171.1,51.8,Fit
157.3,63.2,Obese
170.9,72.0,Fit
159.4,67.9,Obese
170.1,59.5,Fit
169.2,65.4,Fit
165.8,51.0,Fit
173.7,66.0,Fit
147.7,51.2,Fit
153.3,46.6,Fit
162.0,60.5,Fit
149.1,50.3,Fit
160.5,53.1,Fit
160.9,68.1,Obese
179.4,68.9,Fit
166.6,62.1,Fit
176.3,56.7,Fit
168.3,66.5,Fit
159.1,51.9,Fit
166.5,68.6,Fit
173.0,55.4,Fit
178.1,73.3,Fit
163.5,41.4,Fit
146.9,52.4,Fit
146.1,45.6,Fit
161.4,60.5,Fit
139.3,37.9,Fit
184.7,67.5,Fit
171.6,61.3,Fit
158.0,56.5,Fit
152.8,56.0,Fit
176.3,70.8,Fit
152.7,43.8,Fit
153.8,66.7,Obese
156.6,56.6,Fit
166.3,55.8,Fit
171.8,68.3,Fit
178.1,71.8,Fit
176.5,67.1,Fit
165.0,57.6,Fit
176.2,76.2,Fit
157.6,68.5,Obese
145.0,29.9,Fit
157.6,64.5,Obese
156.1,53.8,Fit
158.0,56.8,Fit
154.4,63.3,Obese
159.9,35.0,Fit
171.8,71.5,Fit
183.9,84.6,Obese
146.0,41.4,Fit
150.8,38.9,Fit
156.3,66.9,Obese
173.4,52.1,Fit
162.7,61.6,Fit
157.0,62.4,Obese
172.9,68.9,Fit
175.5,72.3,Fit
164.8,57.6,Fit
156.0,57.3,Fit
168.0,56.4,Fit
162.4,53.4,Fit
162.3,58.3,Fit
159.4,43.6,Fit
175.2,72.1,Fit
167.7,42.1,Fit
176.4,71.4,Fit
179.7,74.7,Fit
170.0,57.3,Fit
159.4,46.0,Fit
176.4,65.2,Fit
170.1,68.8,Fit
193.6,85.3,Fit
168.4,53.5,Fit
172.7,66.4,Fit
168.2,64.3,Fit
163.9,60.9,Fit
162.2,50.0,Fit
168.2,63.5,Fit
170.7,71.5,Fit
177.7,73.8,Fit
168.4,65.7,Fit
159.9,69.4,Obese
161.4,58.7,Fit
150.4,43.1,Fit
183.3,67.2,Fit
159.0,57.1,Fit
175.6,56.4,Fit
168.0,59.6,Fit
168.3,66.1,Fit
163.7,68.3,Obese
156.3,41.4,Fit
154.3,53.2,Fit
184.0,73.9,Fit
166.3,61.1,Fit
177.4,70.4,Fit
180.2,71.2,Fit
160.5,67.8,Obese
169.7,73.3,Obese
165.5,77.4,Obese
152.3,50.9,Fit
163.0,55.1,Fit
171.5,56.9,Fit
159.5,51.8,Fit
161.4,63.0,Fit
163.1,65.5,Fit
188.2,83.3,Fit
144.8,40.8,Fit
170.5,58.7,Fit
162.2,73.5,Obese
158.0,48.2,Fit
161.9,69.0,Obese
172.3,68.6,Fit
173.0,60.0,Fit
167.0,51.9,Fit
177.0,63.4,Fit
179.0,73.8,Fit
174.0,59.3,Fit
159.0,68.0,Obese
170.4,62.2,Fit
170.5,69.6,Fit
156.0,58.5,Fit
147.7,61.0,Obese
142.7,41.3,Fit
165.8,61.3,Fit
168.3,51.1,Fit
152.0,51.7,Fit
176.5,77.7,Fit
166.7,62.9,Fit
179.8,89.7,Obese
169.1,67.0,Fit
153.3,47.4,Fit
170.0,67.3,Fit
172.4,53.7,Fit
159.0,49.2,Fit
149.1,39.2,Fit
166.1,60.8,Fit
154.0,51.7,Fit
177.3,78.8,Obese
160.5,55.9,Fit
184.0,66.4,Fit
141.6,56.6,Obese
166.5,37.4,Fit
180.7,72.2,Fit
155.2,54.7,Fit
163.2,58.5,Fit
160.6,60.7,Fit
157.5,55.4,Fit
167.7,65.9,Fit
150.8,45.2,Fit
163.8,47.3,Fit
170.7,63.7,Fit
162.6,50.0,Fit
154.0,46.3,Fit
176.3,77.7,Fit
173.0,78.3,Obese
153.5,61.0,Obese
150.8,57.7,Obese
154.5,53.0,Fit
171.0,72.5,Fit
168.0,65.0,Fit
173.7,82.0,Obese
161.4,50.0,Fit
154.8,58.1,Fit
175.1,57.3,Fit
158.9,61.0,Fit
167.1,47.6,Fit
148.0,38.4,Fit
158.7,45.2,Fit
176.1,70.2,Fit
157.1,57.1,Fit
174.0,86.2,Obese
139.4,42.0,Fit
158.8,61.7,Fit
163.1,59.8,Fit
184.2,80.1,Fit
152.1,52.1,Fit
172.4,74.2,Fit
176.6,60.2,Fit
157.1,34.7,Fit
160.9,60.3,Fit
166.6,46.6,Fit
148.7,59.1,Obese
160.0,51.9,Fit
179.0,62.2,Fit
170.7,85.7,Obese
163.3,58.5,Fit
166.2,59.1,Fit
171.4,70.6,Fit
173.5,72.7,Fit
158.9,64.6,Obese
181.9,62.1,Fit
179.5,75.2,Fit
172.4,63.1,Fit
155.7,46.0,Fit
153.8,52.4,Fit
161.4,42.8,Fit
165.7,67.8,Fit
145.5,44.3,Fit
170.4,60.1,Fit
179.2,69.5,Fit
171.3,63.2,Fit
157.6,63.7,Obese
156.3,45.0,Fit
168.3,59.3,Fit
163.3,56.9,Fit
169.9,55.0,Fit
171.6,66.1,Fit
177.0,63.1,Fit
152.5,40.0,Fit
167.4,65.9,Fit
161.0,69.4,Obese
163.9,59.5,Fit
174.5,66.2,Fit
175.7,66.9,Fit
180.4,67.5,Fit
169.7,72.7,Obese
163.8,59.8,Fit
162.2,40.5,Fit
145.9,56.4,Obese
179.7,78.7,Fit
161.5,62.2,Fit
170.6,42.0,Fit
172.5,65.4,Fit
151.3,57.5,Obese
154.8,55.8,Fit
182.0,74.5,Fit
168.2,69.4,Fit
158.6,56.5,Fit
163.6,68.5,Obese
176.9,70.2,Fit
175.3,68.2,Fit
148.9,55.9,Obese
183.0,70.5,Fit
175.6,59.1,Fit
163.3,58.7,Fit
151.9,55.5,Fit
176.6,76.0,Fit
170.2,71.2,Fit
149.0,48.3,Fit
162.4,56.7,Fit
199.4,82.7,Fit
165.2,62.0,Fit
156.8,41.0,Fit
153.9,52.3,Fit
184.5,97.7,Obese
174.3,54.8,Fit
180.5,72.9,Fit
167.7,64.9,Fit
178.8,74.4,Fit
155.7,45.6,Fit
166.8,65.3,Fit
168.2,57.9,Fit
180.2,60.0,Fit
168.5,70.1,Fit
158.1,60.3,Fit
165.7,52.7,Fit
146.6,42.9,Fit
139.5,38.2,Fit
174.1,53.6,Fit
160.9,63.0,Fit
162.1,64.2,Fit
174.1,64.1,Fit
180.4,71.3,Fit
170.9,65.2,Fit
186.2,78.2,Fit
170.5,53.2,Fit
168.3,66.2,Fit
167.6,52.4,Fit
150.9,55.5,Fit
175.5,59.3,Fit
138.1,31.6,Fit
158.6,55.1,Fit
165.3,59.7,Fit
156.3,54.6,Fit
160.0,49.2,Fit
185.2,77.1,Fit
177.1,71.4,Fit
157.5,63.9,Obese
159.8,57.7,Fit
151.0,45.3,Fit
172.8,54.9,Fit
162.3,45.7,Fit
143.4,47.8,Fit
166.1,67.0,Fit
169.8,56.3,Fit
175.6,69.9,Fit
164.2,57.9,Fit
160.9,62.7,Fit
186.8,83.7,Fit
165.1,41.8,Fit
172.9,74.0,Fit
159.1,57.7,Fit
172.6,61.3,Fit
149.0,44.8,Fit
159.9,56.5,Fit
151.7,46.6,Fit
158.3,47.7,Fit
178.8,64.6,Fit
158.3,46.8,Fit
172.9,76.5,Obese
181.7,73.1,Fit
164.7,77.7,Obese
175.9,71.1,Fit
170.8,68.9,Fit
166.3,52.3,Fit
173.3,64.3,Fit
185.2,76.1,Fit
158.0,49.8,Fit
154.4,48.8,Fit
153.8,55.4,Fit
175.9,71.6,Fit
177.4,58.6,Fit
159.1,58.0,Fit
141.5,48.5,Fit
157.6,49.9,Fit
171.0,58.8,Fit
164.3,62.9,Fit
167.0,40.8,Fit
159.2,55.8,Fit
176.2,81.3,Obese
168.8,41.9,Fit
171.5,71.3,Fit
166.7,65.5,Fit
170.8,52.7,Fit
170.0,67.8,Fit
154.8,60.7,Obese
169.1,53.5,Fit
173.7,60.7,Fit
177.7,69.7,Fit
169.6,71.1,Fit
154.4,48.1,Fit
156.1,53.3,Fit
160.2,51.2,Fit
167.1,61.6,Fit
163.7,67.3,Obese
152.6,52.1,Fit
152.6,48.4,Fit
141.9,44.0,Fit
130.7,31.2,Fit
163.6,50.9,Fit
190.5,89.5,Fit
184.8,88.2,Obese
154.2,38.0,Fit
166.6,65.8,Fit
148.9,55.6,Obese
150.6,40.2,Fit
151.8,46.9,Fit
162.5,53.5,Fit
163.0,73.7,Obese
167.8,75.1,Obese
172.3,57.9,Fit
161.3,45.6,Fit
165.4,66.4,Fit
153.0,55.8,Fit
150.2,59.6,Obese
148.5,40.0,Fit
172.1,71.0,Fit
161.3,51.4,Fit
144.4,50.9,Fit
164.3,59.1,Fit
151.3,65.5,Obese
183.3,77.5,Fit
158.6,52.8,Fit
172.5,66.6,Fit
177.0,68.1,Fit
154.5,43.3,Fit
165.8,75.9,Obese
171.1,77.2,Obese
166.3,59.4,Fit
169.0,68.4,Fit
150.4,66.2,Obese
171.1,74.3,Obese
159.7,53.6,Fit
168.8,62.0,Fit
175.1,53.7,Fit
172.4,71.6,Fit
168.8,72.7,Obese
172.1,75.1,Obese
172.6,71.1,Fit
181.5,75.3,Fit
164.6,51.6,Fit
166.8,63.8,Fit
175.3,62.5,Fit
159.6,60.2,Fit
150.3,43.6,Fit
170.4,68.0,Fit
162.7,68.8,Obese
151.7,53.7,Fit
170.5,66.6,Fit
180.7,79.2,Fit
147.1,61.7,Obese
176.2,67.5,Fit
137.1,45.5,Fit
160.6,68.8,Obese
185.2,80.8,Fit
161.4,41.3,Fit
166.0,54.9,Fit
173.4,72.2,Fit
146.1,43.8,Fit
165.8,72.0,Obese
165.7,75.3,Obese
185.5,71.0,Fit
151.4,42.2,Fit
160.8,54.0,Fit
154.8,49.4,Fit
153.6,64.2,Obese
177.4,61.0,Fit
165.3,66.0,Fit
158.9,66.6,Obese
159.3,62.4,Fit
158.8,59.0,Fit
159.8,54.9,Fit
151.1,65.0,Obese
162.2,55.9,Fit
161.0,64.6,Fit
156.7,52.7,Fit
166.7,46.4,Fit
167.6,59.7,Fit
158.9,54.3,Fit
163.4,57.6,Fit
188.7,73.1,Fit
188.3,83.0,Fit
153.4,57.7,Fit
154.9,50.4,Fit
153.3,49.2,Fit
176.6,60.2,Fit
160.6,58.8,Fit
167.6,72.8,Obese
187.0,87.9,Obese
164.9,55.0,Fit
172.8,81.6,Obese
170.7,61.2,Fit
158.5,47.2,Fit
176.7,57.8,Fit
155.7,44.7,Fit
179.7,73.7,Fit
158.5,53.2,Fit
159.7,51.1,Fit
153.0,44.7,Fit
154.8,44.1,Fit
160.3,49.4,Fit
138.3,50.2,Obese
162.4,72.5,Obese
159.4,70.8,Obese
173.7,71.9,Fit
169.7,59.4,Fit
157.2,49.0,Fit
160.0,62.3,Fit
162.4,56.1,Fit
181.3,75.6,Fit
156.0,69.0,Obese
157.1,56.0,Fit
152.6,69.4,Obese
148.7,39.6,Fit
168.4,66.0,Fit
167.2,64.0,Fit
179.1,62.7,Fit
176.5,74.9,Fit
191.4,92.8,Obese
164.2,76.9,Obese
162.1,61.1,Fit
150.7,34.8,Fit
172.7,69.4,Fit
166.3,66.8,Fit
172.2,63.3,Fit
152.5,52.9,Fit
168.9,58.9,Fit
167.3,60.5,Fit
166.5,69.2,Fit
157.5,65.7,Obese
178.1,59.6,Fit
187.6,73.3,Fit
152.8,38.6,Fit
172.9,80.5,Obese
133.3,46.1,Obese
172.4,49.3,Fit
144.4,45.4,Fit
159.2,53.5,Fit
150.6,43.8,Fit
162.6,66.5,Obese
174.2,74.9,Fit
144.6,48.1,Fit
161.0,51.9,Fit
159.4,50.8,Fit
182.4,73.5,Fit
169.7,59.7,Fit
152.1,50.8,Fit
159.8,60.7,Fit
182.1,60.7,Fit
172.9,59.7,Fit
154.9,52.5,Fit
162.1,70.3,Obese
162.4,64.8,Fit
159.1,55.6,Fit
146.2,50.2,Fit
157.5,53.8,Fit
180.3,80.1,Fit
160.8,60.4,Fit
163.9,69.3,Obese
166.5,50.2,Fit
189.4,72.5,Fit
165.1,62.2,Fit
177.0,72.9,Fit
158.4,74.4,Obese
162.1,43.4,Fit
165.1,59.7,Fit
156.5,53.2,Fit
162.8,60.2,Fit
174.8,81.1,Obese
156.2,60.7,Fit
165.0,47.1,Fit
172.8,78.0,Obese
155.9,65.5,Obese
177.0,71.1,Fit
165.8,47.5,Fit
163.2,57.4,Fit
142.9,48.7,Fit
160.9,64.9,Obese
169.1,48.7,Fit
184.2,68.5,Fit
171.2,73.3,Fit
177.4,81.2,Obese
151.7,54.1,Fit
163.6,68.1,Obese
178.4,73.7,Fit
155.2,60.7,Obese
175.6,69.0,Fit
173.1,69.7,Fit
168.0,52.3,Fit
161.4,63.1,Fit
154.2,42.3,Fit
184.5,80.7,Fit
172.0,61.5,Fit
168.7,65.6,Fit
160.5,49.0,Fit
165.4,56.2,Fit
166.8,64.2,Fit
169.4,69.2,Fit
173.1,74.7,Fit
156.4,44.6,Fit
148.9,36.7,Fit
165.9,52.8,Fit
145.8,38.2,Fit
161.4,69.9,Obese
159.4,66.6,Obese
170.4,55.9,Fit
186.8,90.5,Obese
143.6,55.6,Obese
190.0,66.4,Fit
162.4,49.8,Fit
168.8,49.4,Fit
149.4,48.4,Fit
176.0,68.3,Fit
165.5,60.4,Fit
164.3,43.2,Fit
143.7,34.0,Fit
165.8,62.6,Fit
174.3,71.8,Fit
162.4,41.9,Fit
177.9,59.4,Fit
177.5,77.5,Fit
157.9,45.1,Fit
182.5,73.2,Fit
165.5,49.7,Fit
165.5,66.9,Fit
166.1,44.6,Fit
165.8,58.0,Fit
136.1,48.3,Obese
163.0,63.3,Fit
150.0,45.8,Fit
182.9,68.0,Fit
182.4,71.4,Fit
174.4,56.6,Fit
162.4,57.2,Fit
153.9,51.5,Fit
157.8,51.4,Fit
186.4,84.4,Fit
157.4,45.9,Fit
139.1,28.9,Fit
176.3,64.2,Fit
181.5,73.5,Fit
183.3,73.0,Fit
176.4,67.3,Fit
178.2,60.9,Fit
165.6,52.5,Fit
142.2,40.6,Fit
165.3,55.6,Fit
171.8,73.7,Fit
163.5,60.9,Fit
163.0,54.2,Fit
154.4,61.2,Obese
154.0,55.7,Fit
185.2,64.6,Fit
185.6,49.9,Fit
165.0,49.3,Fit
168.1,66.9,Fit
154.2,59.4,Fit
172.1,51.9,Fit
184.4,80.0,Fit
148.2,53.3,Fit
170.1,74.8,Obese
170.9,71.9,Fit
170.8,75.0,Obese
183.1,77.6,Fit
187.4,80.9,Fit
162.4,55.3,Fit
172.4,72.0,Fit
165.9,49.9,Fit
158.0,53.8,Fit
168.0,66.4,Fit
172.4,76.6,Obese
167.4,57.8,Fit
155.3,60.8,Obese
159.9,54.7,Fit
160.0,64.2,Obese
155.7,46.9,Fit
168.4,68.2,Fit
169.6,62.5,Fit
175.8,58.5,Fit
155.6,52.0,Fit
158.6,65.9,Obese
182.1,64.8,Fit
163.2,46.7,Fit
165.3,63.3,Fit
163.1,45.1,Fit
177.5,81.8,Obese
177.9,81.9,Obese
177.2,77.4,Fit
165.3,60.0,Fit
155.4,66.4,Obese
186.2,87.0,Obese
174.4,62.7,Fit
160.0,67.8,Obese
180.7,64.5,Fit
159.1,54.1,Fit
180.5,57.3,Fit
181.3,73.4,Fit
154.9,50.4,Fit
171.4,61.0,Fit
173.6,65.0,Fit
193.8,78.0,Fit
156.8,54.4,Fit
180.8,82.2,Obese
165.2,51.5,Fit
151.3,57.3,Obese
163.7,60.7,Fit
165.0,62.9,Fit
153.4,51.5,Fit
168.4,56.7,Fit
175.5,71.3,Fit
167.6,66.0,Fit
159.0,49.2,Fit
163.4,48.0,Fit
165.0,60.5,Fit
167.4,67.7,Fit
177.2,77.1,Fit
168.0,71.7,Obese
149.6,52.2,Fit
158.8,53.4,Fit
166.8,61.2,Fit
177.4,59.3,Fit
179.3,65.2,Fit
184.5,74.5,Fit
166.4,58.8,Fit
173.4,66.9,Fit
149.0,37.8,Fit
169.7,54.2,Fit
153.2,57.8,Fit
164.3,52.7,Fit
198.3,81.1,Fit
168.3,63.1,Fit
155.5,45.7,Fit
169.5,72.0,Obese
159.3,45.8,Fit
154.4,52.5,Fit
188.1,71.9,Fit
176.7,70.0,Fit
168.8,58.7,Fit
160.7,56.6,Fit
161.6,67.2,Obese
182.0,67.3,Fit
168.4,56.8,Fit
131.1,35.3,Fit
191.6,92.6,Obese
167.0,60.6,Fit
168.8,72.5,Obese
177.0,67.5,Fit
170.1,73.2,Obese
173.2,69.3,Fit
160.3,61.0,Fit
151.5,39.0,Fit
168.1,49.5,Fit
180.7,80.4,Fit
157.9,63.3,Obese
157.0,73.6,Obese
178.4,58.2,Fit
160.0,60.2,Fit
160.5,48.5,Fit
160.9,51.0,Fit
164.3,55.4,Fit
147.7,51.0,Fit
159.1,50.4,Fit
167.5,62.0,Fit
167.5,68.3,Fit
177.7,78.5,Fit
185.2,81.0,Fit
181.6,76.2,Fit
175.1,66.3,Fit
163.4,54.2,Fit
158.1,59.3,Fit
165.2,51.6,Fit
171.4,65.6,Fit
174.0,58.0,Fit
171.9,64.6,Fit
163.7,50.5,Fit
173.7,63.1,Fit
178.9,65.0,Fit
174.7,60.8,Fit
164.6,58.9,Fit
155.8,34.0,Fit
155.6,38.8,Fit
157.5,61.0,Fit
167.8,63.1,Fit
170.7,58.3,Fit
149.4,56.9,Obese
159.5,50.8,Fit
167.7,57.2,Fit
155.1,46.7,Fit
169.8,78.7,Obese
161.6,59.3,Fit
157.0,55.8,Fit
165.6,64.1,Fit
169.3,48.2,Fit
155.7,48.6,Fit
162.3,61.6,Fit
170.1,63.7,Fit
156.6,71.6,Obese
146.8,43.1,Fit
148.1,55.8,Obese
160.4,63.1,Fit
150.5,51.0,Fit
161.2,59.7,Fit
183.3,71.6,Fit
149.8,33.6,Fit
161.9,60.5,Fit
188.5,81.6,Fit
169.5,67.9,Fit
161.0,57.5,Fit
163.3,66.4,Fit
169.7,56.4,Fit
183.7,86.0,Obese
159.2,47.8,Fit
156.7,53.1,Fit
149.8,54.8,Fit
166.1,56.6,Fit
149.5,55.2,Fit
159.9,53.5,Fit
155.0,53.8,Fit
176.8,67.3,Fit
159.4,51.3,Fit
169.4,81.1,Obese
147.4,41.1,Fit
166.4,42.7,Fit
151.8,44.2,Fit
160.3,57.6,Fit
189.3,75.8,Fit
175.3,75.7,Fit
163.6,66.7,Fit
200.2,85.6,Fit
154.9,39.4,Fit
177.8,59.3,Fit
148.1,48.0,Fit
162.3,45.4,Fit
150.2,46.7,Fit
167.8,73.3,Obese
165.6,63.1,Fit
161.6,57.8,Fit
177.0,60.6,Fit
158.8,56.9,Fit
168.6,60.5,Fit
174.0,68.5,Fit
148.7,54.5,Fit
156.8,61.3,Fit
165.6,61.4,Fit
171.9,69.1,Fit
180.6,67.7,Fit
162.6,67.2,Obese
161.5,50.3,Fit
155.4,51.5,Fit
168.6,72.5,Obese
161.7,53.7,Fit
162.0,47.0,Fit
164.0,55.9,Fit
171.1,75.5,Obese
158.8,37.3,Fit
156.5,54.7,Fit
169.7,58.3,Fit
131.7,36.8,Fit
158.4,52.4,Fit
152.3,58.7,Obese
178.2,70.3,Fit
160.1,64.5,Obese
158.8,65.8,Obese
164.5,59.7,Fit
158.5,52.4,Fit
160.6,59.7,Fit
166.1,65.2,Fit
160.4,47.3,Fit
160.3,58.4,Fit
153.9,50.1,Fit
152.3,47.7,Fit
165.7,54.9,Fit
168.4,57.4,Fit
149.3,59.1,Obese
173.4,63.2,Fit
173.4,75.3,Obese
175.7,69.0,Fit
168.3,53.3,Fit
172.0,66.6,Fit
189.0,69.1,Fit
161.7,62.4,Fit
153.5,50.2,Fit
148.1,55.1,Obese
184.3,86.2,Obese
184.5,61.0,Fit
154.8,49.0,Fit
157.0,44.6,Fit
161.4,74.6,Obese
178.5,66.5,Fit
150.8,39.5,Fit
143.4,63.1,Obese
188.8,72.6,Fit
168.4,49.4,Fit
170.0,54.3,Fit
162.7,59.4,Fit
170.1,64.0,Fit
148.3,41.7,Fit
155.7,49.5,Fit
166.2,61.2,Fit
140.0,53.7,Obese
161.7,60.2,Fit
161.0,52.5,Fit
161.7,55.7,Fit
158.9,61.7,Fit
154.0,65.6,Obese
145.0,37.4,Fit
166.6,70.0,Obese
161.7,55.0,Fit
149.9,36.4,Fit
165.7,45.8,Fit
161.8,68.2,Obese
159.9,67.9,Obese
141.3,39.4,Fit
172.5,63.8,Fit
151.4,36.2,Fit
165.7,66.5,Fit
156.1,53.4,Fit
160.7,44.4,Fit
177.7,71.1,Fit
170.8,53.1,Fit
177.4,73.7,Fit
168.6,53.9,Fit
169.4,65.8,Fit
145.4,41.3,Fit
161.5,38.5,Fit
162.5,66.1,Obese
178.5,78.5,Fit
159.4,51.7,Fit
167.9,64.2,Fit
167.5,65.2,Fit
177.7,73.3,Fit
163.5,72.6,Obese
174.1,70.0,Fit
146.2,44.2,Fit
147.2,51.1,Fit
139.9,39.6,Fit
173.6,57.8,Fit
172.4,75.2,Obese
174.9,71.5,Fit
157.5,39.7,Fit
158.8,50.0,Fit
163.7,65.0,Fit
180.9,59.5,Fit
183.6,68.2,Fit
173.7,87.7,Obese
168.6,59.9,Fit
179.7,79.7,Fit
162.2,69.9,Obese
160.7,49.5,Fit
163.6,61.0,Fit
154.2,68.8,Obese
163.1,62.2,Fit
152.7,70.2,Obese
176.3,63.3,Fit
171.0,78.7,Obese
180.7,72.0,Fit
147.1,45.0,Fit
185.9,81.2,Fit
147.7,47.1,Fit
151.8,50.0,Fit
158.2,58.9,Fit
179.4,56.3,Fit
167.5,55.3,Fit
162.3,63.7,Fit
156.3,61.7,Obese
149.9,52.3,Fit
177.5,71.5,Fit
173.8,69.7,Fit
179.9,78.8,Fit
169.4,51.7,Fit
135.9,36.6,Fit
151.3,49.8,Fit
170.1,65.2,Fit
160.9,40.1,Fit
158.9,45.5,Fit
152.9,51.3,Fit
175.4,75.8,Fit
170.0,60.2,Fit
170.5,58.6,Fit
158.0,59.2,Fit
166.9,58.7,Fit
150.3,56.7,Obese
163.6,57.1,Fit
137.2,32.5,Fit
147.8,59.4,Obese
161.5,67.2,Obese
191.1,72.7,Fit
145.2,49.5,Fit
151.3,47.8,Fit
167.4,66.6,Fit
184.5,67.9,Fit
167.2,68.5,Fit
172.7,75.2,Obese
161.3,49.7,Fit
159.4,56.4,Fit
165.9,70.3,Obese
157.8,46.7,Fit
173.0,60.5,Fit
147.3,53.0,Fit
174.8,65.9,Fit
165.4,47.6,Fit
162.6,55.6,Fit
146.9,61.5,Obese
154.2,68.8,Obese
178.2,64.8,Fit
162.7,50.9,Fit
168.1,58.5,Fit
155.3,67.5,Obese
164.7,66.4,Fit
149.9,61.2,Obese
166.1,68.7,Fit
169.1,52.3,Fit
168.5,54.9,Fit
155.1,47.3,Fit
161.2,53.0,Fit
170.9,58.8,Fit
162.7,53.7,Fit
161.8,62.7,Fit
185.9,77.1,Fit
154.5,62.3,Obese
176.9,70.8,Fit
152.3,45.6,Fit
172.2,66.7,Fit
172.8,53.6,Fit
159.4,37.4,Fit
151.6,55.7,Fit
143.3,53.3,Obese
158.2,55.7,Fit
170.8,61.0,Fit
153.1,40.9,Fit
166.1,70.0,Obese
148.8,52.6,Fit
162.4,60.4,Fit
152.4,51.0,Fit
164.1,55.5,Fit
159.5,47.1,Fit
151.9,52.8,Fit
157.8,50.4,Fit
154.7,49.3,Fit
150.5,63.6,Obese
176.9,68.5,Fit
161.0,37.4,Fit
140.8,39.3,Fit
158.1,47.0,Fit
175.1,66.3,Fit
156.6,42.6,Fit
181.5,75.9,Fit
155.6,50.9,Fit
170.5,60.2,Fit
176.4,69.7,Fit
170.0,62.9,Fit
149.9,48.3,Fit
154.6,50.8,Fit
177.9,69.4,Fit
156.1,56.4,Fit
175.7,69.7,Fit
160.3,65.5,Obese
166.6,56.7,Fit
149.8,51.2,Fit
158.3,74.7,Obese
155.4,52.8,Fit
167.5,61.7,Fit
166.0,50.5,Fit
170.1,57.9,Fit
159.6,55.2,Fit
154.8,57.0,Fit
167.0,66.6,Fit
153.7,54.6,Fit
176.9,75.2,Fit
163.7,51.0,Fit
161.4,61.2,Fit
170.1,63.7,Fit
164.2,60.3,Fit
146.8,44.5,Fit
153.3,44.1,Fit
176.6,58.9,Fit
165.9,63.1,Fit
146.5,51.2,Fit
168.9,61.7,Fit
158.8,55.4,Fit
155.4,47.4,Fit
152.4,55.1,Fit
176.0,68.6,Fit
143.4,42.3,Fit
155.8,60.3,Fit
166.3,66.0,Fit
182.4,60.9,Fit
171.1,64.8,Fit
155.7,45.7,Fit
181.8,73.8,Fit
150.1,24.3,Fit
167.9,63.6,Fit
170.4,69.5,Fit
155.3,52.2,Fit
172.7,56.3,Fit
159.3,71.5,Obese
172.6,74.8,Obese
144.8,41.9,Fit
168.7,60.5,Fit
160.5,40.8,Fit
177.6,73.2,Fit
164.5,48.6,Fit
178.7,75.6,Fit
170.6,72.2,Fit
163.6,58.3,Fit
173.7,57.8,Fit
173.7,76.4,Obese
170.2,63.7,Fit
139.8,43.7,Fit
154.2,44.9,Fit
180.2,73.0,Fit
151.2,48.7,Fit
174.7,56.5,Fit
172.8,76.4,Obese
157.0,68.3,Obese
143.1,53.2,Obese
158.7,62.4,Fit
187.9,91.8,Obese
155.5,44.8,Fit
156.3,45.2,Fit
154.0,48.9,Fit
178.4,72.4,Fit
162.3,55.6,Fit
158.1,46.8,Fit
180.5,71.8,Fit
171.4,63.9,Fit
154.9,59.5,Fit
151.5,50.9,Fit
177.7,54.3,Fit
165.2,63.1,Fit
148.0,60.8,Obese
145.4,46.7,Fit
152.7,59.2,Obese
151.4,46.4,Fit
142.5,49.2,Fit
152.9,45.5,Fit
154.9,50.8,Fit
159.9,54.3,Fit
183.6,78.0,Fit
162.1,51.2,Fit
163.2,46.8,Fit
170.6,67.8,Fit
162.4,61.5,Fit
169.4,64.0,Fit
168.1,69.6,Fit
166.3,59.3,Fit
195.4,86.3,Fit
175.0,64.6,Fit
153.1,49.5,Fit
169.1,65.6,Fit
156.3,71.9,Obese
169.9,69.5,Fit
149.9,53.8,Fit
152.8,57.6,Fit
168.8,43.9,Fit
176.0,70.7,Fit
170.5,71.3,Fit
174.4,67.6,Fit
169.1,62.6,Fit
166.9,53.8,Fit
159.5,52.5,Fit
173.9,59.9,Fit
176.3,76.4,Fit
164.3,71.4,Obese
163.7,74.4,Obese
182.5,66.5,Fit
164.8,54.4,Fit
165.8,54.5,Fit
170.3,55.7,Fit
163.9,51.1,Fit
156.0,49.4,Fit
169.2,69.9,Fit
164.6,53.8,Fit
185.3,83.9,Fit
173.7,77.3,Obese
158.4,57.5,Fit
173.0,75.7,Obese
168.4,51.5,Fit
179.4,66.3,Fit
159.2,57.3,Fit
167.1,63.2,Fit
163.9,70.5,Obese
165.6,52.4,Fit
155.3,48.7,Fit
171.3,63.9,Fit
169.6,59.1,Fit
179.1,62.3,Fit
164.9,56.0,Fit
160.5,54.7,Fit
173.7,77.9,Obese
156.3,45.6,Fit
176.9,75.4,Fit
176.9,79.0,Obese
178.8,66.3,Fit
169.1,65.0,Fit
159.6,60.7,Fit
166.2,64.1,Fit
169.2,63.6,Fit
158.8,50.1,Fit
179.7,76.3,Fit
171.4,61.6,Fit
155.2,53.2,Fit
185.7,77.3,Fit
166.1,67.5,Fit
153.0,66.9,Obese
155.9,47.5,Fit
181.4,72.8,Fit
185.1,63.5,Fit
176.1,80.1,Obese
179.5,71.2,Fit
178.4,67.6,Fit
171.1,64.8,Fit
168.6,63.4,Fit
170.9,58.4,Fit
173.1,75.4,Obese
156.8,59.3,Fit
173.1,72.2,Fit
181.0,66.7,Fit
162.7,52.4,Fit
161.6,56.5,Fit
170.2,70.2,Fit
157.9,58.8,Fit
150.5,43.6,Fit
177.6,74.8,Fit
160.0,48.6,Fit
165.2,54.7,Fit
158.3,56.4,Fit
179.0,61.2,Fit
174.4,59.2,Fit
162.4,70.4,Obese
152.0,61.8,Obese
161.2,75.5,Obese
171.3,68.1,Fit
167.1,66.6,Fit
166.2,59.5,Fit
167.3,58.8,Fit
173.3,73.1,Fit
164.5,70.5,Obese
170.0,69.8,Fit
154.1,45.6,Fit
193.1,85.2,Fit
161.9,51.5,Fit
167.2,58.9,Fit
171.2,77.6,Obese
160.5,47.1,Fit
165.1,77.3,Obese
165.0,64.3,Fit
154.9,49.1,Fit
169.8,64.0,Fit
146.9,42.0,Fit
184.3,70.3,Fit
173.7,67.0,Fit
172.0,62.5,Fit
145.9,39.4,Fit
156.3,52.0,Fit
180.3,61.0,Fit
210.7,87.5,Fit
178.1,59.6,Fit
176.4,81.8,Obese
170.8,67.4,Fit
155.7,58.1,Fit
175.9,68.2,Fit
152.9,55.5,Fit
151.7,60.0,Obese
151.0,53.4,Fit
175.7,81.1,Obese
164.4,59.1,Fit
166.1,65.5,Fit
164.8,65.4,Fit
152.6,43.8,Fit
157.6,55.0,Fit
158.2,40.3,Fit
149.5,48.2,Fit
159.5,53.7,Fit
153.1,48.9,Fit
171.4,61.3,Fit
172.3,69.4,Fit
150.8,42.9,Fit
161.7,72.4,Obese
185.4,80.2,Fit
154.2,45.9,Fit
169.7,68.5,Fit
166.2,68.7,Fit
177.0,71.9,Fit
168.3,54.2,Fit
160.3,74.4,Obese
165.7,65.5,Fit
165.9,50.6,Fit
164.0,60.8,Fit
150.5,48.1,Fit
178.7,70.3,Fit
176.7,59.2,Fit
153.5,52.3,Fit
161.7,50.9,Fit
162.5,55.3,Fit
152.3,54.1,Fit
144.5,42.1,Fit
157.6,52.3,Fit
161.1,63.6,Fit
149.1,41.8,Fit
166.9,56.1,Fit
177.8,59.5,Fit
174.3,60.2,Fit
163.6,59.9,Fit
144.8,51.2,Fit
172.9,59.3,Fit
166.6,65.9,Fit
169.7,64.2,Fit
186.3,65.3,Fit
155.9,54.9,Fit
133.4,48.7,Obese
153.4,36.6,Fit
170.3,79.9,Obese
165.3,55.2,Fit
151.6,37.4,Fit
149.4,50.2,Fit
161.1,63.7,Fit
151.3,48.1,Fit
170.7,66.6,Fit
160.5,73.6,Obese
158.1,56.6,Fit
156.7,77.9,Obese
167.9,72.1,Obese
165.5,60.6,Fit
167.2,63.9,Fit
167.0,58.8,Fit
164.2,61.3,Fit
153.6,56.4,Fit
157.0,51.0,Fit
160.7,45.7,Fit
187.7,88.1,Fit
150.2,57.4,Obese
160.4,45.3,Fit
166.1,62.1,Fit
161.7,65.7,Obese
176.8,76.2,Fit
161.6,51.9,Fit
162.4,65.9,Fit
174.0,66.7,Fit
184.9,78.3,Fit
180.5,64.3,Fit
163.5,24.8,Fit
164.5,53.3,Fit
165.5,64.6,Fit
166.6,59.4,Fit
155.7,58.5,Fit
175.3,76.5,Fit
167.3,58.9,Fit
164.5,56.1,Fit
151.0,32.7,Fit
165.7,48.0,Fit
144.2,35.0,Fit
158.6,59.8,Fit
158.8,52.9,Fit
168.2,57.9,Fit
185.7,70.7,Fit
171.3,58.3,Fit
180.9,79.4,Fit
172.1,65.9,Fit
177.4,77.1,Fit
185.4,58.1,Fit
156.9,58.5,Fit
156.2,49.8,Fit
172.4,63.1,Fit
165.0,70.7,Obese
167.4,58.5,Fit
162.3,61.9,Fit
158.4,47.1,Fit
182.8,73.8,Fit
152.9,38.7,Fit
172.6,65.0,Fit
170.8,67.2,Fit
147.6,56.8,Obese
155.9,46.9,Fit
157.7,50.5,Fit
171.2,59.3,Fit
161.0,55.0,Fit
164.1,51.5,Fit
149.0,31.6,Fit
190.6,71.6,Fit
165.8,60.1,Fit
170.5,62.8,Fit
159.1,60.1,Fit
157.8,61.5,Fit
186.0,72.5,Fit
143.9,32.9,Fit
168.1,65.4,Fit
151.7,50.5,Fit
160.5,54.6,Fit
158.0,64.7,Obese
154.2,55.9,Fit
165.4,61.2,Fit
136.8,42.5,Fit
161.5,64.2,Fit
164.0,53.7,Fit
150.0,42.5,Fit
181.6,70.7,Fit
158.5,45.8,Fit
162.4,57.7,Fit
158.5,56.0,Fit
164.1,58.7,Fit
179.4,67.9,Fit
192.2,94.5,Obese
173.2,73.5,Fit
177.0,68.1,Fit
183.9,75.1,Fit
167.7,72.9,Obese
182.3,68.4,Fit
173.7,58.7,Fit
166.6,62.9,Fit
168.9,66.0,Fit
145.0,50.1,Fit
168.2,68.9,Fit
148.0,42.3,Fit
147.1,36.4,Fit
167.1,56.8,Fit
152.7,56.0,Fit
164.9,52.5,Fit
166.5,45.5,Fit
167.0,62.5,Fit
155.1,48.4,Fit
174.9,53.5,Fit
164.0,59.8,Fit
169.9,60.4,Fit
151.8,64.1,Obese
163.0,59.2,Fit
177.1,73.7,Fit
175.7,67.8,Fit
156.2,48.9,Fit
159.0,51.7,Fit
154.1,60.9,Obese
157.8,60.7,Fit
149.6,37.3,Fit
163.5,48.8,Fit
172.0,55.5,Fit
156.4,62.3,Obese
164.0,45.3,Fit
162.6,64.4,Fit
176.6,71.8,Fit
158.3,56.3,Fit
158.7,51.6,Fit
155.7,62.8,Obese
152.5,52.1,Fit
170.8,52.6,Fit
163.5,49.1,Fit
165.6,47.2,Fit
179.0,80.1,Fit
179.7,82.4,Obese
146.9,56.2,Obese
172.1,64.0,Fit
167.5,50.3,Fit
159.9,47.8,Fit
168.6,54.6,Fit
146.0,46.5,Fit
181.1,83.2,Obese
170.7,75.1,Obese
155.5,49.3,Fit
158.6,37.4,Fit
146.3,37.7,Fit
161.5,66.9,Obese
159.7,58.0,Fit
150.4,46.9,Fit
173.5,62.9,Fit
179.0,64.5,Fit
164.7,50.0,Fit
161.6,74.1,Obese
169.8,77.2,Obese
164.8,53.2,Fit
153.1,37.5,Fit
157.8,56.1,Fit
161.7,56.4,Fit
167.7,66.9,Fit
165.1,66.8,Fit
167.3,52.2,Fit
148.2,58.6,Obese
172.3,62.5,Fit
165.0,64.8,Fit
193.1,79.9,Fit
160.7,64.2,Fit
168.6,43.6,Fit
196.1,90.5,Fit
167.1,54.8,Fit
164.3,59.9,Fit
154.1,62.2,Obese
181.8,66.3,Fit
152.2,43.3,Fit
169.7,60.4,Fit
159.8,52.7,Fit
162.9,50.0,Fit
149.3,49.9,Fit
179.8,72.4,Fit
161.9,61.4,Fit
151.6,44.0,Fit
178.8,62.8,Fit
159.5,55.0,Fit
168.7,60.6,Fit
174.3,65.0,Fit
170.2,58.1,Fit
140.8,46.3,Fit
172.6,58.0,Fit
163.9,58.1,Fit
161.4,54.8,Fit
163.8,58.8,Fit
147.3,57.2,Obese
167.1,50.9,Fit
150.0,30.4,Fit
161.9,52.9,Fit
166.7,51.9,Fit
176.8,44.7,Fit
156.0,67.5,Obese
181.0,76.5,Fit
175.4,73.0,Fit
160.3,54.2,Fit
152.8,54.7,Fit
149.1,45.5,Fit
168.0,68.6,Fit
156.9,55.7,Fit
178.2,69.6,Fit
157.5,54.9,Fit
155.1,64.6,Obese
167.6,63.1,Fit
157.5,46.3,Fit
165.1,62.7,Fit
175.8,71.9,Fit
166.3,59.7,Fit
166.3,60.4,Fit
167.3,53.0,Fit
146.4,47.9,Fit
169.3,53.3,Fit
166.8,59.2,Fit
174.8,61.9,Fit
171.7,72.7,Fit
162.8,70.7,Obese
176.4,59.3,Fit
161.8,57.5,Fit
167.7,59.4,Fit
161.6,61.2,Fit
170.1,64.4,Fit
160.9,53.8,Fit
183.1,74.5,Fit
187.2,75.4,Fit
174.6,79.8,Obese
182.0,66.5,Fit
148.1,50.3,Fit
149.4,53.2,Fit
161.5,60.9,Fit
165.5,57.8,Fit
162.8,69.3,Obese
146.9,30.8,Fit
177.7,60.7,Fit
188.7,83.6,Fit
179.1,63.5,Fit
176.9,61.4,Fit
167.5,58.0,Fit
155.7,47.1,Fit
165.8,65.6,Fit
188.2,85.1,Fit
161.1,57.8,Fit
160.0,64.8,Obese
177.2,58.0,Fit
177.9,70.2,Fit
155.7,64.1,Obese
162.1,65.6,Fit
159.5,67.4,Obese
165.8,55.7,Fit
177.1,76.4,Fit
156.2,50.2,Fit
177.0,73.7,Fit
166.1,71.2,Obese
190.6,73.6,Fit
168.5,47.6,Fit
163.9,73.9,Obese
171.3,68.5,Fit
161.3,56.4,Fit
145.3,45.1,Fit
162.4,41.2,Fit
162.2,59.5,Fit
147.5,43.6,Fit
164.2,59.7,Fit
142.3,44.8,Fit
161.2,30.1,Fit
167.7,65.8,Fit
166.1,62.2,Fit
160.5,59.2,Fit
164.1,57.7,Fit
156.4,54.2,Fit
165.1,61.4,Fit
165.6,62.6,Fit
155.1,56.7,Fit
167.9,64.3,Fit
167.9,76.8,Obese
163.2,52.8,Fit
191.6,77.8,Fit
163.5,72.3,Obese
161.9,56.4,Fit
160.4,64.0,Fit
154.3,53.5,Fit
172.5,63.7,Fit
157.5,62.4,Obese
158.8,59.6,Fit
159.1,43.4,Fit
154.2,53.7,Fit
145.7,38.8,Fit
159.9,66.4,Obese
174.6,81.1,Obese
167.2,76.5,Obese
182.2,75.9,Fit
173.3,62.3,Fit
170.8,66.7,Fit
185.7,68.4,Fit
163.9,77.9,Obese
165.7,70.0,Obese
164.9,62.2,Fit
182.0,80.8,Fit
165.0,56.0,Fit
157.9,46.0,Fit
171.5,47.0,Fit
156.0,54.2,Fit
170.9,62.6,Fit
169.6,67.4,Fit
162.9,58.5,Fit
171.2,68.3,Fit
148.6,55.1,Fit
166.8,49.5,Fit
159.9,63.2,Fit
196.5,81.7,Fit
166.7,65.3,Fit
158.4,63.4,Obese
149.8,57.6,Obese
179.4,71.8,Fit
161.1,58.6,Fit
156.3,60.9,Fit
168.7,50.6,Fit
172.1,57.6,Fit
172.0,62.8,Fit
165.2,49.4,Fit
166.8,59.0,Fit
167.6,59.2,Fit
168.7,63.3,Fit
169.7,62.9,Fit
177.0,77.5,Fit
165.6,64.9,Fit
156.0,53.0,Fit
163.4,56.1,Fit
173.3,65.7,Fit
145.3,46.2,Fit
145.4,66.7,Obese
175.1,55.8,Fit
181.7,65.2,Fit
151.1,41.6,Fit
166.1,62.9,Fit
160.6,58.6,Fit
162.1,53.2,Fit
168.4,69.5,Fit
150.8,53.0,Fit
152.8,58.9,Obese
161.7,67.1,Obese
163.4,41.7,Fit
152.6,56.7,Fit
173.7,56.0,Fit
160.4,58.6,Fit
160.4,56.0,Fit
168.1,61.9,Fit
163.6,49.2,Fit
174.2,75.0,Fit
154.7,42.3,Fit
149.6,55.3,Fit
161.6,46.0,Fit
165.7,60.2,Fit
151.4,64.8,Obese
149.7,68.2,Obese
167.0,48.4,Fit
156.7,48.4,Fit
149.0,44.7,Fit
175.6,85.9,Obese
158.1,54.4,Fit
177.6,78.0,Fit
165.3,62.5,Fit
168.2,52.7,Fit
162.7,43.3,Fit
135.8,35.7,Fit
152.5,69.7,Obese
163.6,61.0,Fit
169.0,71.3,Fit
145.3,35.1,Fit
164.4,56.9,Fit
152.7,57.5,Fit
167.6,53.1,Fit
164.8,59.2,Fit
173.2,58.9,Fit
176.7,75.3,Fit
170.0,66.8,Fit
174.5,72.4,Fit
161.1,64.1,Fit
196.1,82.7,Fit
151.6,58.6,Obese
159.2,51.0,Fit
174.9,72.3,Fit
173.3,50.3,Fit
170.4,57.9,Fit
172.4,83.9,Obese
142.1,49.3,Fit
182.5,78.2,Fit
162.8,51.7,Fit
178.7,61.5,Fit
142.6,42.6,Fit
167.8,61.4,Fit
158.8,70.8,Obese
171.3,72.7,Fit
168.5,63.3,Fit
169.0,63.4,Fit
153.4,57.8,Fit
164.4,48.9,Fit
163.0,43.1,Fit
170.4,69.9,Fit
175.9,68.6,Fit
166.7,50.6,Fit
151.0,33.4,Fit
166.2,67.9,Fit
193.7,78.4,Fit
183.1,77.0,Fit
132.3,36.4,Fit
165.7,60.1,Fit
175.3,62.8,Fit
163.0,57.8,Fit
159.9,60.9,Fit
162.1,55.6,Fit
171.1,61.7,Fit
152.4,55.9,Fit
178.1,75.2,Fit
164.4,50.3,Fit
154.7,52.4,Fit
177.4,65.0,Fit
148.0,48.3,Fit
158.9,67.0,Obese
158.7,58.3,Fit
188.6,95.6,Obese
157.5,56.3,Fit
141.3,42.6,Fit
158.6,55.2,Fit
170.0,64.7,Fit
173.6,68.9,Fit
190.0,71.5,Fit
180.5,69.8,Fit
167.1,55.6,Fit
155.2,61.2,Obese
182.9,58.2,Fit
160.9,58.2,Fit
157.8,42.6,Fit
160.4,60.1,Fit
151.2,47.1,Fit
159.9,41.7,Fit
162.4,65.6,Fit
173.0,45.7,Fit
160.7,56.6,Fit
151.1,55.7,Fit
147.4,58.8,Obese
167.3,48.7,Fit
165.8,56.3,Fit
158.9,64.2,Obese
159.9,65.4,Obese
169.3,73.3,Obese
180.3,92.0,Obese
156.4,49.8,Fit
166.0,63.6,Fit
175.5,65.0,Fit
156.5,38.1,Fit
164.8,59.1,Fit
164.6,43.6,Fit
150.6,45.7,Fit
166.9,49.5,Fit
165.3,63.7,Fit
171.1,58.2,Fit
151.9,36.5,Fit
165.1,66.9,Fit
180.2,66.6,Fit
187.9,74.2,Fit
179.1,62.7,Fit
152.1,60.1,Obese
170.0,65.7,Fit
159.7,51.2,Fit
168.1,46.9,Fit
156.5,74.0,Obese
146.2,62.8,Obese
161.2,68.7,Obese
172.9,60.2,Fit
168.2,58.2,Fit
169.4,66.4,Fit
167.4,54.5,Fit
169.4,55.3,Fit
170.8,75.9,Obese
162.0,57.3,Fit
165.9,51.6,Fit
184.2,82.2,Fit
166.6,56.4,Fit
165.5,44.4,Fit
166.1,51.6,Fit
162.6,54.0,Fit
160.2,58.2,Fit
167.3,62.9,Fit
159.4,65.7,Obese
163.4,56.8,Fit
156.3,50.0,Fit
166.2,70.7,Obese
171.4,72.5,Fit
162.7,56.5,Fit
142.9,47.3,Fit
171.5,60.9,Fit
166.3,51.6,Fit
154.1,69.8,Obese
173.5,61.9,Fit
149.6,51.6,Fit
176.5,56.4,Fit
164.4,65.3,Fit
140.0,33.5,Fit
167.0,74.8,Obese
160.5,71.1,Obese
158.9,60.1,Fit
156.9,55.1,Fit
163.6,57.4,Fit
159.7,55.7,Fit
144.6,49.3,Fit
179.0,71.2,Fit
162.3,65.8,Fit
156.9,46.8,Fit
152.6,63.4,Obese
173.5,62.8,Fit
150.7,44.0,Fit
166.5,63.9,Fit
158.6,58.7,Fit
159.2,41.9,Fit
152.9,47.6,Fit
158.2,37.7,Fit
165.1,54.6,Fit
167.6,56.7,Fit
156.4,56.2,Fit
164.0,52.9,Fit
174.8,62.8,Fit
146.7,57.8,Obese
164.9,76.4,Obese
154.5,45.2,Fit
153.4,59.9,Obese
167.9,65.1,Fit
159.0,41.7,Fit
151.6,44.2,Fit
179.6,46.7,Fit
175.1,70.1,Fit
143.7,36.8,Fit
148.8,49.8,Fit
171.5,85.3,Obese
161.9,70.4,Obese
181.5,66.3,Fit
171.8,56.8,Fit
168.3,72.7,Obese
153.8,44.0,Fit
170.4,71.8,Fit
151.0,72.0,Obese
179.4,76.2,Fit
169.6,72.8,Obese
155.9,62.0,Obese
173.9,62.0,Fit
189.7,81.5,Fit
162.6,50.5,Fit
171.1,74.7,Obese
160.2,47.8,Fit
165.9,66.2,Fit
148.4,57.5,Obese
165.0,56.0,Fit
165.5,54.5,Fit
184.8,73.8,Fit
145.3,39.3,Fit
161.9,58.9,Fit
179.2,63.3,Fit
162.3,51.2,Fit
163.1,62.9,Fit
155.8,58.4,Fit
154.7,50.3,Fit
144.9,33.0,Fit
158.1,64.3,Obese
154.1,48.7,Fit
166.3,77.3,Obese
156.3,52.7,Fit
159.7,57.2,Fit
160.0,52.9,Fit
164.5,61.5,Fit
159.2,83.6,Obese
153.3,48.9,Fit
165.9,70.8,Obese
176.7,69.4,Fit
166.4,70.3,Obese
158.3,39.7,Fit
163.6,74.5,Obese
142.4,47.4,Fit
163.5,56.6,Fit
160.6,64.0,Fit
154.7,53.8,Fit
156.7,44.9,Fit
160.5,37.3,Fit
175.9,82.7,Obese
177.0,67.2,Fit
154.8,47.8,Fit
159.3,51.5,Fit
159.6,67.7,Obese
173.9,62.6,Fit
166.6,66.2,Fit
166.0,58.0,Fit
170.9,54.2,Fit
158.4,62.4,Fit
180.0,80.1,Fit
165.0,54.4,Fit
155.6,53.0,Fit
162.5,58.9,Fit
178.6,73.7,Fit
160.3,72.3,Obese
175.4,65.1,Fit
158.1,52.4,Fit
156.6,52.5,Fit
172.3,57.7,Fit
155.4,39.3,Fit
174.0,67.7,Fit
168.9,67.0,Fit
155.4,53.1,Fit
164.2,58.8,Fit
159.0,48.4,Fit
168.8,64.7,Fit
185.8,77.3,Fit
160.9,60.8,Fit
170.9,66.8,Fit
165.3,63.2,Fit
165.3,70.6,Obese
163.2,63.2,Fit
155.6,57.1,Fit
168.7,48.7,Fit
161.8,66.0,Obese
155.0,50.5,Fit
176.2,68.9,Fit
166.1,50.5,Fit
162.5,74.8,Obese
179.7,51.3,Fit
144.8,58.0,Obese
179.0,73.9,Fit
155.3,37.8,Fit
167.3,77.9,Obese
158.5,59.4,Fit
154.8,33.9,Fit
179.5,67.5,Fit
185.4,79.9,Fit
162.6,71.8,Obese
168.7,59.3,Fit
165.6,39.2,Fit
184.0,86.2,Obese
141.8,48.2,Fit
169.1,45.1,Fit
157.0,57.0,Fit
139.1,46.1,Fit
161.0,54.5,Fit
185.3,68.9,Fit
157.8,49.9,Fit
173.7,63.8,Fit
178.2,72.7,Fit
164.9,66.1,Fit
166.3,43.7,Fit
146.1,49.0,Fit
157.1,58.2,Fit
175.0,68.7,Fit
165.7,57.1,Fit
169.0,74.2,Obese
166.5,71.7,Obese
189.1,75.7,Fit
160.3,55.8,Fit
182.7,79.6,Fit
166.5,71.2,Obese
183.6,67.7,Fit
151.5,42.1,Fit
167.0,63.6,Fit
160.7,47.8,Fit
166.5,45.5,Fit
178.4,63.5,Fit
169.2,66.3,Fit
178.4,82.5,Obese
157.6,49.0,Fit
155.9,52.5,Fit
165.2,61.3,Fit
164.6,54.4,Fit
163.0,52.6,Fit
154.5,55.2,Fit
178.2,60.3,Fit
161.0,50.9,Fit
180.7,70.2,Fit
165.1,62.6,Fit
172.1,53.1,Fit
171.1,63.4,Fit
155.9,43.2,Fit
169.0,57.4,Fit
186.2,82.6,Fit
167.8,61.3,Fit
174.9,80.7,Obese
172.6,65.0,Fit
168.4,70.1,Fit
167.1,67.8,Fit
171.0,64.2,Fit
173.4,55.6,Fit
150.1,48.7,Fit
167.7,57.6,Fit
163.0,53.9,Fit
160.7,58.1,Fit
179.3,59.1,Fit
156.9,47.2,Fit
149.7,41.2,Fit
173.8,64.4,Fit
149.4,42.9,Fit
143.8,39.9,Fit
175.0,68.5,Fit
166.7,57.6,Fit
170.2,63.8,Fit
160.1,47.5,Fit
149.8,42.7,Fit
152.0,67.1,Obese
162.0,52.2,Fit
151.0,33.3,Fit
168.4,65.1,Fit
159.9,50.6,Fit
167.0,63.3,Fit
166.7,60.4,Fit
169.3,67.4,Fit
170.5,63.2,Fit
161.2,55.4,Fit
167.0,70.6,Obese
167.6,44.0,Fit
138.3,31.5,Fit
172.1,58.6,Fit
166.6,47.6,Fit
171.2,60.6,Fit
150.8,45.4,Fit
161.5,65.2,Fit
153.0,50.8,Fit
173.2,64.3,Fit
149.5,46.2,Fit
154.8,44.3,Fit
170.9,71.4,Fit
158.1,64.7,Obese
154.8,43.0,Fit
175.0,80.3,Obese
175.4,62.3,Fit
172.9,59.8,Fit
174.3,70.6,Fit
162.5,62.6,Fit
162.7,57.7,Fit
157.9,52.1,Fit
166.8,70.6,Obese
159.2,50.8,Fit
160.2,55.9,Fit
171.6,78.3,Obese
178.0,59.0,Fit
169.4,59.4,Fit
184.7,83.3,Fit
157.2,58.6,Fit
144.8,53.3,Obese
172.9,55.2,Fit
156.5,56.5,Fit
162.0,55.4,Fit
145.5,64.8,Obese
155.1,59.4,Fit
148.5,48.3,Fit
160.2,58.8,Fit
160.7,57.2,Fit
166.0,66.2,Fit
178.6,63.4,Fit
172.4,76.3,Obese
147.2,37.0,Fit
171.7,66.5,Fit
166.2,54.2,Fit
163.9,59.5,Fit
164.8,67.6,Fit
167.3,47.8,Fit
157.4,53.1,Fit
163.0,46.9,Fit
178.0,67.5,Fit
157.3,42.9,Fit
153.7,53.2,Fit
164.3,56.0,Fit
152.6,57.2,Fit
146.0,56.8,Obese
161.2,57.3,Fit
180.9,79.2,Fit
164.6,70.6,Obese
167.0,54.0,Fit
141.6,55.6,Obese
169.8,63.1,Fit
166.0,52.8,Fit
157.7,57.1,Fit
167.0,60.8,Fit
166.9,50.0,Fit
153.3,42.9,Fit
168.7,75.7,Obese
178.2,72.1,Fit
162.5,69.9,Obese
155.5,49.8,Fit
163.0,52.1,Fit
174.4,53.4,Fit
151.5,58.2,Obese
171.4,67.9,Fit
157.5,51.3,Fit
167.7,55.5,Fit
158.8,64.5,Obese
158.8,54.0,Fit
181.8,71.3,Fit
149.5,44.4,Fit
170.3,60.6,Fit
184.0,78.9,Fit
172.5,54.2,Fit
150.4,50.4,Fit
150.9,57.7,Obese
156.7,53.4,Fit
166.7,69.6,Obese
167.5,72.4,Obese
151.0,57.4,Obese
155.4,48.8,Fit
156.1,53.3,Fit
163.0,61.2,Fit
186.8,73.0,Fit
154.7,48.6,Fit
154.3,47.8,Fit
152.5,71.5,Obese
172.0,62.9,Fit
164.5,68.1,Obese
155.1,46.0,Fit
161.0,70.6,Obese
156.3,50.7,Fit
168.3,62.7,Fit
194.5,68.6,Fit
171.1,73.3,Obese
164.0,69.8,Obese
157.7,45.2,Fit
150.2,59.0,Obese
173.1,55.2,Fit
172.5,70.5,Fit
159.9,53.9,Fit
178.3,80.7,Obese
165.2,62.1,Fit
173.5,73.7,Fit
168.3,72.2,Obese
163.1,56.2,Fit
154.5,52.3,Fit
163.4,49.8,Fit
174.3,64.4,Fit
159.4,71.3,Obese
169.8,69.5,Fit
153.1,43.2,Fit
173.6,79.3,Obese
168.4,65.5,Fit
151.8,57.3,Fit
162.5,62.0,Fit
175.2,70.9,Fit
151.2,34.3,Fit
153.2,60.5,Obese
164.2,41.3,Fit
188.5,86.3,Fit
157.6,55.4,Fit
170.4,70.6,Fit
167.9,63.3,Fit
158.5,63.6,Obese
166.8,61.3,Fit
160.1,58.6,Fit
161.1,60.3,Fit
146.7,62.4,Obese
164.7,64.5,Fit
174.9,56.8,Fit
165.6,55.8,Fit
177.0,73.7,Fit
171.4,74.7,Obese
164.3,53.6,Fit
158.1,72.9,Obese
159.7,57.5,Fit
148.8,52.1,Fit
162.1,47.7,Fit
166.6,70.0,Obese
183.9,70.8,Fit
170.8,58.2,Fit
155.5,50.6,Fit
149.2,60.0,Obese
162.7,62.0,Fit
173.9,59.4,Fit
162.6,53.9,Fit
171.0,75.6,Obese
163.0,56.6,Fit
172.9,70.2,Fit
147.4,54.3,Fit
182.6,46.0,Fit
152.8,61.5,Obese
173.7,59.6,Fit
162.0,54.9,Fit
163.7,71.3,Obese
162.3,69.6,Obese
167.8,65.9,Fit
170.0,69.4,Fit
176.6,76.5,Fit
180.5,83.1,Obese
168.7,75.0,Obese
183.9,75.2,Fit
166.0,54.7,Fit
176.9,66.8,Fit
169.7,64.4,Fit
159.0,55.2,Fit
167.0,53.3,Fit
170.5,67.5,Fit
164.6,47.1,Fit
169.5,63.9,Fit
174.5,68.2,Fit
164.7,60.6,Fit
132.6,45.5,Obese
183.5,79.8,Fit
161.7,75.3,Obese
155.9,49.4,Fit
152.6,53.5,Fit
161.3,59.0,Fit
158.8,56.8,Fit
156.9,44.0,Fit
157.5,45.1,Fit
170.8,64.3,Fit
187.3,64.6,Fit
174.0,64.0,Fit
177.3,64.0,Fit
160.8,54.5,Fit
166.2,69.8,Obese
169.7,54.7,Fit
157.7,61.7,Fit
160.3,52.0,Fit
174.4,63.3,Fit
177.0,72.6,Fit
165.7,58.2,Fit
151.9,43.6,Fit
161.7,54.6,Fit
149.1,34.7,Fit
165.8,63.5,Fit
167.8,37.1,Fit
162.0,64.9,Fit
167.7,66.8,Fit
169.6,76.1,Obese
167.8,79.4,Obese
151.8,58.2,Obese
162.2,52.9,Fit
169.5,80.6,Obese
182.4,63.6,Fit
162.0,42.5,Fit
171.1,79.2,Obese
174.7,71.9,Fit
162.8,43.3,Fit
177.6,58.6,Fit
178.2,74.3,Fit
180.2,64.5,Fit
170.0,57.8,Fit
191.0,96.0,Obese
158.2,72.3,Obese
188.4,79.2,Fit
173.5,65.0,Fit
179.7,78.3,Fit
161.5,52.9,Fit
174.3,49.0,Fit
180.7,49.7,Fit
153.0,50.9,Fit
163.2,65.7,Fit
141.4,44.1,Fit
163.0,65.0,Fit
156.0,60.8,Fit
162.6,69.3,Obese
197.2,87.0,Fit
183.9,76.6,Fit
149.2,48.7,Fit
171.1,62.3,Fit
173.8,53.9,Fit
161.3,66.6,Obese
167.0,58.3,Fit
168.0,58.6,Fit
150.2,45.3,Fit
153.7,41.2,Fit
166.9,60.6,Fit
166.1,64.8,Fit
157.2,48.7,Fit
156.3,62.0,Obese
164.0,56.2,Fit
174.7,54.9,Fit
164.2,70.3,Obese
182.9,75.1,Fit
157.3,61.4,Fit
167.1,68.5,Fit
161.1,49.5,Fit
171.5,60.5,Fit
156.4,62.1,Obese
186.2,91.0,Obese
146.4,47.7,Fit
183.9,69.4,Fit
166.0,74.1,Obese
171.1,59.4,Fit
179.7,73.7,Fit
174.4,63.5,Fit
157.0,56.4,Fit
171.6,57.2,Fit
185.5,72.7,Fit
155.2,48.0,Fit
188.3,83.3,Fit
169.2,64.3,Fit
160.2,63.5,Fit
155.2,46.4,Fit
162.5,56.5,Fit
143.5,50.3,Fit
160.4,63.5,Fit
162.1,46.2,Fit
153.2,54.2,Fit
173.2,59.5,Fit
162.6,65.4,Fit
158.0,69.8,Obese
161.4,36.4,Fit
168.9,57.5,Fit
165.8,62.6,Fit
157.3,54.4,Fit
166.4,68.4,Fit
164.4,60.1,Fit
152.5,46.9,Fit
161.8,49.5,Fit
171.4,55.1,Fit
171.3,58.6,Fit
162.5,53.6,Fit
172.4,68.5,Fit
154.2,51.1,Fit
154.6,47.3,Fit
162.2,49.8,Fit
181.5,66.8,Fit
166.8,56.7,Fit
162.0,51.7,Fit
182.0,78.2,Fit
161.8,68.6,Obese
189.6,69.7,Fit
159.4,64.8,Obese
153.9,57.6,Fit
163.2,60.0,Fit
162.3,70.1,Obese
156.1,52.3,Fit
193.6,85.7,Fit
168.5,63.5,Fit
170.1,64.1,Fit
159.9,59.9,Fit
158.6,55.7,Fit
176.3,72.1,Fit
146.6,41.9,Fit
152.4,46.0,Fit
162.3,52.5,Fit
179.9,68.3,Fit
160.9,65.0,Obese
169.6,59.6,Fit
165.3,65.3,Fit
179.3,72.8,Fit
147.6,44.4,Fit
173.1,76.4,Obese
162.8,64.2,Fit
175.2,67.5,Fit
156.0,52.9,Fit
165.3,60.8,Fit
163.9,46.8,Fit
154.0,45.6,Fit
150.9,53.8,Fit
158.6,42.7,Fit
166.4,55.0,Fit
156.7,50.9,Fit
161.4,80.5,Obese
144.3,51.2,Fit
160.9,65.8,Obese
176.3,61.9,Fit
172.8,68.6,Fit
164.0,45.1,Fit
167.7,59.2,Fit
155.9,57.5,Fit
182.9,62.2,Fit
187.7,80.7,Fit
166.8,65.0,Fit
193.5,77.6,Fit
157.5,47.9,Fit
151.2,44.6,Fit
157.2,51.6,Fit
162.6,55.6,Fit
190.4,83.9,Fit
161.9,53.4,Fit
155.5,66.0,Obese
155.1,65.7,Obese
177.5,71.2,Fit
176.0,65.4,Fit
159.7,51.8,Fit
144.4,48.4,Fit
152.6,55.2,Fit
183.9,72.8,Fit
172.6,62.4,Fit
165.7,63.2,Fit
185.6,76.3,Fit
186.5,72.0,Fit
164.6,60.5,Fit
164.8,54.9,Fit
158.6,49.3,Fit
161.9,57.6,Fit
148.7,44.0,Fit
148.6,42.7,Fit
146.1,55.3,Obese
176.9,65.7,Fit
147.8,62.8,Obese
186.4,81.5,Fit
157.0,47.6,Fit
184.1,83.9,Fit
161.0,51.3,Fit
147.8,63.8,Obese
179.1,72.4,Fit
180.4,76.0,Fit
155.0,53.1,Fit
161.4,59.4,Fit
155.0,51.0,Fit
163.7,51.5,Fit
166.2,63.5,Fit
161.1,65.3,Obese
145.0,36.7,Fit
158.6,67.7,Obese
172.7,70.5,Fit
162.7,54.7,Fit
161.4,53.7,Fit
154.8,67.6,Obese
158.3,62.6,Fit
180.5,80.8,Fit
152.5,49.1,Fit
172.9,70.2,Fit
165.5,63.1,Fit
167.7,60.5,Fit
156.9,55.1,Fit
161.1,66.0,Obese
164.9,72.6,Obese
159.3,53.8,Fit
168.6,52.1,Fit
170.0,76.8,Obese
188.9,91.8,Obese
168.1,65.3,Fit
144.0,59.9,Obese
177.8,72.2,Fit
162.8,51.0,Fit
187.1,66.5,Fit
181.2,61.6,Fit
159.4,56.0,Fit
172.9,62.1,Fit
158.5,50.6,Fit
165.0,59.1,Fit
172.4,72.3,Fit
177.2,64.7,Fit
174.8,61.5,Fit
165.8,56.6,Fit
192.3,88.7,Fit
161.0,56.5,Fit
147.3,50.0,Fit
149.4,61.6,Obese
181.2,95.0,Obese
164.2,64.4,Fit
166.7,65.5,Fit
159.0,46.2,Fit
160.0,59.3,Fit
156.3,54.3,Fit
170.2,70.9,Fit
163.9,56.0,Fit
169.8,65.0,Fit
168.7,67.5,Fit
160.3,71.7,Obese
149.0,61.3,Obese
148.0,58.3,Obese
198.3,92.3,Fit
181.3,68.8,Fit
179.7,76.9,Fit
157.6,48.5,Fit
165.1,58.3,Fit
156.0,67.8,Obese
150.6,54.2,Fit
158.5,57.1,Fit
179.6,73.8,Fit
174.2,66.0,Fit
154.3,35.2,Fit
161.5,47.3,Fit
173.2,71.0,Fit
158.7,48.1,Fit
165.9,59.7,Fit
169.4,53.3,Fit
169.3,57.3,Fit
167.8,61.9,Fit
157.8,62.2,Fit
158.9,64.6,Obese
152.5,45.3,Fit
147.8,50.5,Fit
163.7,47.6,Fit
174.0,67.0,Fit
149.8,57.0,Obese
168.0,61.6,Fit
173.6,76.9,Obese
144.8,52.8,Obese
162.0,59.7,Fit
183.1,71.8,Fit
171.1,60.1,Fit
144.4,34.2,Fit
172.2,54.9,Fit
156.8,62.0,Obese
172.6,77.7,Obese
157.4,45.9,Fit
164.4,60.0,Fit
159.1,43.1,Fit
165.0,52.1,Fit
158.8,57.5,Fit
162.5,54.0,Fit
152.1,35.5,Fit
170.4,77.6,Obese
166.9,60.9,Fit
147.2,38.8,Fit
175.9,69.1,Fit
163.1,57.8,Fit
166.8,64.6,Fit
173.4,63.4,Fit
168.6,65.1,Fit
177.8,77.1,Fit
161.8,47.0,Fit
176.4,62.9,Fit
166.4,67.6,Fit
170.6,59.6,Fit
169.4,62.5,Fit
178.6,66.5,Fit
172.9,62.5,Fit
160.1,52.5,Fit
157.9,44.8,Fit
164.5,63.2,Fit
156.6,62.5,Obese
153.4,50.4,Fit
141.6,51.7,Obese
148.0,44.2,Fit
186.8,72.4,Fit
157.8,58.1,Fit
185.9,79.5,Fit
169.4,62.3,Fit
164.5,64.9,Fit
148.5,38.2,Fit
165.1,57.5,Fit
185.8,83.7,Fit
182.1,80.7,Fit
168.0,68.8,Fit
152.4,59.2,Obese
154.5,49.5,Fit
155.6,39.6,Fit
179.1,68.5,Fit
182.9,78.7,Fit
167.2,67.9,Fit
161.7,53.3,Fit
182.0,65.2,Fit
154.2,45.4,Fit
165.6,56.0,Fit
170.1,48.5,Fit
155.5,49.0,Fit
158.0,55.3,Fit
157.1,53.5,Fit
180.6,69.1,Fit
186.1,70.6,Fit
166.3,56.2,Fit
162.0,53.3,Fit
158.4,60.8,Fit
165.0,59.9,Fit
158.9,80.9,Obese
163.9,56.5,Fit
169.5,66.7,Fit
160.5,54.2,Fit
162.9,55.7,Fit
163.0,70.9,Obese
161.5,65.4,Obese
160.1,42.4,Fit
173.4,58.0,Fit
145.5,45.5,Fit
182.3,69.0,Fit
166.5,48.9,Fit
171.7,65.8,Fit
173.0,50.8,Fit
157.2,55.4,Fit
154.9,58.7,Fit
153.6,58.9,Fit
162.3,56.8,Fit
172.7,77.7,Obese
158.6,58.0,Fit
171.7,71.6,Fit
139.0,36.6,Fit
160.8,69.0,Obese
177.8,69.6,Fit
163.1,71.2,Obese
155.9,64.3,Obese
157.8,56.8,Fit
131.7,41.4,Fit
153.9,50.6,Fit
176.6,62.1,Fit
158.6,60.1,Fit
159.9,60.6,Fit
139.4,29.8,Fit
147.1,46.9,Fit
178.1,76.7,Fit
171.8,76.7,Obese
150.7,55.8,Fit
158.1,42.8,Fit
164.7,51.2,Fit
151.8,48.0,Fit
143.0,56.1,Obese
163.2,53.8,Fit
171.3,73.0,Fit
171.5,59.7,Fit
174.6,71.3,Fit
147.9,40.6,Fit
165.6,58.8,Fit
162.0,48.7,Fit
164.0,70.7,Obese
162.7,52.7,Fit
157.7,42.4,Fit
131.8,25.2,Fit
177.8,68.8,Fit
168.6,58.9,Fit
148.7,53.8,Fit
170.2,61.9,Fit
160.1,65.7,Obese
160.4,53.5,Fit
156.5,62.1,Obese
170.9,56.6,Fit
156.2,41.7,Fit
152.9,44.9,Fit
177.4,60.2,Fit
163.0,48.5,Fit
163.4,62.0,Fit
172.6,63.4,Fit
157.7,55.8,Fit
159.9,60.4,Fit
168.4,48.9,Fit
148.0,52.8,Fit
167.4,52.0,Fit
156.7,49.4,Fit
174.4,51.8,Fit
171.0,69.6,Fit
169.6,49.7,Fit
147.3,38.1,Fit
163.9,50.1,Fit
152.1,49.8,Fit
164.6,58.3,Fit
139.5,49.3,Obese
148.1,47.4,Fit
178.1,77.5,Fit
169.1,65.9,Fit
161.1,49.5,Fit
155.0,47.5,Fit
153.1,63.6,Obese
167.2,71.3,Obese
161.2,63.8,Fit
182.0,80.5,Fit
163.0,62.1,Fit
165.6,63.0,Fit
149.7,49.7,Fit
161.0,70.6,Obese
166.9,57.6,Fit
160.9,58.9,Fit
159.7,42.4,Fit
168.6,51.1,Fit
181.7,87.1,Obese
166.6,66.0,Fit
177.6,67.7,Fit
171.8,65.6,Fit
176.9,58.0,Fit
158.3,51.7,Fit
162.7,46.6,Fit
162.8,55.9,Fit
171.0,69.8,Fit
173.7,70.0,Fit
166.4,73.6,Obese
174.6,69.5,Fit
158.8,35.7,Fit
174.7,82.8,Obese
176.2,61.6,Fit
172.5,66.7,Fit
166.5,61.8,Fit
172.8,67.7,Fit
155.2,53.4,Fit
167.2,62.0,Fit
168.3,51.7,Fit
150.4,70.4,Obese
170.2,69.0,Fit
151.3,50.8,Fit
160.3,71.3,Obese
165.4,51.6,Fit
157.0,61.1,Fit
165.9,56.1,Fit
165.7,63.6,Fit
156.0,56.9,Fit
171.2,45.8,Fit
156.6,42.5,Fit
190.2,92.3,Obese
163.8,57.0,Fit
152.1,66.9,Obese
154.2,62.8,Obese
177.6,67.6,Fit
160.5,54.2,Fit
150.0,62.7,Obese
174.4,83.7,Obese
160.4,54.3,Fit
172.2,77.5,Obese
175.3,75.8,Fit
168.0,71.7,Obese
191.4,81.4,Fit
146.0,41.5,Fit
156.0,45.1,Fit
162.2,47.4,Fit
189.9,94.6,Obese
184.8,75.2,Fit
179.2,61.5,Fit
156.3,61.7,Obese
157.5,50.8,Fit
155.9,48.3,Fit
156.4,70.3,Obese
181.4,61.8,Fit
162.3,59.8,Fit
163.8,54.3,Fit
173.5,60.2,Fit
146.7,35.6,Fit
165.6,60.8,Fit
152.9,44.5,Fit
161.8,62.3,Fit
158.5,54.9,Fit
158.0,52.4,Fit
167.5,54.8,Fit
167.4,73.1,Obese
162.6,64.0,Fit
169.1,57.4,Fit
155.4,42.3,Fit
172.5,50.4,Fit
162.7,67.4,Obese
159.7,63.4,Fit
156.3,62.1,Obese
162.3,57.0,Fit
185.6,82.2,Fit
164.3,67.6,Obese
152.4,50.5,Fit
175.1,64.6,Fit
159.8,48.4,Fit
168.1,65.6,Fit
158.3,59.6,Fit
179.1,67.3,Fit
158.5,53.0,Fit
180.4,69.8,Fit
153.5,58.1,Fit
161.8,46.6,Fit
180.4,62.8,Fit
166.8,52.6,Fit
190.0,78.2,Fit
162.0,60.3,Fit
167.8,53.4,Fit
186.0,83.3,Fit
148.3,60.1,Obese
147.0,50.8,Fit
156.2,62.7,Obese
173.9,59.2,Fit
147.3,40.6,Fit
171.6,68.9,Fit
170.8,63.9,Fit
187.2,69.9,Fit
176.5,79.9,Obese
169.0,65.2,Fit
180.0,76.9,Fit
170.9,58.9,Fit
159.9,69.7,Obese
152.4,49.9,Fit
158.7,63.6,Obese
164.6,54.9,Fit
166.9,62.7,Fit
141.5,48.5,Fit
162.6,74.1,Obese
165.3,56.6,Fit
171.0,66.0,Fit
182.9,78.3,Fit
167.0,50.1,Fit
155.0,35.5,Fit
145.0,38.3,Fit
172.6,73.2,Fit
155.4,66.9,Obese
174.5,59.6,Fit
180.4,61.8,Fit
148.0,60.5,Obese
171.1,59.9,Fit
179.2,67.7,Fit
176.2,80.0,Obese
141.9,54.7,Obese
155.6,60.7,Obese
150.9,36.4,Fit
170.8,54.1,Fit
169.5,72.2,Obese
135.3,42.8,Fit
161.7,51.3,Fit
173.8,63.7,Fit
166.6,70.0,Obese
166.6,73.3,Obese
161.0,57.0,Fit
153.4,46.2,Fit
164.8,57.6,Fit
165.6,71.1,Obese
171.8,75.5,Obese
172.7,67.1,Fit
165.9,56.3,Fit
177.0,77.6,Fit
160.9,69.9,Obese
149.1,37.3,Fit
170.2,61.9,Fit
166.4,70.2,Obese
170.5,64.5,Fit
151.1,46.3,Fit
184.7,76.5,Fit
172.8,68.7,Fit
161.8,48.6,Fit
154.7,53.4,Fit
176.8,71.7,Fit
152.9,47.5,Fit
189.9,73.1,Fit
158.3,50.8,Fit
183.9,66.7,Fit
163.0,65.2,Fit
182.4,65.3,Fit
156.9,55.7,Fit
165.2,57.1,Fit
173.9,60.8,Fit
172.3,76.3,Obese
177.1,68.0,Fit
159.6,50.7,Fit
165.9,54.5,Fit
178.7,73.0,Fit
157.2,61.0,Fit
171.3,74.7,Obese
162.6,56.8,Fit
167.3,59.7,Fit
165.9,61.6,Fit
156.3,55.1,Fit
162.1,51.7,Fit
166.6,72.8,Obese
163.9,59.3,Fit
182.3,77.4,Fit
176.1,71.6,Fit
168.2,65.5,Fit
156.6,45.9,Fit
155.9,53.4,Fit
186.7,94.9,Obese
153.9,64.8,Obese
166.3,62.1,Fit
169.0,59.9,Fit
161.6,39.7,Fit
154.0,48.2,Fit
156.4,53.2,Fit
159.0,53.1,Fit
157.2,52.4,Fit
179.6,75.9,Fit
164.9,51.8,Fit
159.2,58.0,Fit
166.2,59.9,Fit
172.3,58.3,Fit
161.2,70.6,Obese
174.9,73.3,Fit
151.0,43.9,Fit
177.9,73.8,Fit
164.9,48.7,Fit
164.5,54.2,Fit
157.4,65.1,Obese
151.5,53.3,Fit
146.7,49.5,Fit
156.6,61.9,Obese
171.5,69.6,Fit
154.4,50.3,Fit
148.0,55.7,Obese
155.0,39.3,Fit
160.8,51.5,Fit
161.2,56.4,Fit
163.6,63.3,Fit
176.4,65.8,Fit
178.7,56.0,Fit
187.1,61.6,Fit
147.1,47.1,Fit
155.6,49.4,Fit
172.7,58.3,Fit
160.0,47.7,Fit
174.5,68.0,Fit
167.3,72.0,Obese
182.4,74.2,Fit
176.5,79.0,Obese
176.7,65.7,Fit
160.5,60.2,Fit
163.9,69.9,Obese
161.6,56.2,Fit
148.4,48.7,Fit
181.2,69.2,Fit
173.2,70.7,Fit
161.2,64.4,Fit
179.4,73.6,Fit
158.1,53.1,Fit
144.8,34.1,Fit
176.1,67.8,Fit
150.9,48.6,Fit
162.8,60.2,Fit
167.3,62.5,Fit
169.2,75.6,Obese
174.3,61.3,Fit
171.4,52.0,Fit
171.0,55.2,Fit
156.3,48.7,Fit
168.2,70.9,Obese
148.4,38.1,Fit
182.2,63.7,Fit
149.6,52.5,Fit
161.2,64.0,Fit
150.5,37.4,Fit
157.0,40.0,Fit
165.1,53.7,Fit
159.2,61.0,Fit
177.6,70.5,Fit
167.5,55.7,Fit
159.9,62.2,Fit
163.5,59.8,Fit
178.4,69.2,Fit
175.0,54.5,Fit
152.5,45.0,Fit
157.5,70.2,Obese
170.2,61.1,Fit
168.9,55.1,Fit
153.4,48.7,Fit
173.2,67.0,Fit
155.2,60.1,Fit
179.3,75.7,Fit
170.8,58.8,Fit
152.5,61.4,Obese
159.2,62.3,Fit
159.0,52.0,Fit
166.8,60.2,Fit
162.8,63.1,Fit
152.4,59.7,Obese
149.7,37.1,Fit
171.0,64.9,Fit
168.1,62.0,Fit
166.2,56.2,Fit
168.0,57.5,Fit
158.2,63.5,Obese
167.0,65.7,Fit
192.9,98.7,Obese
177.9,65.1,Fit
161.8,58.7,Fit
159.2,58.3,Fit
133.5,46.4,Obese
176.8,79.6,Obese
173.7,67.1,Fit
159.0,46.9,Fit
149.3,43.3,Fit
152.3,52.2,Fit
169.9,72.5,Obese
164.0,47.6,Fit
172.6,56.2,Fit
166.0,66.6,Fit
175.6,57.5,Fit
169.1,53.9,Fit
174.1,75.8,Fit
142.0,42.6,Fit
151.4,48.1,Fit
161.0,68.0,Obese
176.9,60.3,Fit
185.7,65.7,Fit
163.2,71.6,Obese
158.3,57.0,Fit
143.5,50.7,Fit
174.5,64.5,Fit
158.9,54.7,Fit
197.5,80.2,Fit
156.9,56.7,Fit
188.2,84.5,Fit
173.2,67.6,Fit
153.7,60.5,Obese
167.6,67.1,Fit
173.5,57.8,Fit
162.5,57.0,Fit
174.2,63.2,Fit
174.0,72.6,Fit
171.6,68.4,Fit
164.8,60.8,Fit
152.1,59.0,Obese
164.2,44.4,Fit
166.9,56.5,Fit
144.4,41.7,Fit
166.9,63.3,Fit
163.9,63.5,Fit
150.7,50.0,Fit
161.3,46.7,Fit
161.6,60.7,Fit
186.2,77.3,Fit
167.4,49.9,Fit
176.4,66.1,Fit
163.7,62.0,Fit
144.4,59.1,Obese
172.4,56.7,Fit
157.8,61.1,Fit
161.3,48.6,Fit
153.4,41.6,Fit
165.8,50.8,Fit
176.7,73.5,Fit
175.3,68.6,Fit
182.4,70.7,Fit
184.0,78.2,Fit
142.5,45.0,Fit
151.9,51.6,Fit
145.1,43.9,Fit
172.0,56.8,Fit
157.4,68.0,Obese
159.6,67.3,Obese
162.6,70.9,Obese
169.2,58.7,Fit
148.7,43.2,Fit
151.2,46.9,Fit
165.0,68.5,Obese
178.2,69.8,Fit
164.7,55.3,Fit
156.3,56.7,Fit
141.4,38.1,Fit
175.5,56.9,Fit
156.9,55.2,Fit
152.4,47.0,Fit
146.1,46.9,Fit
149.2,27.5,Fit
154.4,45.3,Fit
162.4,57.6,Fit
151.7,38.5,Fit
167.0,49.5,Fit
162.3,58.3,Fit
189.4,84.6,Fit
146.3,39.9,Fit
166.8,59.1,Fit
166.9,59.4,Fit
153.7,39.4,Fit
166.0,70.1,Obese
173.5,64.7,Fit
166.1,59.3,Fit
180.2,74.4,Fit
141.0,31.3,Fit
155.7,60.7,Obese
181.2,80.7,Fit
175.0,68.5,Fit
170.9,68.0,Fit
178.6,67.5,Fit
143.9,52.5,Obese
173.8,59.8,Fit
176.7,68.4,Fit
157.8,55.0,Fit
193.9,82.4,Fit
167.2,70.0,Obese
140.9,61.2,Obese
169.2,62.1,Fit
157.1,58.0,Fit
177.8,63.1,Fit
171.0,72.6,Fit
158.4,51.1,Fit
181.5,97.7,Obese
175.3,54.3,Fit
155.9,70.6,Obese
163.3,66.6,Fit
170.7,55.1,Fit
161.0,75.6,Obese
161.3,49.8,Fit
165.4,57.7,Fit
153.3,41.3,Fit
140.4,42.2,Fit
167.6,61.4,Fit
143.1,51.7,Obese
154.1,71.7,Obese
145.5,42.5,Fit
146.9,25.4,Fit
169.7,68.5,Fit
162.6,53.7,Fit
162.2,72.4,Obese
150.5,49.6,Fit
157.8,48.7,Fit
169.1,54.8,Fit
164.4,64.5,Fit
174.0,64.4,Fit
175.6,79.6,Obese
162.2,56.2,Fit
144.6,57.3,Obese
156.7,43.0,Fit
163.9,45.2,Fit
156.5,60.5,Fit
153.4,48.1,Fit
165.8,58.3,Fit
191.7,72.8,Fit
159.6,47.4,Fit
165.0,65.0,Fit
150.6,49.7,Fit
178.7,61.8,Fit
174.6,73.4,Fit
173.9,75.9,Obese
180.0,70.4,Fit
160.3,64.6,Obese
161.7,49.5,Fit
183.8,78.9,Fit
172.0,66.3,Fit
140.6,37.2,Fit
170.0,80.0,Obese
158.6,57.2,Fit
174.9,62.6,Fit
169.5,63.4,Fit
145.9,39.8,Fit
168.0,52.8,Fit
167.3,58.0,Fit
169.0,59.8,Fit
171.3,58.1,Fit
181.5,82.4,Obese
169.6,57.1,Fit
165.3,52.6,Fit
177.6,59.9,Fit
189.7,68.9,Fit
175.1,75.6,Fit
167.3,63.6,Fit
169.8,68.9,Fit
167.8,70.1,Fit
165.2,57.4,Fit
188.8,90.2,Obese
156.8,49.0,Fit
177.7,60.7,Fit
163.6,61.9,Fit
148.7,49.8,Fit
162.9,59.5,Fit
159.0,63.7,Obese
171.4,65.4,Fit
166.0,63.1,Fit
153.8,62.9,Obese
181.2,74.4,Fit
177.0,72.9,Fit
182.4,61.9,Fit
167.6,91.6,Obese
164.6,46.9,Fit
172.7,61.3,Fit
158.6,50.8,Fit
166.4,77.8,Obese
163.1,53.7,Fit
148.9,52.3,Fit
166.4,56.4,Fit
160.1,48.1,Fit
162.3,62.5,Fit
169.0,57.1,Fit
179.0,72.1,Fit
155.7,58.3,Fit
161.3,72.5,Obese
156.6,43.8,Fit
155.9,52.2,Fit
158.5,54.3,Fit
162.8,58.3,Fit
171.4,85.2,Obese
168.5,61.1,Fit
153.4,31.6,Fit
179.2,69.1,Fit
175.4,66.7,Fit
155.1,51.0,Fit
178.5,64.3,Fit
168.6,52.0,Fit
163.3,75.9,Obese
168.9,65.3,Fit
164.7,58.2,Fit
171.0,81.3,Obese
167.1,54.5,Fit
161.3,62.0,Fit
142.7,34.8,Fit
170.8,70.2,Fit
160.9,47.9,Fit
173.6,70.0,Fit
170.3,79.4,Obese
161.2,57.9,Fit
176.3,50.8,Fit
167.3,61.8,Fit
166.8,65.1,Fit
163.5,66.0,Fit
183.5,85.9,Obese
157.2,66.5,Obese
161.5,56.3,Fit
151.4,45.1,Fit
173.0,56.9,Fit
158.6,51.0,Fit
159.8,60.0,Fit
159.3,45.0,Fit
165.7,53.0,Fit
151.2,54.8,Fit
140.3,38.1,Fit
170.0,66.6,Fit
141.8,37.7,Fit
174.4,69.2,Fit
182.1,66.8,Fit
163.2,43.4,Fit
179.3,78.4,Fit
164.7,54.1,Fit
182.6,71.4,Fit
160.0,50.8,Fit
139.0,46.9,Fit
164.1,61.9,Fit
183.8,78.6,Fit
170.9,59.8,Fit
159.3,55.5,Fit
168.6,65.9,Fit
175.7,80.3,Obese
164.1,61.7,Fit
193.9,74.7,Fit
159.3,58.0,Fit
176.0,66.8,Fit
173.4,50.1,Fit
157.3,39.7,Fit
160.3,56.0,Fit
176.2,68.4,Fit
166.6,58.7,Fit
168.7,69.7,Fit
147.0,40.1,Fit
172.2,54.2,Fit
168.2,55.6,Fit
164.3,54.5,Fit
169.0,62.3,Fit
160.5,50.3,Fit
158.5,38.1,Fit
162.3,37.4,Fit
159.9,57.2,Fit
189.0,69.5,Fit
175.0,51.4,Fit
154.3,57.4,Fit
187.4,89.6,Obese
160.2,55.7,Fit
165.3,62.3,Fit
174.9,69.5,Fit
143.3,26.7,Fit
162.4,65.1,Fit
158.7,65.3,Obese
167.3,76.2,Obese
169.1,59.4,Fit
164.2,50.2,Fit
163.6,69.8,Obese
176.7,72.7,Fit
168.3,69.3,Fit
165.5,55.0,Fit
166.6,63.3,Fit
185.2,67.0,Fit
166.9,61.2,Fit
159.3,53.1,Fit
144.0,64.4,Obese
149.2,53.4,Fit
159.9,39.0,Fit
163.8,59.0,Fit
158.9,58.5,Fit
168.9,58.9,Fit
158.7,46.6,Fit
154.9,58.1,Fit
171.7,57.2,Fit
180.1,75.9,Fit
152.8,43.0,Fit
167.7,57.6,Fit
144.0,53.3,Obese
148.8,52.6,Fit
158.5,55.5,Fit
177.5,69.1,Fit
156.4,54.6,Fit
156.0,47.2,Fit
165.4,48.0,Fit
165.4,64.7,Fit
156.4,66.0,Obese
186.8,81.6,Fit
162.1,59.8,Fit
166.2,51.1,Fit
160.6,63.7,Fit
169.8,67.3,Fit
178.6,76.2,Fit
183.3,82.2,Fit
156.6,66.7,Obese
177.1,60.1,Fit
171.0,54.1,Fit
175.7,69.1,Fit
164.0,51.8,Fit
162.9,49.6,Fit
175.3,77.4,Obese
175.5,59.7,Fit
182.2,73.0,Fit
167.2,48.4,Fit
163.8,59.5,Fit
137.9,51.3,Obese
147.3,57.4,Obese
160.7,65.1,Obese
152.9,50.8,Fit
174.0,75.5,Fit
150.6,53.3,Fit
159.5,52.4,Fit
159.9,59.3,Fit
178.3,77.0,Fit
158.3,44.5,Fit
170.0,55.1,Fit
167.2,60.3,Fit
174.9,57.6,Fit
174.4,57.0,Fit
164.6,56.3,Fit
146.3,55.1,Obese
162.5,65.8,Fit
164.8,62.3,Fit
168.1,63.6,Fit
156.9,70.8,Obese
177.5,65.0,Fit
165.1,61.9,Fit
154.9,48.1,Fit
160.0,46.0,Fit
186.2,85.8,Fit
172.3,62.9,Fit
176.5,74.1,Fit
153.5,49.9,Fit
157.4,64.5,Obese
157.5,46.6,Fit
167.0,70.7,Obese
163.1,65.7,Fit
159.6,41.7,Fit
161.0,52.9,Fit
156.3,61.9,Obese
163.0,71.6,Obese
177.2,74.8,Fit
148.4,45.2,Fit
168.8,54.9,Fit
180.2,76.0,Fit
163.0,55.0,Fit
159.2,52.7,Fit
175.2,65.7,Fit
154.2,59.3,Fit
164.8,74.2,Obese
153.6,60.1,Obese
144.4,46.0,Fit
163.3,51.5,Fit
151.1,55.6,Fit
164.9,73.1,Obese
177.3,77.2,Fit
185.4,77.3,Fit
166.0,56.7,Fit
176.2,71.1,Fit
169.4,72.4,Obese
160.8,58.7,Fit
143.8,44.7,Fit
182.9,68.1,Fit
153.5,72.5,Obese
180.2,64.3,Fit
170.9,56.4,Fit
154.3,53.7,Fit
168.4,60.8,Fit
188.5,86.3,Fit
181.9,81.2,Fit
159.4,46.2,Fit
157.2,48.3,Fit
166.1,53.7,Fit
163.2,64.9,Fit
178.2,73.3,Fit
173.1,63.0,Fit
146.4,48.9,Fit
170.0,54.6,Fit
163.0,52.5,Fit
165.4,49.8,Fit
167.7,63.1,Fit
178.2,71.0,Fit
175.8,60.1,Fit
156.8,57.4,Fit
164.4,67.9,Obese
160.1,48.1,Fit
146.5,44.6,Fit
163.8,63.1,Fit
185.3,75.5,Fit
146.2,36.0,Fit
164.7,56.2,Fit
164.4,55.7,Fit
168.2,60.9,Fit
154.4,51.4,Fit
149.3,61.6,Obese
149.8,47.7,Fit
179.6,57.3,Fit
154.2,53.0,Fit
159.5,70.0,Obese
188.2,76.5,Fit
156.9,50.7,Fit
168.8,60.2,Fit
176.7,73.4,Fit
176.2,65.8,Fit
150.4,37.6,Fit
157.2,49.0,Fit
168.3,61.8,Fit
186.2,80.6,Fit
156.6,49.3,Fit
159.6,53.6,Fit
169.6,63.7,Fit
171.8,58.7,Fit
172.5,64.7,Fit
155.7,57.1,Fit
159.1,46.2,Fit
167.4,64.1,Fit
178.9,61.7,Fit
162.4,49.4,Fit
164.8,54.4,Fit
153.7,62.9,Obese
185.5,62.0,Fit
166.7,57.4,Fit
176.9,68.6,Fit
165.3,69.5,Obese
165.9,76.2,Obese
148.5,45.1,Fit
141.3,48.3,Fit
178.8,69.6,Fit
165.9,59.7,Fit
167.3,63.7,Fit
151.3,37.7,Fit
155.1,52.5,Fit
176.7,72.3,Fit
184.1,67.7,Fit
158.2,58.7,Fit
172.4,51.5,Fit
167.1,62.2,Fit
163.7,69.7,Obese
185.4,73.8,Fit
160.0,48.5,Fit
178.6,58.8,Fit
169.2,66.1,Fit
164.8,67.2,Fit
180.1,70.9,Fit
168.2,58.5,Fit
163.9,43.7,Fit
180.2,72.4,Fit
178.7,64.8,Fit
178.2,64.8,Fit
122.2,45.8,Obese
169.8,49.0,Fit
167.3,48.3,Fit
164.6,61.5,Fit
171.7,61.8,Fit
167.9,57.8,Fit
172.5,67.6,Fit
162.1,59.8,Fit
181.5,64.7,Fit
173.6,61.5,Fit
171.0,64.7,Fit
170.4,65.2,Fit
177.7,73.4,Fit
176.2,63.7,Fit
163.8,61.8,Fit
175.9,75.7,Fit
166.9,61.7,Fit
186.1,75.4,Fit
177.1,67.1,Fit
158.1,50.1,Fit
190.6,72.5,Fit
141.9,41.9,Fit
172.0,68.7,Fit
157.3,47.4,Fit
185.7,75.3,Fit
167.8,60.4,Fit
156.3,67.9,Obese
162.1,63.6,Fit
157.1,60.0,Fit
161.6,64.8,Fit
161.4,52.9,Fit
156.7,65.1,Obese
168.0,63.3,Fit
169.3,62.7,Fit
154.0,42.5,Fit
146.8,44.2,Fit
168.4,48.3,Fit
170.9,62.2,Fit
173.0,61.3,Fit
171.1,61.2,Fit
182.3,62.0,Fit
176.0,73.8,Fit
194.5,87.9,Fit
199.1,100.7,Obese
145.7,60.0,Obese
140.8,44.9,Fit
164.9,68.0,Obese
170.5,66.1,Fit
164.2,55.9,Fit
172.7,63.4,Fit
162.0,62.9,Fit
157.4,87.2,Obese
159.0,65.0,Obese
162.8,60.3,Fit
174.3,70.7,Fit
159.6,59.9,Fit
161.8,56.9,Fit
171.3,70.6,Fit
162.8,57.1,Fit
177.3,61.1,Fit
154.9,56.6,Fit
152.5,56.1,Fit
168.4,61.2,Fit
169.4,65.6,Fit
155.5,60.9,Obese
179.8,70.7,Fit
186.2,72.7,Fit
158.1,49.3,Fit
181.4,70.3,Fit
138.8,54.7,Obese
176.8,67.2,Fit
155.6,56.1,Fit
175.7,65.3,Fit
154.4,49.2,Fit
164.2,52.3,Fit
156.1,54.4,Fit
162.6,54.1,Fit
185.1,85.6,Fit
163.8,58.2,Fit
188.2,77.6,Fit
160.8,55.4,Fit
181.4,75.4,Fit
147.1,59.5,Obese
161.8,49.3,Fit
159.1,57.9,Fit
181.9,60.3,Fit
167.0,71.2,Obese
142.0,43.5,Fit
150.6,37.9,Fit
153.9,41.9,Fit
175.3,74.1,Fit
173.9,53.2,Fit
161.7,59.7,Fit
159.0,52.2,Fit
172.9,64.2,Fit
152.6,45.8,Fit
170.0,56.0,Fit
169.1,59.0,Fit
162.0,62.3,Fit
169.4,60.8,Fit
166.1,64.1,Fit
170.5,62.0,Fit
150.3,54.6,Fit
171.8,68.2,Fit
176.3,64.0,Fit
168.5,54.9,Fit
171.6,72.4,Fit
163.8,52.5,Fit
174.8,71.2,Fit
165.7,60.7,Fit
152.4,47.4,Fit
174.0,70.1,Fit
147.0,58.5,Obese
168.1,67.2,Fit
160.8,57.9,Fit
160.1,69.3,Obese
166.9,47.9,Fit
157.2,45.5,Fit
170.6,60.3,Fit
165.6,71.7,Obese
158.2,62.6,Obese
179.7,57.3,Fit
167.3,58.1,Fit
171.9,54.4,Fit
180.6,71.4,Fit
180.4,78.8,Fit
171.4,72.4,Fit
161.7,59.6,Fit
149.3,45.6,Fit
167.3,60.8,Fit
177.0,74.4,Fit
168.9,81.5,Obese
127.1,26.1,Fit
174.6,79.8,Obese
175.2,69.5,Fit
161.7,64.1,Fit
175.9,69.5,Fit
171.9,76.2,Obese
157.5,57.2,Fit
179.0,65.3,Fit
151.1,53.8,Fit
164.4,68.5,Obese
163.3,58.6,Fit
155.9,36.9,Fit
168.3,61.4,Fit
179.4,71.6,Fit
178.7,69.9,Fit
173.0,61.8,Fit
146.3,57.7,Obese
150.3,30.7,Fit
166.8,62.0,Fit
164.6,60.5,Fit
159.5,72.7,Obese
186.0,76.0,Fit
166.2,64.3,Fit
171.0,65.3,Fit
175.9,68.8,Fit
165.6,74.4,Obese
193.5,73.5,Fit
154.7,47.3,Fit
158.3,61.2,Fit
154.6,54.7,Fit
182.2,70.8,Fit
173.8,65.9,Fit
159.0,62.9,Fit
155.5,57.1,Fit
180.2,65.8,Fit
169.0,64.7,Fit
180.5,71.3,Fit
164.3,63.2,Fit
170.6,61.5,Fit
168.3,52.7,Fit
158.1,60.4,Fit
163.4,63.1,Fit
152.0,62.1,Obese
170.4,53.4,Fit
173.4,65.6,Fit
175.9,66.2,Fit
172.3,62.2,Fit
163.6,46.5,Fit
182.1,64.4,Fit
174.8,69.4,Fit
180.3,67.5,Fit
181.0,65.4,Fit
163.6,70.3,Obese
169.3,82.0,Obese
173.5,65.8,Fit
152.4,39.1,Fit
152.6,54.4,Fit
150.7,33.3,Fit
163.8,48.2,Fit
161.3,60.6,Fit
149.2,37.9,Fit
166.6,58.7,Fit
163.9,47.3,Fit
178.0,70.2,Fit
187.1,86.0,Fit
170.0,58.7,Fit
157.3,54.3,Fit
172.1,58.6,Fit
165.1,54.0,Fit
162.4,51.3,Fit
155.5,59.5,Fit
159.9,44.9,Fit
163.0,55.8,Fit
173.8,69.8,Fit
170.6,71.3,Fit
185.1,78.9,Fit
172.4,64.8,Fit
169.7,58.8,Fit
161.6,64.9,Fit
153.6,45.0,Fit
158.7,48.6,Fit
157.3,65.3,Obese
136.8,44.1,Fit
153.9,55.3,Fit
182.6,78.2,Fit
169.1,62.1,Fit
160.9,45.4,Fit
169.4,65.1,Fit
143.5,45.2,Fit
168.1,55.3,Fit
179.1,61.8,Fit
163.7,58.6,Fit
145.5,35.7,Fit
160.4,55.5,Fit
179.1,68.4,Fit
167.8,61.0,Fit
149.4,52.3,Fit
191.0,85.3,Fit
151.2,44.6,Fit
162.3,64.9,Fit
153.6,50.1,Fit
153.6,65.9,Obese
160.0,51.7,Fit
172.0,52.2,Fit
179.2,77.3,Fit
160.8,60.3,Fit
153.9,61.7,Obese
170.3,66.3,Fit
170.6,82.7,Obese
167.6,60.3,Fit
168.0,70.5,Fit
163.8,54.8,Fit
166.1,64.6,Fit
163.0,63.9,Fit
176.8,75.4,Fit
189.5,85.2,Fit
167.0,35.4,Fit
164.9,59.3,Fit
167.8,57.4,Fit
157.8,51.7,Fit
173.4,63.9,Fit
169.9,71.3,Fit
160.4,58.2,Fit
174.9,63.3,Fit
165.2,48.3,Fit
154.3,64.7,Obese
168.9,57.6,Fit
167.6,60.8,Fit
175.6,84.9,Obese
174.1,61.8,Fit
163.8,56.8,Fit
159.8,58.0,Fit
165.0,47.1,Fit
169.0,49.1,Fit
170.3,60.0,Fit
168.3,58.8,Fit
164.0,60.2,Fit
176.0,60.3,Fit
157.6,58.1,Fit
192.3,64.1,Fit
173.4,65.6,Fit
152.6,54.1,Fit
167.0,64.0,Fit
173.5,64.9,Fit
161.2,51.9,Fit
148.6,47.0,Fit
153.6,61.8,Obese
171.0,59.5,Fit
145.7,54.5,Obese
149.1,58.0,Obese
170.9,50.4,Fit
162.6,57.1,Fit
157.3,46.6,Fit
159.6,44.0,Fit
148.8,55.1,Fit
170.3,67.6,Fit
156.1,55.7,Fit
159.1,47.0,Fit
168.8,64.4,Fit
162.2,47.4,Fit
157.2,55.0,Fit
143.1,39.8,Fit
169.0,71.3,Fit
165.9,57.6,Fit
159.3,57.7,Fit
153.6,53.8,Fit
165.1,59.4,Fit
170.3,64.6,Fit
166.1,63.1,Fit
183.0,66.5,Fit
172.8,68.9,Fit
163.8,66.0,Fit
173.1,69.1,Fit
165.5,57.5,Fit
165.5,61.7,Fit
179.3,67.8,Fit
155.1,52.0,Fit
165.3,50.6,Fit
178.1,80.8,Obese
168.4,77.9,Obese
160.9,51.4,Fit
146.2,53.3,Fit
140.0,54.8,Obese
187.8,70.0,Fit
168.4,45.1,Fit
158.6,67.5,Obese
168.8,62.6,Fit
154.6,48.4,Fit
161.4,57.7,Fit
154.6,49.7,Fit
149.5,72.8,Obese
141.8,40.0,Fit
147.4,50.4,Fit
176.2,78.7,Obese
154.1,62.6,Obese
170.9,73.0,Obese
175.5,64.4,Fit
165.2,58.8,Fit
161.7,40.1,Fit
166.5,60.4,Fit
160.4,56.9,Fit
178.2,75.8,Fit
185.6,90.2,Obese
180.9,77.7,Fit
141.3,52.5,Obese
160.2,56.3,Fit
165.0,70.2,Obese
170.1,63.7,Fit
146.0,56.0,Obese
145.8,53.2,Obese
179.4,73.9,Fit
158.8,43.2,Fit
148.6,57.4,Obese
152.9,54.4,Fit
169.3,68.7,Fit
156.0,56.0,Fit
167.7,65.7,Fit
154.2,62.7,Obese
145.8,43.0,Fit
180.7,75.6,Fit
169.4,56.9,Fit
161.3,61.9,Fit
159.3,57.8,Fit
181.1,67.1,Fit
171.5,65.5,Fit
177.6,64.9,Fit
158.6,52.3,Fit
165.6,63.1,Fit
169.4,65.3,Fit
158.9,40.2,Fit
163.9,62.1,Fit
158.6,52.9,Fit
169.4,59.8,Fit
150.5,40.8,Fit
171.3,64.2,Fit
168.4,58.2,Fit
162.8,68.5,Obese
169.9,49.5,Fit
161.0,49.3,Fit
157.6,46.4,Fit
171.0,66.4,Fit
171.5,74.1,Obese
159.4,59.9,Fit
158.5,46.5,Fit
163.0,55.0,Fit
158.9,49.1,Fit
181.8,76.8,Fit
168.5,58.9,Fit
165.2,48.7,Fit
154.7,57.4,Fit
173.1,76.0,Obese
158.3,53.7,Fit
157.8,55.8,Fit
173.5,54.2,Fit
169.3,46.6,Fit
137.5,26.8,Fit
163.3,58.3,Fit
166.4,58.4,Fit
161.3,61.6,Fit
166.8,59.6,Fit
145.1,54.2,Obese
133.9,46.4,Obese
154.3,49.8,Fit
168.1,54.1,Fit
129.5,21.6,Fit
155.7,64.8,Obese
143.8,38.0,Fit
162.3,46.0,Fit
186.5,77.6,Fit
162.6,46.3,Fit
163.8,60.1,Fit
174.2,64.1,Fit
165.2,67.5,Fit
162.6,64.9,Fit
175.2,76.4,Fit
170.2,65.4,Fit
168.2,55.4,Fit
163.5,50.5,Fit
161.2,52.9,Fit
175.1,83.4,Obese
161.3,55.2,Fit
178.5,71.4,Fit
153.5,64.0,Obese
180.8,73.9,Fit
170.2,57.7,Fit
154.3,58.3,Fit
170.6,60.6,Fit
157.8,57.1,Fit
165.4,64.3,Fit
159.6,52.1,Fit
163.5,60.3,Fit
175.4,80.4,Obese
170.7,59.1,Fit
152.6,61.8,Obese
153.3,46.9,Fit
168.0,76.5,Obese
168.8,55.8,Fit
157.6,51.5,Fit
182.5,85.3,Obese
173.9,79.0,Obese
158.1,61.6,Fit
157.1,45.6,Fit
162.5,58.7,Fit
161.3,57.3,Fit
178.8,63.5,Fit
175.8,73.6,Fit
165.4,54.0,Fit
172.5,55.1,Fit
174.1,53.7,Fit
165.6,74.1,Obese
169.4,59.1,Fit
171.5,60.8,Fit
170.4,55.6,Fit
156.4,64.8,Obese
157.5,43.6,Fit
161.8,48.0,Fit
157.2,51.8,Fit
148.8,48.5,Fit
172.4,70.7,Fit
168.8,57.3,Fit
150.3,62.0,Obese
162.3,52.6,Fit
163.0,50.4,Fit
167.0,52.5,Fit
153.1,45.4,Fit
150.1,40.2,Fit
170.7,70.1,Fit
148.1,40.3,Fit
162.4,57.0,Fit
161.4,49.1,Fit
163.6,49.5,Fit
167.8,70.8,Obese
182.6,86.2,Obese
147.4,58.0,Obese
174.6,55.3,Fit
137.4,30.9,Fit
180.3,87.4,Obese
142.5,42.7,Fit
191.8,69.9,Fit
160.7,65.5,Obese
179.2,71.2,Fit
176.9,73.4,Fit
160.2,38.6,Fit
161.0,54.4,Fit
155.8,61.0,Obese
173.7,61.2,Fit
160.3,66.4,Obese
156.0,43.0,Fit
170.9,63.4,Fit
155.1,66.1,Obese
161.4,48.1,Fit
166.2,62.9,Fit
157.9,59.6,Fit
159.6,56.8,Fit
181.9,70.8,Fit
162.8,51.3,Fit
161.0,58.6,Fit
163.1,57.7,Fit
170.0,52.1,Fit
153.6,60.7,Obese
169.7,56.1,Fit
167.8,50.7,Fit
145.3,41.7,Fit
184.7,67.9,Fit
181.1,70.1,Fit
156.2,43.7,Fit
152.7,54.9,Fit
167.5,72.8,Obese
149.3,49.9,Fit
180.0,59.7,Fit
159.8,48.9,Fit
182.8,75.3,Fit
155.9,37.8,Fit
163.8,49.1,Fit
178.9,57.3,Fit
161.4,58.3,Fit
168.0,79.4,Obese
177.0,58.9,Fit
158.9,62.1,Fit
151.1,45.7,Fit
149.0,38.3,Fit
171.4,77.2,Obese
169.3,80.3,Obese
176.7,72.0,Fit
162.0,60.6,Fit
149.3,49.5,Fit
139.1,41.4,Fit
196.5,87.7,Fit
170.8,69.6,Fit
166.5,74.3,Obese
168.1,58.0,Fit
149.3,50.0,Fit
156.3,53.0,Fit
184.2,82.8,Fit
172.2,84.5,Obese
156.6,62.4,Obese
151.5,56.9,Fit
159.3,63.1,Fit
161.5,67.5,Obese
187.5,96.7,Obese
162.9,44.9,Fit
151.9,55.6,Fit
164.4,38.8,Fit
167.9,69.6,Fit
150.9,54.5,Fit
169.4,58.8,Fit
178.3,48.6,Fit
166.5,60.9,Fit
156.2,55.5,Fit
159.2,55.2,Fit
146.8,42.4,Fit
163.5,51.7,Fit
168.4,62.0,Fit
155.1,46.5,Fit
186.3,82.9,Fit
173.7,65.8,Fit
145.3,32.6,Fit
145.5,48.0,Fit
154.2,55.6,Fit
182.3,86.1,Obese
174.8,74.6,Fit
182.9,66.4,Fit
165.1,71.4,Obese
162.7,47.1,Fit
151.3,50.6,Fit
168.8,68.8,Fit
162.8,70.0,Obese
162.4,73.1,Obese
182.8,83.7,Obese
163.6,57.8,Fit
179.6,75.6,Fit
147.5,49.7,Fit
194.6,77.6,Fit
160.9,56.0,Fit
172.8,80.1,Obese
174.5,72.2,Fit
159.5,72.5,Obese
174.0,58.0,Fit
174.6,64.0,Fit
157.2,57.7,Fit
157.3,60.4,Fit
165.5,59.3,Fit
163.7,65.4,Fit
180.3,77.9,Fit
172.7,54.5,Fit
164.2,65.4,Fit
171.7,73.4,Fit
142.5,47.0,Fit
158.2,40.4,Fit
168.2,60.0,Fit
177.3,72.6,Fit
167.2,54.6,Fit
181.0,79.5,Fit
174.5,72.9,Fit
159.6,57.1,Fit
163.5,58.9,Fit
169.5,64.7,Fit
160.1,56.3,Fit
181.8,62.5,Fit
152.8,47.9,Fit
168.5,63.0,Fit
173.1,77.3,Obese
161.6,63.0,Fit
159.1,67.4,Obese
164.2,48.0,Fit
173.9,63.7,Fit
159.5,72.6,Obese
153.2,45.7,Fit
177.7,63.3,Fit
169.4,61.0,Fit
176.1,84.4,Obese
173.4,60.7,Fit
189.0,83.0,Fit
177.3,72.3,Fit
157.0,38.8,Fit
170.2,63.6,Fit
158.9,51.1,Fit
160.0,61.7,Fit
149.5,63.1,Obese
161.9,54.9,Fit
171.0,61.6,Fit
164.3,79.5,Obese
152.9,45.7,Fit
148.2,37.6,Fit
188.2,89.0,Obese
168.6,62.1,Fit
155.9,55.8,Fit
170.1,81.5,Obese
189.1,67.4,Fit
171.8,63.4,Fit
134.3,29.8,Fit
194.2,85.6,Fit
144.7,41.6,Fit
162.7,48.9,Fit
152.5,57.0,Fit
156.9,54.2,Fit
168.1,52.2,Fit
142.2,35.0,Fit
164.0,60.8,Fit
177.6,56.0,Fit
155.7,55.2,Fit
149.7,60.0,Obese
163.5,64.1,Fit
161.3,52.2,Fit
158.5,57.4,Fit
151.9,40.8,Fit
170.7,65.2,Fit
171.5,62.1,Fit
153.3,43.4,Fit
154.8,57.7,Fit
166.5,45.2,Fit
154.4,43.0,Fit
167.0,52.8,Fit
181.1,68.2,Fit
164.3,69.8,Obese
151.7,56.6,Fit
169.3,63.9,Fit
163.0,58.9,Fit
163.3,58.6,Fit
170.2,74.7,Obese
172.6,51.0,Fit
165.4,66.4,Fit
164.3,55.3,Fit
187.7,81.5,Fit
178.2,73.9,Fit
174.2,72.6,Fit
166.4,73.6,Obese
153.9,41.2,Fit
177.4,77.3,Fit
166.6,60.5,Fit
158.7,51.7,Fit
162.3,74.2,Obese
154.4,58.0,Fit
176.6,65.3,Fit
172.5,73.1,Fit
167.0,61.0,Fit
164.5,56.1,Fit
157.5,49.7,Fit
141.6,46.5,Fit
149.5,44.2,Fit
156.8,55.4,Fit
155.2,60.1,Fit
168.2,63.1,Fit
173.9,82.4,Obese
163.6,59.0,Fit
180.5,82.5,Obese
156.4,61.6,Obese
163.5,71.0,Obese
164.4,75.3,Obese
177.0,54.8,Fit
166.2,62.9,Fit
166.5,60.1,Fit
146.8,48.3,Fit
155.1,49.7,Fit
177.1,64.6,Fit
142.2,35.7,Fit
179.8,71.9,Fit
170.5,71.4,Fit
156.8,50.1,Fit
155.8,50.8,Fit
185.9,70.4,Fit
180.5,63.7,Fit
163.7,57.1,Fit
166.5,63.7,Fit
157.9,64.9,Obese
166.5,51.4,Fit
157.6,54.4,Fit
164.1,68.7,Obese
184.9,65.8,Fit
163.9,69.3,Obese
153.5,48.3,Fit
150.0,55.2,Fit
166.4,59.2,Fit
156.6,57.6,Fit
167.7,74.8,Obese
147.2,46.7,Fit
172.6,73.5,Fit
153.3,53.9,Fit
165.5,54.0,Fit
161.3,56.1,Fit
183.9,72.7,Fit
166.9,50.0,Fit
186.4,80.1,Fit
171.2,69.7,Fit
180.7,78.3,Fit
162.7,69.7,Obese
168.8,70.3,Fit
178.4,65.2,Fit
175.0,64.2,Fit
170.8,70.9,Fit
161.4,60.4,Fit
163.3,58.5,Fit
177.5,62.3,Fit
179.8,66.9,Fit
158.5,59.9,Fit
156.8,38.5,Fit
155.1,34.2,Fit
174.1,72.3,Fit
154.8,48.4,Fit
174.0,70.4,Fit
171.0,76.9,Obese
159.0,47.5,Fit
182.2,59.7,Fit
148.9,46.6,Fit
183.3,68.4,Fit
168.5,62.3,Fit
142.2,48.8,Fit
182.5,75.9,Fit
175.7,68.3,Fit
160.3,65.0,Obese
154.4,57.8,Fit
147.7,46.6,Fit
191.6,85.8,Fit
154.8,40.4,Fit
151.1,58.7,Obese
167.9,62.2,Fit
147.0,37.9,Fit
154.2,49.0,Fit
175.9,76.4,Fit
170.1,57.5,Fit
160.7,60.1,Fit
165.2,67.1,Fit
160.1,56.6,Fit
164.3,52.5,Fit
156.6,53.5,Fit
158.6,44.1,Fit
158.3,51.2,Fit
157.0,45.4,Fit
176.5,68.1,Fit
173.5,56.0,Fit
154.7,53.3,Fit
151.9,59.8,Obese
163.3,68.2,Obese
188.7,68.4,Fit
153.7,46.6,Fit
163.2,65.4,Fit
166.0,66.2,Fit
163.8,54.1,Fit
160.0,52.4,Fit
177.7,70.1,Fit
170.0,48.9,Fit
174.3,71.0,Fit
171.5,73.4,Fit
174.8,64.1,Fit
182.4,61.9,Fit
179.6,82.3,Obese
190.6,81.7,Fit
178.4,75.7,Fit
157.6,44.1,Fit
174.3,56.3,Fit
172.8,69.0,Fit
186.1,84.4,Fit
154.4,43.4,Fit
171.1,63.6,Fit
157.5,41.9,Fit
170.6,58.4,Fit
162.6,56.1,Fit
170.3,67.7,Fit
149.5,32.3,Fit
173.7,77.0,Obese
167.3,60.2,Fit
166.7,71.5,Obese
186.5,82.1,Fit
160.8,63.7,Fit
168.8,78.8,Obese
166.1,54.4,Fit
167.2,62.6,Fit
189.4,71.0,Fit
165.7,59.6,Fit
158.8,61.2,Fit
185.6,84.8,Fit
161.6,54.4,Fit
147.3,38.1,Fit
156.9,54.7,Fit
151.3,43.5,Fit
145.2,41.8,Fit
161.0,62.4,Fit
164.2,63.2,Fit
178.0,76.4,Fit
171.9,62.3,Fit
171.4,72.7,Fit
155.2,53.1,Fit
174.7,64.9,Fit
180.3,62.7,Fit
169.3,46.4,Fit
169.6,50.8,Fit
151.1,51.9,Fit
176.6,61.4,Fit
184.6,61.8,Fit
168.6,59.1,Fit
158.5,57.5,Fit
163.2,61.9,Fit
160.4,56.4,Fit
161.0,56.6,Fit
172.1,60.9,Fit
168.1,67.2,Fit
176.0,66.8,Fit
169.1,62.3,Fit
155.5,61.5,Obese
159.5,62.3,Fit
158.8,54.0,Fit
162.9,55.8,Fit
184.7,72.4,Fit
186.5,60.4,Fit
174.2,75.5,Fit
166.3,55.4,Fit
150.0,56.4,Obese
167.4,62.0,Fit
156.3,64.9,Obese
182.9,77.9,Fit
147.3,55.1,Obese
169.2,58.3,Fit
155.4,42.8,Fit
164.9,61.0,Fit
172.3,50.0,Fit
176.2,64.6,Fit
164.3,49.9,Fit
173.4,59.4,Fit
157.7,59.5,Fit
167.7,66.1,Fit
176.0,66.9,Fit
168.7,65.1,Fit
159.2,51.4,Fit
161.9,77.1,Obese
176.2,70.7,Fit
153.0,46.8,Fit
154.6,59.6,Fit
171.6,74.7,Obese
160.2,50.2,Fit
149.0,37.5,Fit
179.9,61.4,Fit
152.9,46.1,Fit
162.8,57.9,Fit
158.2,42.0,Fit
161.7,54.2,Fit
155.3,51.4,Fit
172.9,68.3,Fit
166.2,65.7,Fit
175.8,71.2,Fit
158.3,69.5,Obese
188.5,86.9,Fit
144.0,47.4,Fit
147.6,40.1,Fit
184.3,69.3,Fit
170.2,52.3,Fit
168.8,63.9,Fit
169.7,66.0,Fit
171.3,71.7,Fit
168.3,64.5,Fit
154.4,60.9,Obese
174.0,75.2,Fit
172.3,57.1,Fit
180.7,67.7,Fit
184.4,74.7,Fit
168.6,56.9,Fit
151.5,48.5,Fit
184.5,77.3,Fit
153.8,51.1,Fit
168.7,62.6,Fit
162.2,50.3,Fit
160.3,60.6,Fit
173.4,69.6,Fit
167.7,55.8,Fit
170.6,53.7,Fit
156.0,63.4,Obese
163.1,72.5,Obese
156.5,55.8,Fit
162.8,55.4,Fit
163.7,67.3,Obese
185.3,79.3,Fit
162.1,56.2,Fit
141.6,51.9,Obese
180.3,65.1,Fit
169.9,58.0,Fit
163.6,61.8,Fit
160.2,57.4,Fit
154.6,57.7,Fit
186.3,85.9,Fit
165.6,47.9,Fit
145.9,47.1,Fit
168.6,77.7,Obese
178.3,65.1,Fit
166.7,55.4,Fit
155.1,35.0,Fit
154.1,53.1,Fit
154.9,57.4,Fit
181.7,77.3,Fit
164.2,51.0,Fit
146.5,47.2,Fit
169.2,64.8,Fit
166.6,61.4,Fit
160.1,47.6,Fit
153.8,52.6,Fit
153.3,45.2,Fit
177.0,53.9,Fit
167.7,67.3,Fit
170.3,64.9,Fit
167.7,66.6,Fit
168.6,58.3,Fit
159.8,61.2,Fit
162.7,66.4,Obese
177.8,83.6,Obese
180.6,78.2,Fit
151.6,53.6,Fit
162.7,47.2,Fit
174.2,65.9,Fit
185.7,64.5,Fit
184.6,68.4,Fit
156.2,69.3,Obese
179.0,62.3,Fit
165.6,41.6,Fit
176.5,75.0,Fit
173.7,61.0,Fit
151.1,56.4,Fit
171.0,55.0,Fit
176.1,64.8,Fit
164.8,69.3,Obese
162.3,47.4,Fit
147.7,46.6,Fit
172.5,67.8,Fit
167.3,55.8,Fit
154.9,54.7,Fit
161.4,57.4,Fit
166.7,65.4,Fit
158.9,70.3,Obese
165.0,81.3,Obese
145.8,50.4,Fit
179.8,70.3,Fit
165.2,63.5,Fit
152.9,49.6,Fit
137.9,29.2,Fit
176.3,68.0,Fit
171.1,73.1,Fit
167.3,49.9,Fit
174.5,59.1,Fit
174.5,62.3,Fit
167.1,64.4,Fit
162.2,76.9,Obese
160.4,50.1,Fit
169.6,64.0,Fit
180.4,71.6,Fit
163.9,56.7,Fit
181.2,71.9,Fit
169.1,59.2,Fit
169.2,84.9,Obese
191.5,86.6,Fit
183.2,70.2,Fit
183.5,83.5,Fit
156.2,55.7,Fit
189.1,79.1,Fit
164.1,57.8,Fit
162.5,56.1,Fit
141.2,34.1,Fit
168.6,49.1,Fit
153.1,54.5,Fit
169.5,61.7,Fit
152.2,58.0,Obese
184.8,68.0,Fit
171.1,55.6,Fit
190.1,85.7,Fit
153.7,49.6,Fit
182.0,79.8,Fit
145.2,46.6,Fit
167.3,76.6,Obese
158.1,61.0,Fit
160.1,59.6,Fit
159.3,62.2,Fit
154.9,50.6,Fit
151.1,37.1,Fit
160.1,59.3,Fit
166.3,76.4,Obese
177.8,51.2,Fit
168.2,66.0,Fit
177.8,57.3,Fit
148.7,48.5,Fit
160.2,57.1,Fit
172.8,71.7,Fit
168.8,64.3,Fit
155.5,64.2,Obese
175.3,76.9,Obese
159.2,54.2,Fit
156.4,62.6,Obese
170.4,61.3,Fit
165.1,56.1,Fit
159.2,46.2,Fit
158.9,66.0,Obese
153.2,49.3,Fit
160.6,37.4,Fit
177.1,73.3,Fit
167.7,58.4,Fit
175.5,65.4,Fit
170.7,62.2,Fit
158.3,52.4,Fit
146.9,69.3,Obese
154.8,66.0,Obese
157.6,60.2,Fit
156.8,56.0,Fit
175.8,77.0,Fit
175.7,69.8,Fit
189.3,85.4,Fit
156.6,58.4,Fit
182.6,74.4,Fit
182.5,80.8,Fit
162.4,54.7,Fit
170.2,64.2,Fit
178.6,62.4,Fit
164.4,52.5,Fit
163.5,38.6,Fit
158.1,58.6,Fit
139.0,48.4,Obese
165.8,69.1,Obese
157.2,45.5,Fit
153.2,55.1,Fit
169.6,63.3,Fit
149.0,54.8,Fit
173.9,61.3,Fit
170.3,61.1,Fit
160.6,44.3,Fit
164.3,53.7,Fit
151.9,50.8,Fit
173.3,67.4,Fit
167.1,47.9,Fit
167.9,57.9,Fit
170.5,65.3,Fit
157.9,66.1,Obese
148.3,41.6,Fit
175.5,71.7,Fit
172.6,61.0,Fit
159.1,52.1,Fit
169.5,56.2,Fit
178.8,62.0,Fit
177.5,65.5,Fit
158.8,63.9,Obese
148.6,42.6,Fit
150.5,42.6,Fit
161.6,59.1,Fit
181.1,72.2,Fit
157.0,53.7,Fit
158.4,57.3,Fit
158.2,47.0,Fit
159.2,48.5,Fit
164.9,67.7,Fit
150.9,48.9,Fit
176.9,73.6,Fit
163.4,68.5,Obese
192.3,88.1,Fit
152.1,39.9,Fit
182.5,72.3,Fit
180.3,79.8,Fit
160.5,60.8,Fit
160.7,58.3,Fit
154.9,39.6,Fit
155.0,47.9,Fit
165.0,60.4,Fit
165.2,48.7,Fit
147.4,54.1,Fit
190.2,78.7,Fit
162.1,42.0,Fit
165.7,55.9,Fit
158.1,52.7,Fit
162.1,56.7,Fit
161.1,68.4,Obese
165.0,64.5,Fit
164.8,48.9,Fit
173.9,54.6,Fit
167.5,59.6,Fit
172.7,66.7,Fit
164.9,67.8,Fit
167.5,75.6,Obese
162.3,72.3,Obese
176.0,64.6,Fit
168.5,70.0,Fit
163.3,62.0,Fit
162.9,49.7,Fit
163.8,43.9,Fit
165.3,61.3,Fit
164.4,47.5,Fit
158.9,48.7,Fit
173.4,60.7,Fit
174.1,68.4,Fit
184.6,85.2,Obese
158.4,55.3,Fit
172.3,61.0,Fit
144.0,29.1,Fit
174.1,70.4,Fit
149.0,49.1,Fit
154.2,47.9,Fit
168.7,71.9,Obese
158.2,45.5,Fit
156.7,48.5,Fit
159.7,54.1,Fit
173.0,61.4,Fit
154.7,57.1,Fit
164.4,63.2,Fit
160.8,65.3,Obese
174.0,70.6,Fit
174.3,65.9,Fit
144.8,43.4,Fit
176.5,72.2,Fit
158.3,53.6,Fit
167.6,62.2,Fit
154.7,56.7,Fit
169.1,64.0,Fit
193.1,84.5,Fit
166.4,54.6,Fit
159.9,67.1,Obese
162.4,49.2,Fit
148.8,52.3,Fit
180.9,68.1,Fit
168.4,71.1,Obese
153.5,58.9,Obese
153.8,52.0,Fit
165.2,72.5,Obese
175.3,66.1,Fit
152.3,58.1,Obese
177.2,63.3,Fit
164.0,62.4,Fit
154.8,45.2,Fit
159.9,56.4,Fit
184.2,74.3,Fit
149.7,56.4,Obese
156.9,48.8,Fit
175.5,92.3,Obese
167.4,50.6,Fit
156.3,55.6,Fit
175.6,70.1,Fit
176.1,72.6,Fit
168.6,58.4,Fit
158.3,57.0,Fit
160.0,51.8,Fit
168.1,77.2,Obese
150.6,44.8,Fit
179.6,69.8,Fit
183.7,68.9,Fit
162.4,51.6,Fit
168.9,51.6,Fit
178.0,75.1,Fit
186.5,71.1,Fit
182.1,66.6,Fit
145.9,39.1,Fit
161.5,59.8,Fit
170.5,64.1,Fit
159.6,56.2,Fit
184.6,68.9,Fit
182.9,77.1,Fit
156.0,48.3,Fit
163.2,59.2,Fit
156.8,52.9,Fit
162.9,44.8,Fit
162.5,74.3,Obese
175.5,72.4,Fit
155.2,54.5,Fit
136.2,43.5,Fit
147.4,64.2,Obese
153.7,61.1,Obese
157.8,57.6,Fit
167.1,55.7,Fit
153.1,47.2,Fit
151.7,36.2,Fit
154.8,49.8,Fit
152.7,56.6,Fit
158.9,60.6,Fit
158.4,60.1,Fit
172.6,61.4,Fit
154.1,56.7,Fit
161.1,63.7,Fit
159.0,37.8,Fit
173.9,69.0,Fit
163.3,75.3,Obese
176.6,66.2,Fit
152.3,30.9,Fit
164.5,53.0,Fit
158.7,40.9,Fit
151.5,45.4,Fit
164.3,49.6,Fit
184.1,82.0,Fit
155.6,59.5,Fit
163.6,61.6,Fit
150.6,59.7,Obese
148.9,44.3,Fit
156.3,54.4,Fit
160.1,73.9,Obese
160.5,61.4,Fit
162.5,62.8,Fit
146.9,41.3,Fit
158.1,51.7,Fit
170.5,55.9,Fit
150.1,63.0,Obese
161.1,44.6,Fit
168.2,69.6,Fit
156.4,58.5,Fit
168.8,49.8,Fit
148.3,57.5,Obese
174.8,65.1,Fit
169.0,52.3,Fit
165.6,63.3,Fit
177.4,62.6,Fit
161.4,55.7,Fit
158.2,51.0,Fit
180.1,64.3,Fit
185.2,66.0,Fit
157.4,60.9,Fit
163.7,61.6,Fit
176.5,70.6,Fit
164.1,56.4,Fit
171.5,65.1,Fit
173.6,60.4,Fit
158.8,49.5,Fit
169.6,77.0,Obese
164.9,66.9,Fit
151.6,46.1,Fit
154.1,40.3,Fit
157.8,41.2,Fit
175.2,62.5,Fit
175.6,68.7,Fit
173.2,67.0,Fit
169.8,64.6,Fit
169.5,65.9,Fit
168.1,53.8,Fit
169.5,75.3,Obese
170.2,62.2,Fit
149.6,51.6,Fit
156.3,48.5,Fit
153.7,54.5,Fit
177.2,85.7,Obese
183.2,65.9,Fit
141.1,34.9,Fit
182.2,66.1,Fit
166.0,57.9,Fit
176.1,64.1,Fit
170.6,55.7,Fit
180.8,71.6,Fit
167.3,74.1,Obese
150.0,48.3,Fit
163.8,58.3,Fit
170.7,66.8,Fit
162.6,63.4,Fit
172.2,76.2,Obese
164.3,61.3,Fit
158.4,55.2,Fit
153.1,43.6,Fit
160.7,62.7,Fit
167.3,54.8,Fit
143.4,38.3,Fit
156.4,55.4,Fit
143.0,57.3,Obese
158.2,60.9,Fit
178.2,69.5,Fit
152.0,42.9,Fit
172.7,77.8,Obese
196.3,84.4,Fit
181.0,69.7,Fit
166.5,65.4,Fit
174.4,63.4,Fit
149.9,43.4,Fit
147.7,42.7,Fit
165.3,54.8,Fit
169.4,54.1,Fit
177.0,59.0,Fit
158.7,63.2,Obese
167.1,66.8,Fit
166.8,54.6,Fit
163.6,66.0,Fit
164.2,61.8,Fit
155.6,50.7,Fit
168.1,52.3,Fit
167.1,64.2,Fit
160.2,71.4,Obese
172.3,65.4,Fit
176.3,76.4,Fit
172.5,63.7,Fit
153.5,59.2,Obese
166.1,59.5,Fit
155.0,33.6,Fit
166.1,54.9,Fit
155.0,53.9,Fit
179.0,79.2,Fit
173.6,65.1,Fit
177.7,69.7,Fit
176.6,63.9,Fit
162.0,70.2,Obese
160.3,68.5,Obese
184.2,69.2,Fit
163.2,46.5,Fit
150.1,35.1,Fit
176.1,73.0,Fit
166.6,62.1,Fit
181.6,66.3,Fit
167.7,64.0,Fit
164.8,49.9,Fit
181.8,79.1,Fit
148.1,45.2,Fit
158.6,46.7,Fit
155.2,50.1,Fit
140.9,40.4,Fit
174.6,70.0,Fit
158.9,64.9,Obese
175.0,76.3,Fit
169.3,64.3,Fit
171.7,63.3,Fit
160.0,51.8,Fit
156.6,39.8,Fit
166.0,60.5,Fit
175.1,60.7,Fit
164.4,69.2,Obese
157.3,52.8,Fit
151.8,56.7,Fit
167.2,57.7,Fit
158.9,50.1,Fit
164.2,64.2,Fit
162.4,60.2,Fit
160.1,59.0,Fit
168.2,61.5,Fit
171.1,70.7,Fit
186.6,81.8,Fit
173.3,48.7,Fit
182.5,71.2,Fit
156.0,61.7,Obese
147.4,39.6,Fit
164.8,46.2,Fit
174.4,65.8,Fit
172.7,69.8,Fit
178.3,66.3,Fit
137.1,51.7,Obese
178.8,85.1,Obese
168.7,47.2,Fit
148.0,45.1,Fit
173.0,47.6,Fit
166.9,66.5,Fit
169.2,57.5,Fit
176.0,64.3,Fit
169.7,72.6,Obese
148.8,38.1,Fit
163.4,46.1,Fit
147.2,29.5,Fit
172.1,75.4,Obese
180.4,79.9,Fit
151.3,48.0,Fit
157.6,44.5,Fit
155.3,59.7,Fit
160.0,78.4,Obese
169.5,61.3,Fit
160.1,46.8,Fit
172.2,75.2,Obese
176.7,59.6,Fit
177.1,66.1,Fit
152.7,30.2,Fit
180.2,69.0,Fit
181.1,61.9,Fit
182.1,83.0,Obese
163.3,50.8,Fit
156.7,60.3,Fit
154.2,51.5,Fit
152.9,52.4,Fit
165.1,64.2,Fit
174.3,66.4,Fit
179.4,65.6,Fit
159.7,49.6,Fit
164.6,63.7,Fit
163.9,43.9,Fit
158.0,68.4,Obese
173.1,67.0,Fit
169.0,60.1,Fit
166.6,63.2,Fit
168.9,58.0,Fit
171.8,63.5,Fit
171.7,55.8,Fit
155.8,56.4,Fit
174.9,66.6,Fit
167.8,63.5,Fit
160.2,68.3,Obese
167.6,55.3,Fit
168.8,61.6,Fit
176.9,55.6,Fit
153.5,56.2,Fit
179.6,70.8,Fit
165.3,60.2,Fit
159.4,54.7,Fit
159.1,51.1,Fit
154.0,72.1,Obese
145.8,47.1,Fit
172.5,67.8,Fit
186.8,67.6,Fit
147.2,54.8,Obese
154.5,51.6,Fit
173.3,69.6,Fit
164.5,66.7,Fit
174.2,65.9,Fit
163.9,53.7,Fit
158.6,36.7,Fit
162.5,55.0,Fit
138.8,36.9,Fit
152.4,42.0,Fit
175.4,79.3,Obese
178.1,77.7,Fit
180.5,57.0,Fit
169.8,64.7,Fit
140.2,36.7,Fit
158.0,57.9,Fit
179.6,64.5,Fit
182.9,69.2,Fit
180.0,79.0,Fit
162.4,64.6,Fit
150.6,62.0,Obese
164.6,57.8,Fit
165.2,48.4,Fit
182.2,80.4,Fit
167.5,69.1,Fit
165.2,65.1,Fit
165.8,54.5,Fit
169.4,54.6,Fit
171.9,69.3,Fit
157.0,47.2,Fit
153.4,49.3,Fit
180.1,94.6,Obese
146.9,64.5,Obese
183.0,80.0,Fit
144.0,40.3,Fit
158.6,49.5,Fit
175.7,73.6,Fit
165.0,71.9,Obese
150.5,45.7,Fit
169.7,59.7,Fit
165.7,61.1,Fit
162.6,47.1,Fit
158.1,44.1,Fit
164.6,50.2,Fit
158.6,59.7,Fit
191.8,83.1,Fit
162.4,67.1,Obese
160.9,43.0,Fit
159.0,43.5,Fit
184.5,78.6,Fit
147.0,40.5,Fit
169.0,56.4,Fit
162.4,66.1,Obese
149.3,44.6,Fit
156.0,50.0,Fit
168.5,60.5,Fit
155.5,51.7,Fit
167.9,67.5,Fit
184.0,64.8,Fit
166.9,59.8,Fit
149.0,58.1,Obese
155.7,70.4,Obese
161.9,46.8,Fit
161.1,59.8,Fit
166.7,59.6,Fit
168.4,61.6,Fit
184.0,68.2,Fit
165.0,65.9,Fit
152.3,56.7,Fit
177.7,89.6,Obese
178.9,59.8,Fit
167.6,47.8,Fit
162.3,74.4,Obese
171.8,64.6,Fit
162.7,54.6,Fit
142.4,46.1,Fit
171.2,53.3,Fit
174.8,70.2,Fit
180.9,71.3,Fit
157.0,62.8,Obese
167.5,68.6,Fit
167.7,69.4,Fit
165.9,62.1,Fit
166.3,73.7,Obese
165.4,64.8,Fit
167.3,57.3,Fit
173.1,59.5,Fit
178.4,64.5,Fit
156.7,58.7,Fit
163.1,47.9,Fit
160.4,57.8,Fit
158.8,48.8,Fit
147.2,37.7,Fit
165.3,51.4,Fit
170.3,63.6,Fit
163.3,64.8,Fit
164.9,54.4,Fit
169.6,46.7,Fit
180.5,96.9,Obese
160.4,65.5,Obese
152.1,58.4,Obese
164.0,72.2,Obese
185.7,76.6,Fit
152.2,49.9,Fit
172.2,76.0,Obese
177.7,80.3,Obese
139.0,47.4,Fit
169.5,70.3,Fit
171.6,54.9,Fit
162.1,55.7,Fit
157.9,68.5,Obese
158.5,61.7,Fit
161.4,45.6,Fit
161.7,53.3,Fit
159.6,68.4,Obese
161.2,60.8,Fit
178.1,71.2,Fit
151.6,52.3,Fit
145.8,46.1,Fit
178.3,65.7,Fit
162.9,51.7,Fit
160.7,64.9,Obese
163.8,60.9,Fit
167.3,67.2,Fit
159.2,60.2,Fit
170.6,75.3,Obese
154.4,56.1,Fit
161.7,64.1,Fit
140.6,44.9,Fit
177.9,62.0,Fit
163.1,56.7,Fit
172.4,70.1,Fit
170.2,69.2,Fit
171.0,76.0,Obese
164.9,56.2,Fit
169.3,64.8,Fit
154.4,51.4,Fit
152.1,63.9,Obese
163.9,62.1,Fit
157.5,57.8,Fit
180.7,71.5,Fit
169.1,61.1,Fit
157.1,42.7,Fit
162.0,47.7,Fit
166.5,62.4,Fit
164.3,59.8,Fit
168.0,63.6,Fit
165.8,68.0,Fit
149.7,50.0,Fit
141.3,41.2,Fit
160.9,55.3,Fit
171.2,66.4,Fit
161.0,54.0,Fit
178.6,78.7,Fit
164.5,59.4,Fit
179.9,73.2,Fit
177.7,62.9,Fit
176.6,77.1,Fit
151.8,62.2,Obese
165.2,49.1,Fit
178.5,73.3,Fit
168.0,61.2,Fit
171.1,66.7,Fit
149.7,52.9,Fit
186.1,58.3,Fit
156.3,59.8,Fit
143.1,53.9,Obese
161.1,66.9,Obese
138.1,34.4,Fit
153.1,51.3,Fit
193.1,77.8,Fit
160.8,41.6,Fit
149.3,44.1,Fit
165.3,51.4,Fit
155.1,55.6,Fit
174.5,53.9,Fit
155.2,45.2,Fit
168.0,57.9,Fit
152.4,57.2,Fit
193.6,104.7,Obese
170.5,66.4,Fit
163.4,50.5,Fit
161.8,52.1,Fit
158.9,60.8,Fit
156.6,43.2,Fit
156.3,62.5,Obese
183.5,76.2,Fit
158.9,54.6,Fit
141.6,30.6,Fit
152.2,58.3,Obese
175.2,61.4,Fit
162.2,59.1,Fit
163.5,57.6,Fit
177.9,56.9,Fit
156.5,52.0,Fit
172.0,55.4,Fit
157.7,49.5,Fit
171.3,68.0,Fit
160.7,62.4,Fit
162.3,57.8,Fit
174.0,59.6,Fit
173.2,60.8,Fit
163.2,53.3,Fit
159.8,39.1,Fit
182.6,73.9,Fit
171.5,51.4,Fit
160.7,57.4,Fit
157.8,43.1,Fit
176.3,58.7,Fit
166.3,66.2,Fit
163.2,58.8,Fit
166.3,45.7,Fit
168.7,58.2,Fit
164.4,61.5,Fit
178.2,64.9,Fit
178.9,67.6,Fit
170.9,66.2,Fit
180.1,71.7,Fit
165.1,52.0,Fit
172.6,65.7,Fit
176.0,65.9,Fit
176.2,82.1,Obese
175.1,66.6,Fit
171.9,66.1,Fit
186.5,78.6,Fit
159.1,53.1,Fit
163.3,52.9,Fit
162.6,61.9,Fit
161.0,60.7,Fit
143.1,61.7,Obese
180.1,77.3,Fit
153.7,58.1,Fit
166.9,67.0,Fit
149.4,43.6,Fit
171.8,54.9,Fit
156.4,45.8,Fit
152.5,56.7,Fit
167.1,72.8,Obese
157.3,60.3,Fit
158.7,54.1,Fit
166.9,74.7,Obese
173.8,62.9,Fit
156.0,44.4,Fit
154.1,54.3,Fit
165.3,70.4,Obese
170.9,57.5,Fit
181.1,58.5,Fit
153.2,51.9,Fit
161.5,63.6,Fit
177.9,45.9,Fit
186.7,84.5,Fit
154.1,41.3,Fit
156.9,59.9,Fit
169.2,47.0,Fit
158.6,43.6,Fit
156.6,58.9,Fit
167.7,71.6,Obese
182.0,72.8,Fit
150.6,69.1,Obese
181.5,64.3,Fit
158.7,47.1,Fit
168.8,60.3,Fit
182.5,70.5,Fit
168.6,64.8,Fit
161.7,51.6,Fit
172.9,70.3,Fit
163.1,62.9,Fit
170.7,77.0,Obese
162.7,54.3,Fit
174.5,69.7,Fit
149.7,54.1,Fit
153.9,52.0,Fit
149.5,47.5,Fit
164.4,42.9,Fit
148.2,49.0,Fit
157.4,59.3,Fit
152.8,50.9,Fit
181.3,66.0,Fit
154.1,38.8,Fit
150.8,53.7,Fit
167.7,62.2,Fit
183.6,85.2,Obese
163.7,47.4,Fit
164.6,55.8,Fit
179.2,60.1,Fit
174.7,75.3,Fit
169.7,73.3,Obese
158.6,70.7,Obese
170.0,67.8,Fit
150.0,55.8,Fit
158.1,58.5,Fit
180.7,76.5,Fit
179.3,71.1,Fit
169.8,68.4,Fit
143.8,62.6,Obese
151.7,52.4,Fit
157.5,54.8,Fit
163.1,60.1,Fit
151.2,49.1,Fit
162.3,59.9,Fit
184.4,73.4,Fit
169.4,72.3,Obese
167.4,70.0,Fit
153.8,69.4,Obese
147.0,47.3,Fit
151.5,52.8,Fit
146.5,49.2,Fit
165.8,62.1,Fit
169.2,72.0,Obese
154.4,39.4,Fit
166.6,64.8,Fit
181.2,88.2,Obese
186.5,87.5,Obese
173.5,76.2,Obese
163.1,65.2,Fit
173.1,61.2,Fit
179.9,65.2,Fit
142.9,39.0,Fit
181.3,63.2,Fit
159.0,63.2,Fit
159.1,67.4,Obese
161.1,60.6,Fit
168.5,68.9,Fit
152.8,53.7,Fit
161.9,62.2,Fit
170.8,47.2,Fit
167.4,64.2,Fit
169.2,59.6,Fit
161.4,57.0,Fit
172.6,67.4,Fit
176.6,62.9,Fit
176.0,59.5,Fit
169.7,57.4,Fit
175.3,56.0,Fit
174.6,57.8,Fit
194.4,75.0,Fit
178.4,58.5,Fit
164.0,63.4,Fit
155.0,45.6,Fit
162.1,42.9,Fit
161.4,54.1,Fit
170.6,55.1,Fit
157.3,66.1,Obese
178.1,70.9,Fit
149.7,37.5,Fit
147.0,52.1,Fit
163.5,59.5,Fit
155.7,51.4,Fit
151.2,62.9,Obese
158.0,47.1,Fit
156.6,62.2,Obese
165.1,56.7,Fit
158.2,54.9,Fit
159.1,49.7,Fit
164.9,54.4,Fit
176.2,64.8,Fit
181.2,57.0,Fit
166.6,63.9,Fit
167.5,62.6,Fit
163.0,46.5,Fit
170.3,69.1,Fit
169.3,74.7,Obese
179.6,65.6,Fit
144.2,39.5,Fit
162.4,66.9,Obese
168.7,65.9,Fit
164.7,58.6,Fit
154.7,59.1,Fit
150.7,52.2,Fit
173.9,77.9,Obese
156.7,53.9,Fit
145.7,50.1,Fit
174.4,75.7,Fit
170.0,44.0,Fit
163.7,68.0,Obese
154.9,48.8,Fit
163.8,63.0,Fit
178.4,83.3,Obese
147.2,45.2,Fit
147.8,44.4,Fit
158.1,54.5,Fit
164.7,48.1,Fit
159.5,73.6,Obese
172.1,64.8,Fit
177.0,82.1,Obese
168.1,59.5,Fit
171.2,64.7,Fit
168.0,69.6,Fit
165.1,51.2,Fit
150.8,49.2,Fit
153.7,59.2,Obese
150.1,47.9,Fit
163.4,54.9,Fit
167.6,70.7,Obese
149.1,60.1,Obese
165.8,73.0,Obese
155.4,47.7,Fit
153.2,47.0,Fit
158.1,51.2,Fit
152.7,57.0,Fit
171.7,55.3,Fit
163.2,49.4,Fit
174.0,60.9,Fit
160.1,48.9,Fit
160.5,63.8,Fit
185.6,82.3,Fit
147.1,43.8,Fit
179.1,69.0,Fit
183.2,53.5,Fit
173.4,62.5,Fit
161.4,67.2,Obese
180.7,67.7,Fit
161.5,48.6,Fit
157.2,65.4,Obese
160.7,47.9,Fit
158.7,67.8,Obese
154.6,75.7,Obese
177.2,68.2,Fit
156.5,63.8,Obese
164.7,46.3,Fit
149.1,35.2,Fit
165.3,53.8,Fit
152.3,57.6,Fit
152.0,50.9,Fit
163.8,57.5,Fit
176.6,58.3,Fit
169.8,62.4,Fit
170.6,58.9,Fit
163.6,51.5,Fit
161.3,49.2,Fit
173.7,67.9,Fit
158.8,49.7,Fit
174.2,66.7,Fit
178.6,56.0,Fit
155.7,57.4,Fit
157.4,56.4,Fit
159.0,53.8,Fit
148.9,50.0,Fit
159.8,63.7,Fit
179.3,59.1,Fit
153.5,52.4,Fit
179.6,60.5,Fit
160.2,57.2,Fit
188.3,75.9,Fit
157.5,54.4,Fit
163.4,65.5,Fit
155.0,59.4,Fit
157.4,63.2,Obese
179.7,67.9,Fit
170.2,69.4,Fit
176.3,72.4,Fit
150.5,46.9,Fit
172.2,66.2,Fit
154.3,51.3,Fit
150.3,60.9,Obese
167.6,68.3,Fit
167.5,59.0,Fit
165.6,57.1,Fit
172.9,73.4,Fit
174.6,77.8,Obese
181.2,74.7,Fit
151.9,56.0,Fit
181.5,82.9,Obese
185.7,74.5,Fit
161.0,57.7,Fit
146.6,51.2,Fit
149.8,45.9,Fit
159.9,69.9,Obese
187.2,73.6,Fit
165.2,60.5,Fit
158.2,70.4,Obese
157.5,39.7,Fit
150.5,51.5,Fit
174.6,61.8,Fit
164.0,59.2,Fit
188.1,68.2,Fit
171.9,62.0,Fit
174.1,66.9,Fit
162.3,59.9,Fit
153.0,58.7,Obese
155.4,34.5,Fit
149.9,48.5,Fit
175.0,66.0,Fit
160.8,56.3,Fit
175.5,68.0,Fit
166.5,54.3,Fit
161.8,45.2,Fit
152.1,52.7,Fit
168.3,54.4,Fit
162.6,61.4,Fit
174.9,59.8,Fit
157.1,59.9,Fit
171.8,64.5,Fit
183.0,73.8,Fit
168.0,60.1,Fit
173.6,63.1,Fit
171.3,62.7,Fit
185.9,85.5,Fit
169.1,50.6,Fit
172.7,60.4,Fit
164.6,68.1,Obese
156.5,60.4,Fit
151.7,61.4,Obese
178.9,70.0,Fit
153.9,41.6,Fit
173.2,57.1,Fit
169.6,60.9,Fit
175.1,73.5,Fit
159.3,53.8,Fit
156.3,51.1,Fit
169.2,66.1,Fit
161.8,57.8,Fit
151.5,46.9,Fit
186.3,68.4,Fit
156.3,61.3,Obese
154.1,60.6,Obese
162.3,49.5,Fit
178.8,67.1,Fit
141.2,49.2,Fit
177.9,60.5,Fit
155.0,55.8,Fit
167.9,59.4,Fit
157.6,44.9,Fit
186.9,91.1,Obese
166.4,58.2,Fit
157.2,58.6,Fit
161.7,48.5,Fit
166.0,73.0,Obese
167.0,76.9,Obese
169.8,51.4,Fit
165.0,58.6,Fit
149.9,60.0,Obese
161.3,53.5,Fit
171.7,68.1,Fit
157.6,41.2,Fit
172.4,59.1,Fit
165.3,62.6,Fit
162.6,53.5,Fit
178.1,66.9,Fit
145.9,34.7,Fit
157.6,59.9,Fit
178.6,59.4,Fit
185.1,87.7,Obese
190.1,74.1,Fit
165.6,66.7,Fit
170.0,69.2,Fit
174.0,58.7,Fit
179.0,65.9,Fit
168.4,58.8,Fit
175.2,64.4,Fit
170.1,53.2,Fit
170.7,68.4,Fit
154.9,47.3,Fit
161.4,56.4,Fit
159.2,63.8,Obese
151.9,55.4,Fit
146.8,42.5,Fit
160.3,64.9,Obese
162.1,63.1,Fit
166.2,55.1,Fit
171.1,60.3,Fit
167.1,69.4,Fit
162.2,64.1,Fit
154.9,40.8,Fit
174.6,59.1,Fit
163.9,64.6,Fit
160.2,47.1,Fit
162.9,64.9,Fit
156.9,69.7,Obese
159.2,58.7,Fit
158.8,48.1,Fit
161.8,59.0,Fit
172.2,73.5,Fit
169.5,64.0,Fit
182.0,76.8,Fit
178.3,63.6,Fit
186.5,70.7,Fit
171.2,71.7,Fit
171.0,58.6,Fit
159.6,35.4,Fit
174.1,64.2,Fit
157.8,57.3,Fit
148.8,57.2,Obese
181.8,85.9,Obese
151.3,51.0,Fit
169.8,68.7,Fit
155.3,54.0,Fit
177.4,72.1,Fit
178.9,68.9,Fit
170.8,67.3,Fit
178.7,64.4,Fit
165.1,75.8,Obese
189.6,59.9,Fit
173.2,70.6,Fit
155.1,55.5,Fit
165.8,63.4,Fit
163.3,49.2,Fit
162.2,44.5,Fit
146.8,52.2,Fit
169.3,73.8,Obese
149.8,51.1,Fit
137.2,47.9,Obese
161.2,53.5,Fit
156.7,56.7,Fit
155.5,63.0,Obese
130.9,35.2,Fit
155.6,62.8,Obese
163.1,45.4,Fit
158.0,50.0,Fit
169.3,67.4,Fit
180.3,86.8,Obese
170.7,64.2,Fit
176.3,60.1,Fit
177.2,84.1,Obese
153.8,51.0,Fit
169.8,68.8,Fit
175.9,65.4,Fit
160.2,57.6,Fit
156.3,49.3,Fit
170.8,82.3,Obese
148.7,58.2,Obese
153.0,65.7,Obese
157.7,48.4,Fit
170.0,48.9,Fit
167.4,59.3,Fit
176.4,88.6,Obese
154.9,50.2,Fit
154.3,60.8,Obese
170.8,56.0,Fit
156.2,47.1,Fit
158.4,54.5,Fit
144.6,62.9,Obese
168.2,71.0,Obese
182.0,56.4,Fit
153.7,57.3,Fit
176.2,59.1,Fit
164.3,54.0,Fit
145.6,50.7,Fit
155.2,64.2,Obese
154.5,63.3,Obese
161.5,60.0,Fit
169.6,66.1,Fit
185.3,86.3,Obese
149.3,36.4,Fit
159.7,70.7,Obese
155.1,47.1,Fit
151.1,52.3,Fit
166.0,56.7,Fit
165.0,50.7,Fit
145.0,50.0,Fit
165.2,61.9,Fit
151.7,49.8,Fit
165.1,58.8,Fit
179.0,82.7,Obese
170.1,81.2,Obese
167.0,71.3,Obese
159.2,58.0,Fit
165.7,47.3,Fit
171.2,69.5,Fit
170.1,69.0,Fit
163.9,65.3,Fit
167.4,52.5,Fit
150.5,56.6,Obese
156.9,66.7,Obese
172.8,57.8,Fit
174.3,72.3,Fit
166.0,54.2,Fit
181.3,71.5,Fit
170.6,56.4,Fit
162.4,55.2,Fit
151.6,47.8,Fit
180.8,75.2,Fit
173.5,73.3,Fit
184.8,84.8,Fit
188.8,73.2,Fit
150.8,52.9,Fit
150.9,41.3,Fit
133.5,38.3,Fit
175.1,67.8,Fit
172.2,57.9,Fit
166.1,65.2,Fit
151.5,49.3,Fit
164.0,60.4,Fit
167.0,71.2,Obese
173.6,62.9,Fit
168.0,68.9,Fit
172.3,76.9,Obese
163.6,70.0,Obese
178.0,68.2,Fit
171.9,57.3,Fit
151.9,45.1,Fit
180.3,58.8,Fit
178.5,75.6,Fit
170.1,69.7,Fit
168.1,63.1,Fit
183.2,62.9,Fit
147.0,44.6,Fit
178.7,81.3,Obese
159.8,61.0,Fit
177.0,75.2,Fit
166.3,87.3,Obese
151.3,53.0,Fit
159.5,38.7,Fit
176.2,59.5,Fit
162.7,60.7,Fit
158.2,55.2,Fit
158.1,53.6,Fit
172.1,63.9,Fit
184.3,68.4,Fit
141.5,47.0,Fit
195.8,95.5,Fit
167.2,75.4,Obese
171.4,78.3,Obese
160.2,48.8,Fit
165.0,59.7,Fit
167.1,58.9,Fit
153.5,56.5,Fit
156.1,53.0,Fit
178.0,67.9,Fit
147.9,59.8,Obese
169.9,64.3,Fit
160.9,58.0,Fit
154.4,55.8,Fit
186.7,82.1,Fit
154.5,58.0,Fit
152.6,63.6,Obese
162.9,48.1,Fit
156.5,56.5,Fit
165.1,59.1,Fit
166.7,58.7,Fit
167.6,67.8,Fit
163.6,69.3,Obese
157.3,49.7,Fit
172.1,78.6,Obese
163.8,47.6,Fit
159.5,60.7,Fit
181.3,65.2,Fit
163.7,53.8,Fit
177.0,69.4,Fit
178.5,66.9,Fit
179.2,47.7,Fit
172.6,70.4,Fit
165.0,66.1,Fit
164.3,58.1,Fit
162.3,56.0,Fit
141.2,40.9,Fit
172.9,52.1,Fit
167.7,47.3,Fit
174.1,73.1,Fit
163.7,67.5,Obese
172.3,70.1,Fit
149.8,52.4,Fit
152.1,57.2,Fit
137.8,47.5,Obese
163.5,52.5,Fit
156.5,55.7,Fit
155.1,50.5,Fit
168.7,60.3,Fit
160.3,65.7,Obese
149.2,61.6,Obese
193.0,63.2,Fit
164.6,57.6,Fit
153.1,49.1,Fit
157.6,64.0,Obese
163.1,46.9,Fit
163.1,34.6,Fit
179.3,77.3,Fit
164.1,67.0,Fit
185.4,61.4,Fit
160.2,55.5,Fit
169.7,75.6,Obese
176.2,59.7,Fit
178.1,70.6,Fit
179.4,74.9,Fit
162.0,46.3,Fit
164.9,55.3,Fit
137.7,28.2,Fit
162.8,57.0,Fit
177.0,62.6,Fit
174.9,68.9,Fit
164.0,64.3,Fit
183.7,85.3,Obese
160.8,75.5,Obese
157.1,56.0,Fit
159.9,53.7,Fit
152.7,48.3,Fit
171.8,57.2,Fit
168.2,65.8,Fit
171.7,60.9,Fit
160.4,60.8,Fit
164.4,52.0,Fit
141.0,40.0,Fit
169.1,66.4,Fit
166.1,59.7,Fit
152.9,36.1,Fit
163.8,58.9,Fit
162.2,51.4,Fit
184.4,84.3,Fit
153.3,59.5,Obese
168.6,44.3,Fit
153.0,57.9,Fit
158.9,58.6,Fit
168.0,50.3,Fit
162.7,65.2,Fit
164.9,49.6,Fit
168.7,71.7,Obese
159.6,50.8,Fit
174.7,55.0,Fit
161.6,74.4,Obese
163.9,46.7,Fit
169.0,56.4,Fit
167.5,56.8,Fit
172.1,61.5,Fit
168.5,68.0,Fit
170.2,64.2,Fit
161.4,65.4,Obese
153.2,54.6,Fit
149.3,35.7,Fit
146.6,51.7,Fit
184.4,76.7,Fit
140.7,38.5,Fit
178.1,86.4,Obese
156.0,58.4,Fit
178.1,77.3,Fit
140.8,51.4,Obese
162.4,54.7,Fit
181.0,77.1,Fit
172.8,68.3,Fit
161.3,52.8,Fit
143.6,35.6,Fit
150.5,50.0,Fit
180.3,76.2,Fit
161.2,57.3,Fit
164.2,57.9,Fit
168.1,62.4,Fit
150.7,47.6,Fit
169.5,75.6,Obese
160.4,58.8,Fit
168.2,58.4,Fit
158.6,40.9,Fit
147.7,46.4,Fit
160.3,51.9,Fit
172.0,60.2,Fit
169.3,70.6,Fit
165.3,60.8,Fit
174.9,53.8,Fit
162.8,63.2,Fit
165.6,47.7,Fit
159.7,61.7,Fit
175.5,64.0,Fit
168.2,62.9,Fit
158.9,55.3,Fit
148.6,47.4,Fit
177.2,70.7,Fit
156.8,54.8,Fit
165.8,75.4,Obese
190.9,81.9,Fit
173.8,68.4,Fit
182.7,67.8,Fit
159.1,58.7,Fit
176.8,60.6,Fit
165.3,69.3,Obese
169.0,51.0,Fit
187.2,70.4,Fit
161.9,44.7,Fit
165.2,63.4,Fit
155.1,49.5,Fit
174.8,72.7,Fit
158.8,47.7,Fit
176.2,72.6,Fit
146.9,52.1,Fit
171.0,66.1,Fit
157.9,55.1,Fit
173.0,67.0,Fit
164.9,52.5,Fit
159.1,47.1,Fit
160.7,61.2,Fit
155.6,50.3,Fit
174.2,70.4,Fit
153.5,64.2,Obese
162.1,54.1,Fit
168.8,57.9,Fit
182.7,70.9,Fit
164.9,60.1,Fit
162.3,62.9,Fit
168.0,61.9,Fit
142.2,61.1,Obese
151.8,54.1,Fit
160.9,63.2,Fit
157.2,54.0,Fit
147.4,55.9,Obese
174.4,65.3,Fit
167.9,56.8,Fit
166.5,68.3,Fit
157.4,54.0,Fit
165.9,62.5,Fit
170.7,71.9,Fit
162.1,58.9,Fit
169.9,62.3,Fit
156.2,49.4,Fit
166.1,69.2,Obese
177.6,66.6,Fit
178.6,69.7,Fit
179.6,73.3,Fit
168.1,64.5,Fit
165.3,68.3,Fit
160.1,55.8,Fit
145.1,57.3,Obese
150.2,47.6,Fit
163.2,61.5,Fit
163.8,57.6,Fit
180.5,88.4,Obese
179.5,68.1,Fit
157.4,52.5,Fit
174.0,67.5,Fit
159.8,54.0,Fit
172.5,68.0,Fit
173.9,76.3,Obese
178.7,71.4,Fit
159.6,57.5,Fit
176.2,66.4,Fit
144.4,41.8,Fit
179.3,71.5,Fit
164.7,59.8,Fit
165.0,69.3,Obese
142.6,37.1,Fit
160.7,68.5,Obese
179.9,70.0,Fit
160.3,57.7,Fit
172.8,57.2,Fit
165.4,64.7,Fit
176.7,61.0,Fit
167.1,64.4,Fit
154.8,54.9,Fit
165.6,57.7,Fit
182.6,56.8,Fit
170.5,81.2,Obese
163.7,50.5,Fit
189.8,81.4,Fit
177.8,63.7,Fit
174.0,75.0,Fit
168.5,59.4,Fit
173.0,59.9,Fit
173.4,70.9,Fit
141.0,33.6,Fit
169.3,59.8,Fit
163.2,64.1,Fit
159.5,68.0,Obese
162.9,50.6,Fit
147.9,43.2,Fit
145.1,49.2,Fit
178.7,54.3,Fit
170.1,74.5,Obese
138.5,34.2,Fit
158.7,51.9,Fit
174.7,69.2,Fit
161.9,58.1,Fit
178.7,62.5,Fit
176.5,82.3,Obese
150.1,28.9,Fit
163.4,49.8,Fit
160.1,51.3,Fit
149.7,41.7,Fit
149.0,58.6,Obese
156.1,40.4,Fit
157.9,67.3,Obese
168.1,60.0,Fit
176.5,57.6,Fit
170.7,47.3,Fit
173.3,64.3,Fit
162.1,52.2,Fit
171.6,66.7,Fit
163.4,55.1,Fit
160.1,64.1,Fit
185.9,74.9,Fit
139.4,39.3,Fit
144.4,53.7,Obese
169.2,64.8,Fit
162.1,64.0,Fit
149.2,58.2,Obese
153.4,49.4,Fit
154.8,53.0,Fit
174.8,74.0,Fit
178.3,50.4,Fit
183.0,72.9,Fit
147.5,46.1,Fit
150.0,52.5,Fit
149.2,42.6,Fit
179.2,79.4,Fit
169.6,57.4,Fit
165.9,56.9,Fit
167.5,56.4,Fit
164.4,69.3,Obese
152.7,34.6,Fit
170.6,78.4,Obese
163.0,70.2,Obese
151.8,46.2,Fit
171.3,72.8,Fit
160.3,57.6,Fit
167.5,74.9,Obese
163.6,66.5,Fit
174.8,84.8,Obese
167.4,49.2,Fit
155.3,54.6,Fit
168.5,48.7,Fit
168.9,58.6,Fit
170.6,82.0,Obese
176.4,72.2,Fit
158.2,63.0,Obese
172.3,69.5,Fit
146.0,50.5,Fit
163.7,54.8,Fit
162.0,52.1,Fit
180.9,67.6,Fit
163.3,36.8,Fit
171.7,64.2,Fit
145.6,48.6,Fit
161.1,52.2,Fit
155.7,52.3,Fit
192.2,85.5,Fit
157.7,61.8,Fit
165.8,50.9,Fit
166.4,54.6,Fit
147.5,53.9,Fit
159.2,60.5,Fit
169.5,73.9,Obese
165.9,71.0,Obese
139.7,62.3,Obese
158.8,53.1,Fit
176.2,81.0,Obese
171.5,57.3,Fit
178.4,89.2,Obese
154.2,55.9,Fit
179.1,74.9,Fit
164.5,67.5,Fit
182.5,62.4,Fit
165.0,51.3,Fit
142.5,45.6,Fit
174.3,69.6,Fit
160.1,73.1,Obese
160.9,49.3,Fit
149.0,61.2,Obese
182.8,71.4,Fit
159.3,53.6,Fit
182.3,71.8,Fit
160.3,54.1,Fit
154.8,56.6,Fit
179.5,67.7,Fit
164.2,48.0,Fit
164.3,57.2,Fit
150.9,53.8,Fit
160.0,45.1,Fit
169.7,68.0,Fit
150.7,59.4,Obese
159.1,67.5,Obese
160.4,59.3,Fit
165.7,46.0,Fit
181.3,77.5,Fit
161.7,65.3,Fit
157.4,48.9,Fit
195.2,83.3,Fit
160.2,60.4,Fit
162.9,72.7,Obese
161.1,55.0,Fit
162.0,64.8,Fit
165.9,63.0,Fit
175.1,69.1,Fit
169.4,73.8,Obese
176.8,62.2,Fit
176.5,70.4,Fit
167.3,61.8,Fit
169.1,50.9,Fit
177.2,78.9,Obese
152.8,58.0,Fit
192.5,81.8,Fit
159.4,53.8,Fit
161.1,57.1,Fit
151.7,56.3,Fit
152.0,51.2,Fit
175.7,62.6,Fit
190.0,75.3,Fit
158.8,55.4,Fit
168.8,55.2,Fit
167.4,64.3,Fit
176.0,61.8,Fit
189.4,71.3,Fit
181.7,98.2,Obese
162.4,73.5,Obese
170.8,65.3,Fit
171.9,71.8,Fit
164.8,67.9,Obese
152.9,50.9,Fit
156.2,55.9,Fit
177.6,67.3,Fit
178.8,80.4,Obese
162.7,68.4,Obese
167.9,74.5,Obese
178.2,72.0,Fit
146.3,64.4,Obese
160.1,55.8,Fit
187.2,93.5,Obese
168.3,58.6,Fit
152.6,40.8,Fit
166.3,77.1,Obese
176.2,73.6,Fit
137.0,45.4,Fit
166.9,58.4,Fit
160.9,50.2,Fit
146.9,41.5,Fit
165.9,61.7,Fit
163.5,57.6,Fit
164.7,44.2,Fit
161.2,70.7,Obese
153.8,48.7,Fit
149.0,58.7,Obese
157.4,48.9,Fit
174.5,68.2,Fit
167.6,69.5,Fit
164.2,66.0,Fit
153.6,49.7,Fit
160.9,61.0,Fit
173.1,71.3,Fit
170.6,62.8,Fit
159.8,47.2,Fit
136.3,35.9,Fit
157.6,51.6,Fit
159.7,56.3,Fit
155.0,65.6,Obese
160.5,63.9,Fit
174.0,60.1,Fit
164.6,74.3,Obese
175.9,67.4,Fit
148.4,53.8,Fit
161.6,50.0,Fit
143.7,41.8,Fit
160.3,64.8,Obese
153.5,44.8,Fit
179.1,71.0,Fit
169.5,67.0,Fit
176.2,60.1,Fit
160.3,42.3,Fit
153.8,59.3,Obese
153.4,74.7,Obese
167.9,65.7,Fit
184.9,80.4,Fit
169.5,56.2,Fit
160.9,68.7,Obese
162.9,55.4,Fit
164.7,69.0,Obese
187.3,82.0,Fit
178.6,75.2,Fit
167.9,66.7,Fit
166.2,65.3,Fit
168.3,64.6,Fit
170.4,71.7,Fit
160.5,50.8,Fit
155.7,51.4,Fit
176.4,80.2,Obese
165.2,61.5,Fit
175.4,65.1,Fit
183.1,82.0,Fit
170.7,70.8,Fit
168.9,52.4,Fit
200.2,94.0,Fit
167.3,62.7,Fit
153.0,57.2,Fit
161.9,57.8,Fit
182.1,76.6,Fit
150.8,35.4,Fit
156.7,46.9,Fit
177.2,75.0,Fit
162.0,78.7,Obese
163.8,62.0,Fit
176.8,63.2,Fit
157.1,55.4,Fit
148.8,41.6,Fit
149.7,59.3,Obese
171.4,65.0,Fit
167.9,70.4,Fit
157.4,53.3,Fit
152.3,60.1,Obese
162.0,44.8,Fit
177.3,69.3,Fit
155.8,57.7,Fit
157.7,52.6,Fit
151.9,53.6,Fit
161.0,59.7,Fit
168.7,71.0,Fit
188.3,82.9,Fit
167.4,64.8,Fit
164.4,66.5,Fit
174.5,56.2,Fit
172.7,59.6,Fit
158.6,44.3,Fit
190.3,84.1,Fit
164.7,63.0,Fit
167.6,72.9,Obese
171.1,67.2,Fit
168.8,57.6,Fit
181.8,73.8,Fit
158.5,40.3,Fit
173.6,63.0,Fit
166.8,42.4,Fit
175.8,70.6,Fit
162.6,56.0,Fit
161.1,56.1,Fit
173.1,58.4,Fit
168.9,57.4,Fit
156.0,59.1,Fit
179.8,59.6,Fit
173.1,69.9,Fit
164.2,52.8,Fit
159.8,42.8,Fit
169.0,72.6,Obese
172.3,75.9,Obese
147.5,43.5,Fit
169.1,58.5,Fit
172.2,63.2,Fit
139.1,36.1,Fit
167.2,56.4,Fit
172.6,69.2,Fit
171.4,81.2,Obese
173.8,63.6,Fit
161.4,65.5,Obese
153.6,54.7,Fit
145.2,33.0,Fit
177.0,68.7,Fit
172.7,64.4,Fit
177.9,81.3,Obese
157.0,66.3,Obese
173.8,69.5,Fit
148.5,58.2,Obese
155.4,52.0,Fit
166.4,69.9,Obese
172.3,66.1,Fit
183.5,82.8,Fit
162.4,67.6,Obese
155.5,58.9,Fit
154.9,46.9,Fit
157.4,51.2,Fit
189.4,85.0,Fit
173.3,73.2,Fit
177.2,70.4,Fit
162.4,55.5,Fit
165.0,61.4,Fit
172.7,63.4,Fit
159.4,53.7,Fit
161.8,73.3,Obese
157.6,50.8,Fit
160.1,60.4,Fit
165.5,61.5,Fit
156.0,43.7,Fit
168.1,52.1,Fit
168.1,61.5,Fit
163.0,42.9,Fit
155.9,68.1,Obese
166.2,57.8,Fit
159.4,52.4,Fit
165.5,70.1,Obese
177.1,67.9,Fit
151.2,55.5,Fit
188.9,73.9,Fit
164.2,59.7,Fit
169.5,71.0,Fit
156.7,47.1,Fit
177.6,73.6,Fit
163.6,39.6,Fit
160.7,66.9,Obese
158.7,50.9,Fit
162.0,57.1,Fit
169.6,62.5,Fit
166.9,53.5,Fit
164.6,51.2,Fit
157.2,58.5,Fit
156.5,58.5,Fit
159.9,49.2,Fit
170.1,68.0,Fit
172.3,69.8,Fit
173.8,63.4,Fit
165.0,49.5,Fit
169.2,62.7,Fit
163.1,61.5,Fit
145.8,46.3,Fit
162.6,53.4,Fit
160.9,60.7,Fit
153.6,62.0,Obese
158.8,49.3,Fit
166.5,58.6,Fit
152.5,73.1,Obese
157.2,56.7,Fit
182.0,62.8,Fit
147.4,44.0,Fit
163.0,52.4,Fit
152.2,54.0,Fit
156.7,56.5,Fit
162.8,53.2,Fit
154.1,67.1,Obese
171.3,65.2,Fit
179.9,67.5,Fit
174.3,57.0,Fit
176.3,61.2,Fit
149.8,39.4,Fit
162.3,56.4,Fit
170.1,56.6,Fit
174.6,73.3,Fit
184.3,70.0,Fit
176.8,75.5,Fit
174.9,71.2,Fit
194.0,87.9,Fit
166.1,67.8,Fit
161.8,73.6,Obese
167.0,54.5,Fit
154.9,59.6,Fit
165.7,63.6,Fit
146.0,55.4,Obese
159.2,56.6,Fit
163.7,68.4,Obese
175.4,57.4,Fit
177.2,61.1,Fit
154.4,47.9,Fit
187.8,77.0,Fit
166.6,61.5,Fit
167.6,55.9,Fit
147.2,39.7,Fit
158.2,49.8,Fit
176.5,54.9,Fit
166.9,59.0,Fit
166.2,60.3,Fit
167.5,65.3,Fit
149.1,50.3,Fit
163.9,73.5,Obese
180.5,78.2,Fit
177.0,74.8,Fit
163.6,61.8,Fit
182.2,77.3,Fit
151.1,48.5,Fit
154.3,53.2,Fit
185.5,91.1,Obese
171.4,64.0,Fit
161.8,47.0,Fit
164.4,65.0,Fit
156.1,60.6,Fit
168.0,63.4,Fit
167.2,46.5,Fit
165.2,70.3,Obese
152.2,52.8,Fit
167.9,59.5,Fit
159.2,65.2,Obese
154.2,36.1,Fit
178.9,71.3,Fit
188.9,74.1,Fit
186.4,88.4,Obese
172.2,67.1,Fit
162.1,50.9,Fit
164.2,68.4,Obese
169.5,43.5,Fit
160.4,60.6,Fit
179.5,60.8,Fit
142.6,41.0,Fit
161.7,55.6,Fit
173.8,73.7,Fit
155.7,71.0,Obese
162.4,43.8,Fit
171.5,68.3,Fit
181.7,90.3,Obese
150.8,45.4,Fit
150.0,44.4,Fit
154.6,54.5,Fit
148.1,54.9,Obese
148.9,54.0,Fit
154.3,49.5,Fit
178.6,63.7,Fit
161.6,68.0,Obese
165.3,53.9,Fit
154.5,37.2,Fit
172.0,53.4,Fit
185.6,71.2,Fit
155.2,65.0,Obese
184.0,65.0,Fit
169.0,75.0,Obese
165.2,70.5,Obese
169.4,64.9,Fit
169.3,42.7,Fit
185.4,66.2,Fit
170.7,59.1,Fit
171.0,78.1,Obese
160.4,52.0,Fit
174.2,60.6,Fit
154.5,54.0,Fit
166.2,49.5,Fit
196.7,84.9,Fit
137.5,35.2,Fit
167.6,83.3,Obese
168.0,54.7,Fit
162.5,73.5,Obese
162.8,49.2,Fit
166.0,62.7,Fit
162.2,61.9,Fit
167.4,62.8,Fit
159.6,56.7,Fit
187.2,84.0,Fit
162.2,61.2,Fit
171.3,63.1,Fit
157.6,49.3,Fit
175.3,66.3,Fit
173.1,64.5,Fit
169.6,61.7,Fit
153.7,52.6,Fit
156.7,42.8,Fit
183.5,65.9,Fit
156.6,60.6,Fit
172.0,47.1,Fit
154.6,62.2,Obese
176.1,63.7,Fit
157.4,67.9,Obese
154.4,62.3,Obese
157.2,51.7,Fit
158.9,53.8,Fit
169.5,75.9,Obese
165.8,70.6,Obese
153.0,59.3,Obese
164.7,68.8,Obese
152.4,42.4,Fit
172.1,66.8,Fit
174.1,60.5,Fit
164.7,50.8,Fit
168.0,63.4,Fit
184.3,71.4,Fit
163.3,57.3,Fit
154.6,48.6,Fit
171.4,54.6,Fit
152.5,64.8,Obese
162.7,59.5,Fit
158.4,43.7,Fit
157.3,55.9,Fit
162.2,70.1,Obese
174.9,75.0,Fit
177.2,64.9,Fit
175.2,63.6,Fit
168.7,55.0,Fit
162.2,51.9,Fit
139.1,37.3,Fit
169.0,51.1,Fit
139.9,39.5,Fit
143.8,48.3,Fit
163.2,55.3,Fit
167.9,63.8,Fit
160.0,69.3,Obese
181.9,87.5,Obese
170.1,63.1,Fit
162.3,65.0,Fit
180.2,70.1,Fit
182.2,69.1,Fit
170.6,55.1,Fit
156.5,54.6,Fit
158.9,64.3,Obese
149.1,38.7,Fit
164.5,57.3,Fit
153.4,49.1,Fit
161.4,59.3,Fit
167.9,64.1,Fit
143.2,49.4,Fit
151.1,65.4,Obese
159.4,49.0,Fit
164.4,52.1,Fit
159.6,58.0,Fit
162.0,69.4,Obese
157.2,42.7,Fit
149.1,51.5,Fit
159.1,54.1,Fit
162.7,65.0,Fit
161.6,62.5,Fit
166.2,61.2,Fit
169.6,67.2,Fit
172.5,60.2,Fit
158.0,61.3,Fit
147.7,59.1,Obese
179.0,71.3,Fit
169.2,59.7,Fit
154.5,51.4,Fit
168.1,68.5,Fit
176.7,68.4,Fit
184.0,64.9,Fit
167.8,69.5,Fit
176.7,60.8,Fit
151.7,54.0,Fit
164.6,44.7,Fit
161.3,58.1,Fit
168.8,62.1,Fit
182.7,57.7,Fit
167.7,64.6,Fit
154.7,43.8,Fit
151.1,50.9,Fit
183.1,70.5,Fit
170.7,52.2,Fit
169.9,55.2,Fit
161.2,49.5,Fit
167.9,69.9,Fit
154.1,59.0,Fit
169.3,80.6,Obese
152.1,46.8,Fit
161.0,52.7,Fit
157.9,55.9,Fit
129.2,33.9,Fit
161.2,52.5,Fit
155.1,53.4,Fit
162.7,63.9,Fit
165.0,43.0,Fit
184.4,70.3,Fit
168.4,51.1,Fit
168.7,61.4,Fit
170.5,67.4,Fit
174.6,76.0,Fit
170.0,60.1,Fit
168.1,63.0,Fit
172.8,52.3,Fit
138.3,35.2,Fit
188.0,79.4,Fit
182.5,62.4,Fit
167.4,71.5,Obese
149.5,53.3,Fit
178.3,62.7,Fit
157.4,42.6,Fit
170.9,58.5,Fit
150.9,42.9,Fit
189.5,69.3,Fit
149.1,37.7,Fit
165.8,58.6,Fit
141.7,50.0,Fit
164.5,53.9,Fit
160.3,60.1,Fit
177.5,66.7,Fit
160.3,61.4,Fit
177.5,63.0,Fit
153.7,54.2,Fit
161.9,58.6,Fit
162.1,68.7,Obese
170.5,68.4,Fit
169.1,64.9,Fit
172.9,54.0,Fit
167.9,57.8,Fit
172.3,58.9,Fit
155.1,46.4,Fit
169.3,63.2,Fit
182.7,75.4,Fit
146.5,49.5,Fit
170.4,74.0,Obese
172.4,69.3,Fit
181.1,62.3,Fit
173.0,67.5,Fit
166.1,65.4,Fit
169.7,73.5,Obese
156.9,52.9,Fit
160.7,55.7,Fit
150.3,58.3,Obese
181.4,73.8,Fit
170.0,50.8,Fit
154.9,38.3,Fit
168.0,76.8,Obese
177.8,55.8,Fit
175.9,66.7,Fit
154.8,59.8,Fit
130.5,23.4,Fit
169.3,54.4,Fit
155.2,43.0,Fit
171.8,79.4,Obese
175.5,83.9,Obese
177.2,63.2,Fit
184.2,79.3,Fit
178.6,72.6,Fit
184.2,72.4,Fit
180.2,58.4,Fit
181.1,90.6,Obese
164.6,45.0,Fit
150.8,51.7,Fit
192.3,76.2,Fit
165.7,68.5,Fit
178.5,76.9,Fit
158.9,47.8,Fit
175.6,61.5,Fit
138.1,29.6,Fit
160.5,58.2,Fit
163.9,64.8,Fit
170.1,60.1,Fit
176.8,66.8,Fit
153.0,66.7,Obese
172.3,72.8,Fit
178.5,80.9,Obese
190.8,62.2,Fit
172.8,70.0,Fit
159.9,58.3,Fit
151.0,40.2,Fit
185.1,67.0,Fit
173.1,64.2,Fit
164.8,49.0,Fit
147.2,41.3,Fit
154.8,49.0,Fit
171.9,69.6,Fit
168.9,57.1,Fit
143.6,41.8,Fit
172.0,73.2,Fit
147.7,33.9,Fit
179.9,73.0,Fit
167.3,64.7,Fit
159.9,59.6,Fit
175.9,64.1,Fit
168.9,54.2,Fit
179.6,83.1,Obese
165.9,53.7,Fit
166.5,52.1,Fit
161.9,57.8,Fit
167.9,56.1,Fit
183.7,82.6,Fit
159.5,53.8,Fit
172.1,74.6,Obese
155.3,56.7,Fit
142.3,41.4,Fit
167.3,70.5,Obese
169.1,57.7,Fit
163.8,56.5,Fit
148.5,52.8,Fit
168.3,64.2,Fit
167.9,56.7,Fit
155.2,40.7,Fit
150.1,49.4,Fit
162.2,52.1,Fit
172.2,65.5,Fit
169.6,59.9,Fit
155.3,47.3,Fit
166.5,58.8,Fit
174.8,66.6,Fit
152.1,56.5,Fit
165.7,63.8,Fit
179.7,87.8,Obese
151.0,51.3,Fit
177.7,64.1,Fit
182.8,72.2,Fit
162.6,62.7,Fit
161.2,65.2,Obese
176.4,79.2,Obese
163.0,50.3,Fit
139.1,52.8,Obese
163.9,58.7,Fit
170.2,56.3,Fit
173.1,64.3,Fit
155.3,62.8,Obese
162.0,61.4,Fit
175.7,58.3,Fit
164.3,49.8,Fit
148.2,38.5,Fit
178.6,64.3,Fit
162.6,58.8,Fit
177.0,59.9,Fit
149.6,45.8,Fit
163.7,70.1,Obese
170.6,77.0,Obese
164.0,71.6,Obese
152.0,36.5,Fit
138.7,55.7,Obese
181.8,73.4,Fit
167.7,62.5,Fit
177.8,77.8,Fit
175.2,73.2,Fit
171.6,49.8,Fit
161.5,52.5,Fit
170.4,60.9,Fit
180.8,61.2,Fit
165.9,68.5,Fit
185.9,87.6,Obese
148.5,48.4,Fit
147.3,50.1,Fit
175.9,68.0,Fit
156.0,54.3,Fit
187.5,86.3,Fit
179.7,56.9,Fit
182.5,77.1,Fit
174.7,67.3,Fit
154.9,47.1,Fit
146.7,43.3,Fit
181.4,87.1,Obese
148.5,37.9,Fit
182.4,71.9,Fit
172.4,78.4,Obese
164.2,49.1,Fit
169.9,59.8,Fit
170.1,64.0,Fit
162.8,61.6,Fit
180.7,71.2,Fit
180.3,64.4,Fit
166.7,64.7,Fit
158.4,54.4,Fit
179.4,75.8,Fit
142.8,52.2,Obese
169.9,51.6,Fit
173.1,74.2,Fit
155.9,51.4,Fit
175.7,74.5,Fit
164.7,63.6,Fit
159.0,70.4,Obese
175.6,67.9,Fit
153.1,48.3,Fit
174.6,62.9,Fit
143.2,36.8,Fit
168.1,68.7,Fit
165.5,51.4,Fit
159.1,62.1,Fit
169.3,61.3,Fit
164.1,45.2,Fit
176.6,80.5,Obese
171.2,37.4,Fit
170.0,62.9,Fit
168.2,64.1,Fit
159.8,37.7,Fit
161.7,61.0,Fit
167.7,56.5,Fit
163.1,56.5,Fit
177.2,79.8,Obese
166.0,61.8,Fit
169.1,60.1,Fit
149.6,47.9,Fit
175.4,81.9,Obese
158.6,58.6,Fit
153.5,44.8,Fit
183.1,69.9,Fit
172.7,56.1,Fit
175.7,64.3,Fit
170.0,76.4,Obese
164.0,57.8,Fit
161.9,47.0,Fit
173.6,69.7,Fit
177.5,66.1,Fit
164.2,63.8,Fit
187.8,75.7,Fit
162.8,69.9,Obese
149.7,42.0,Fit
146.1,37.6,Fit
146.4,54.7,Obese
160.4,40.6,Fit
162.4,56.7,Fit
172.5,71.9,Fit
164.7,42.1,Fit
174.3,67.3,Fit
165.5,48.3,Fit
165.1,45.2,Fit
158.6,46.8,Fit
180.6,70.3,Fit
148.2,42.6,Fit
168.3,71.2,Obese
163.0,59.1,Fit
173.6,62.4,Fit
164.8,49.2,Fit
165.1,61.8,Fit
162.1,74.3,Obese
180.3,65.9,Fit
165.0,55.2,Fit
186.7,68.2,Fit
168.0,71.6,Obese
165.2,67.5,Fit
163.4,55.2,Fit
171.2,59.7,Fit
158.5,47.7,Fit
166.6,58.8,Fit
165.1,68.1,Fit
168.6,62.9,Fit
168.9,73.0,Obese
169.4,57.4,Fit
166.0,42.2,Fit
182.3,93.9,Obese
169.6,65.0,Fit
193.7,88.7,Fit
165.5,54.0,Fit
175.5,56.9,Fit
157.0,55.5,Fit
180.4,55.7,Fit
157.3,52.3,Fit
170.0,71.8,Fit
162.1,61.4,Fit
170.0,65.6,Fit
162.4,72.0,Obese
156.3,56.8,Fit
162.0,42.5,Fit
182.0,71.6,Fit
170.1,79.1,Obese
150.8,47.6,Fit
177.0,83.9,Obese
155.2,61.2,Obese
173.2,62.7,Fit
171.1,55.8,Fit
171.8,67.6,Fit
185.4,85.8,Fit
155.9,40.8,Fit
171.7,65.8,Fit
178.9,54.0,Fit
157.9,52.2,Fit
156.8,40.8,Fit
161.8,62.1,Fit
168.6,57.0,Fit
149.5,58.4,Obese
171.1,60.1,Fit
149.5,44.1,Fit
179.2,57.7,Fit
170.7,67.2,Fit
186.0,80.1,Fit
172.4,72.9,Fit
161.6,62.7,Fit
156.2,56.9,Fit
167.6,66.6,Fit
164.7,65.2,Fit
178.0,77.0,Fit
154.8,40.5,Fit
187.2,73.4,Fit
179.0,57.5,Fit
162.8,60.9,Fit
184.8,88.2,Obese
156.4,61.0,Fit
167.3,56.7,Fit
151.0,54.2,Fit
185.3,78.3,Fit
146.9,49.3,Fit
149.2,38.5,Fit
158.0,65.5,Obese
179.5,61.5,Fit
175.5,64.8,Fit
166.3,68.5,Fit
176.2,65.3,Fit
163.7,59.6,Fit
169.6,64.3,Fit
183.2,74.3,Fit
162.3,58.9,Fit
156.6,55.6,Fit
170.2,64.3,Fit
173.1,58.8,Fit
166.2,48.4,Fit
176.0,76.2,Fit
162.8,66.6,Obese
166.4,63.6,Fit
169.1,65.6,Fit
168.2,54.9,Fit
182.7,54.0,Fit
169.1,60.9,Fit
161.7,42.3,Fit
170.8,65.7,Fit
176.1,78.7,Obese
173.5,61.3,Fit
172.9,61.3,Fit
148.5,40.5,Fit
137.6,42.0,Fit
179.0,70.2,Fit
169.8,55.3,Fit
164.8,67.0,Fit
172.6,87.2,Obese
186.2,85.8,Fit
180.5,70.8,Fit
175.6,66.8,Fit
155.2,48.9,Fit
156.7,49.7,Fit
138.7,50.0,Obese
172.0,73.1,Fit
177.2,59.7,Fit
178.1,72.7,Fit
172.4,74.3,Fit
163.3,55.9,Fit
158.8,53.8,Fit
155.9,59.1,Fit
163.2,64.4,Fit
154.2,55.8,Fit
184.3,76.8,Fit
150.7,53.1,Fit
162.8,56.1,Fit
143.7,36.5,Fit
168.3,49.8,Fit
165.0,64.6,Fit
161.1,57.9,Fit
154.7,56.3,Fit
165.0,53.3,Fit
159.0,56.4,Fit
163.5,59.4,Fit
186.5,86.8,Fit
166.9,68.1,Fit
170.9,58.3,Fit
159.9,60.3,Fit
156.4,47.8,Fit
164.7,38.8,Fit
192.5,95.4,Obese
161.8,54.6,Fit
169.0,71.1,Fit
155.9,48.2,Fit
134.7,33.5,Fit
156.3,49.4,Fit
191.2,82.4,Fit
171.5,66.2,Fit
183.1,77.7,Fit
161.2,53.2,Fit
139.1,42.9,Fit
152.8,44.6,Fit
169.4,74.9,Obese
167.6,51.3,Fit
164.9,53.2,Fit
159.2,52.3,Fit
175.3,86.7,Obese
159.5,62.1,Fit
168.4,55.5,Fit
167.1,68.0,Fit
160.9,61.1,Fit
155.3,55.3,Fit
160.3,62.1,Fit
185.6,76.3,Fit
177.2,70.5,Fit
176.2,55.9,Fit
156.3,65.3,Obese
149.2,45.4,Fit
177.1,59.1,Fit
175.0,63.3,Fit
166.5,57.3,Fit
160.9,50.6,Fit
148.9,55.0,Fit
174.5,74.8,Fit
178.0,54.1,Fit
157.5,50.5,Fit
156.6,50.4,Fit
178.7,68.8,Fit
157.9,68.5,Obese
184.6,68.4,Fit
163.8,71.5,Obese
160.7,55.7,Fit
165.5,72.8,Obese
160.7,54.4,Fit
177.4,65.8,Fit
174.7,67.0,Fit
177.0,79.2,Obese
167.0,62.6,Fit
160.0,58.0,Fit
164.9,64.9,Fit
160.3,49.5,Fit
181.1,74.9,Fit
176.0,63.1,Fit
164.0,70.9,Obese
154.8,56.1,Fit
181.9,78.4,Fit
166.5,44.7,Fit
163.6,64.5,Fit
182.0,71.5,Fit
159.4,44.4,Fit
161.5,58.1,Fit
162.5,45.9,Fit
150.5,54.7,Fit
168.5,73.9,Obese
156.6,39.6,Fit
158.7,55.2,Fit
157.3,53.1,Fit
158.5,39.4,Fit
155.8,60.7,Obese
167.7,66.9,Fit
163.3,74.9,Obese
165.5,64.2,Fit
190.9,73.1,Fit
163.3,62.8,Fit
171.7,75.1,Obese
172.9,62.1,Fit
164.3,66.2,Fit
168.0,43.3,Fit
165.2,71.9,Obese
167.2,67.9,Fit
158.5,34.9,Fit
159.6,59.1,Fit
165.2,44.1,Fit
143.3,40.3,Fit
181.5,77.9,Fit
188.8,77.3,Fit
166.9,71.3,Obese
172.3,65.8,Fit
176.9,68.5,Fit
150.4,58.6,Obese
175.2,64.8,Fit
160.3,56.3,Fit
190.2,80.4,Fit
162.9,57.9,Fit
175.0,76.6,Obese
163.0,53.1,Fit
189.2,72.1,Fit
159.4,47.4,Fit
177.8,52.4,Fit
171.9,76.9,Obese
169.4,56.0,Fit
167.5,59.8,Fit
157.7,67.2,Obese
136.6,39.9,Fit
176.8,72.9,Fit
159.6,44.7,Fit
177.9,80.8,Obese
168.9,61.8,Fit
178.2,61.7,Fit
173.8,58.3,Fit
137.9,55.3,Obese
171.8,60.2,Fit
161.2,49.2,Fit
177.8,66.1,Fit
171.5,65.1,Fit
171.6,66.0,Fit
162.0,61.3,Fit
155.0,54.7,Fit
160.2,61.7,Fit
145.2,44.2,Fit
158.5,71.9,Obese
148.9,44.9,Fit
149.2,59.8,Obese
166.3,56.0,Fit
170.9,52.8,Fit
164.7,46.3,Fit
159.5,58.4,Fit
154.6,61.9,Obese
161.5,48.2,Fit
156.0,46.5,Fit
164.3,62.5,Fit
148.3,48.3,Fit
172.7,60.9,Fit
158.8,45.2,Fit
169.1,65.4,Fit
174.8,72.4,Fit
168.6,66.5,Fit
173.8,66.7,Fit
142.3,36.1,Fit
159.6,58.5,Fit
177.1,70.9,Fit
170.6,53.5,Fit
185.3,73.1,Fit
183.7,77.2,Fit
168.3,61.7,Fit
162.2,42.2,Fit
154.5,47.4,Fit
159.8,50.5,Fit
160.5,61.2,Fit
158.5,76.0,Obese
154.9,53.9,Fit
169.4,53.6,Fit
183.7,72.9,Fit
175.3,67.7,Fit
161.5,63.4,Fit
176.2,78.2,Obese
168.8,73.8,Obese
164.6,63.9,Fit
163.9,59.1,Fit
162.8,70.2,Obese
172.2,62.4,Fit
166.5,61.5,Fit
157.0,52.3,Fit
156.5,36.8,Fit
168.4,72.5,Obese
169.7,68.8,Fit
161.6,38.5,Fit
152.5,59.2,Obese
178.8,67.9,Fit
176.4,76.4,Fit
143.1,45.7,Fit
179.7,60.2,Fit
162.7,58.4,Fit
167.1,54.2,Fit
177.5,59.5,Fit
183.2,80.8,Fit
176.0,71.3,Fit
167.7,73.8,Obese
149.9,46.3,Fit
142.7,37.1,Fit
174.7,72.2,Fit
179.8,64.4,Fit
156.0,51.1,Fit
162.0,62.0,Fit
158.9,54.5,Fit
158.6,51.4,Fit
176.8,57.6,Fit
167.4,69.1,Fit
162.5,55.1,Fit
194.2,87.9,Fit
149.2,52.9,Fit
171.0,73.1,Fit
153.5,49.9,Fit
163.3,55.9,Fit
166.6,52.2,Fit
174.3,62.5,Fit
162.1,60.6,Fit
161.0,50.5,Fit
161.9,60.2,Fit
153.1,63.3,Obese
172.0,61.5,Fit
168.1,51.6,Fit
169.8,60.1,Fit
164.2,48.0,Fit
162.9,69.0,Obese
177.9,70.3,Fit
176.2,62.5,Fit
180.6,67.2,Fit
169.1,53.5,Fit
179.9,79.3,Fit
160.4,71.3,Obese
162.8,46.3,Fit
178.1,78.2,Fit
174.3,64.9,Fit
161.8,67.7,Obese
153.5,37.2,Fit
162.8,60.1,Fit
157.5,51.3,Fit
184.0,79.7,Fit
173.4,66.6,Fit
156.6,54.1,Fit
153.5,51.0,Fit
156.4,66.3,Obese
158.9,54.1,Fit
163.2,65.5,Fit
177.3,74.2,Fit
154.4,59.5,Fit
190.2,71.5,Fit
154.6,58.3,Fit
149.5,51.9,Fit
183.6,64.6,Fit
179.5,69.2,Fit
163.0,76.8,Obese
169.2,59.8,Fit
169.5,60.2,Fit
166.5,64.6,Fit
150.7,45.7,Fit
137.7,42.8,Fit
155.7,49.7,Fit
185.0,78.5,Fit
185.4,75.1,Fit
162.1,73.4,Obese
154.5,52.9,Fit
168.1,60.4,Fit
169.8,71.7,Fit
171.6,53.7,Fit
137.2,54.9,Obese
199.7,79.9,Fit
177.5,78.8,Obese
162.8,70.0,Obese
157.1,50.1,Fit
175.9,64.6,Fit
170.4,63.0,Fit
166.0,65.6,Fit
170.0,55.6,Fit
163.8,58.1,Fit
169.4,60.6,Fit
173.0,56.6,Fit
168.8,54.3,Fit
168.2,63.3,Fit
180.3,72.4,Fit
147.4,41.7,Fit
156.2,54.3,Fit
165.3,54.9,Fit
157.0,64.7,Obese
160.6,56.0,Fit
179.2,79.4,Fit
163.4,45.2,Fit
144.9,48.8,Fit
160.3,61.3,Fit
165.6,59.3,Fit
165.4,55.9,Fit
171.1,63.2,Fit
170.2,69.7,Fit
163.5,49.1,Fit
151.9,56.4,Fit
160.1,59.0,Fit
158.1,52.9,Fit
161.9,55.9,Fit
172.6,66.0,Fit
169.4,76.4,Obese
174.1,69.4,Fit
160.8,49.3,Fit
181.6,69.1,Fit
172.4,56.2,Fit
166.2,45.7,Fit
171.6,55.5,Fit
157.6,55.6,Fit
141.8,54.4,Obese
158.3,63.1,Obese
173.2,56.8,Fit
165.9,54.2,Fit
163.5,51.3,Fit
155.7,32.7,Fit
143.5,44.0,Fit
180.7,78.2,Fit
162.7,56.2,Fit
160.3,46.4,Fit
157.6,47.9,Fit
178.8,67.7,Fit
174.7,73.3,Fit
154.4,51.0,Fit
177.8,74.6,Fit
163.4,58.1,Fit
158.3,57.0,Fit
161.8,50.1,Fit
156.4,48.3,Fit
150.5,39.8,Fit
173.5,71.1,Fit
162.6,55.8,Fit
171.8,36.1,Fit
168.2,66.1,Fit
171.0,72.1,Fit
142.5,38.2,Fit
155.5,57.0,Fit
171.3,62.9,Fit
151.0,33.2,Fit
169.1,78.5,Obese
149.7,47.7,Fit
165.2,61.6,Fit
182.7,68.4,Fit
173.5,63.9,Fit
144.6,47.3,Fit
174.3,58.5,Fit
185.0,88.9,Obese
195.8,91.0,Fit
170.2,67.9,Fit
150.0,48.4,Fit
169.8,57.3,Fit
182.6,81.6,Fit
162.9,63.3,Fit
176.5,65.3,Fit
155.8,44.7,Fit
169.1,50.3,Fit
137.6,41.9,Fit
154.5,50.6,Fit
164.9,69.3,Obese
161.0,65.0,Obese
150.7,50.3,Fit
159.5,55.3,Fit
168.6,53.3,Fit
164.1,67.7,Obese
165.7,59.9,Fit
173.1,70.7,Fit
161.2,66.6,Obese
180.0,66.7,Fit
154.1,45.6,Fit
186.2,96.0,Obese
177.2,73.9,Fit
161.1,54.9,Fit
161.8,67.5,Obese
167.3,59.1,Fit
171.6,67.4,Fit
177.0,64.4,Fit
150.3,49.5,Fit
169.8,61.2,Fit
141.7,38.2,Fit
163.0,60.4,Fit
181.0,67.0,Fit
149.4,53.7,Fit
147.4,45.4,Fit
167.4,47.9,Fit
180.3,76.5,Fit
168.6,67.6,Fit
144.0,63.7,Obese
146.5,47.3,Fit
166.1,62.1,Fit
152.0,54.7,Fit
166.5,69.1,Fit
167.2,69.1,Fit
159.6,58.6,Fit
185.0,75.0,Fit
171.5,71.4,Fit
178.3,69.4,Fit
175.1,57.2,Fit
163.3,46.7,Fit
162.9,56.0,Fit
161.7,58.5,Fit
172.5,85.2,Obese
157.8,53.9,Fit
184.0,74.8,Fit
156.8,50.9,Fit
167.4,66.6,Fit
162.5,60.3,Fit
160.0,51.2,Fit
188.9,70.4,Fit
160.2,53.2,Fit
161.6,50.7,Fit
157.7,52.9,Fit
165.5,61.4,Fit
163.9,55.1,Fit
152.7,62.9,Obese
160.3,65.8,Obese
171.7,63.0,Fit
176.3,60.7,Fit
165.3,59.8,Fit
165.6,59.3,Fit
161.0,56.5,Fit
159.5,52.8,Fit
154.9,44.4,Fit
147.9,48.4,Fit
157.3,51.6,Fit
174.9,65.2,Fit
160.3,57.3,Fit
161.2,56.6,Fit
161.0,57.6,Fit
178.7,67.1,Fit
154.8,55.6,Fit
168.0,56.4,Fit
164.2,50.6,Fit
165.7,53.3,Fit
167.7,56.4,Fit
165.6,50.0,Fit
173.7,52.9,Fit
164.7,63.7,Fit
184.2,84.8,Obese
165.5,64.7,Fit
146.3,43.2,Fit
172.0,51.4,Fit
169.3,64.6,Fit
165.4,47.3,Fit
162.1,57.1,Fit
141.7,37.8,Fit
143.6,27.1,Fit
183.1,85.6,Obese
158.6,45.3,Fit
175.6,65.0,Fit
147.4,46.7,Fit
153.5,48.1,Fit
172.5,69.2,Fit
163.9,53.2,Fit
170.9,67.3,Fit
164.9,62.3,Fit
162.7,47.2,Fit
157.5,56.5,Fit
151.9,42.3,Fit
180.4,62.3,Fit
182.2,75.4,Fit
153.6,48.6,Fit
152.9,54.4,Fit
161.2,60.2,Fit
168.7,51.2,Fit
163.0,64.4,Fit
170.5,66.2,Fit
164.5,54.8,Fit
163.7,57.9,Fit
191.5,86.9,Fit
159.2,53.2,Fit
183.0,90.6,Obese
180.9,83.9,Obese
170.5,64.9,Fit
143.8,43.7,Fit
165.3,58.7,Fit
159.3,51.0,Fit
165.2,61.1,Fit
153.3,57.2,Fit
173.3,55.3,Fit
175.8,73.2,Fit
177.9,77.1,Fit
160.8,61.5,Fit
153.3,50.7,Fit
168.9,67.0,Fit
184.3,85.1,Obese
165.8,60.0,Fit
170.0,63.8,Fit
162.4,75.1,Obese
159.5,58.4,Fit
172.2,57.2,Fit
163.8,66.0,Fit
169.4,66.4,Fit
170.6,58.8,Fit
168.8,53.9,Fit
171.1,66.3,Fit
155.6,52.8,Fit
154.9,42.9,Fit
164.5,58.8,Fit
164.8,58.5,Fit
159.3,55.3,Fit
167.7,65.8,Fit
175.0,53.3,Fit
178.1,60.9,Fit
180.5,67.8,Fit
150.5,60.5,Obese
152.2,69.9,Obese
161.8,57.6,Fit
165.9,60.9,Fit
162.4,38.5,Fit
158.9,62.8,Fit
161.7,61.1,Fit
170.3,66.1,Fit
150.4,39.8,Fit
190.8,95.9,Obese
165.2,72.2,Obese
176.6,70.9,Fit
158.6,63.3,Obese
171.3,65.0,Fit
166.1,67.3,Fit
174.4,56.5,Fit
162.8,40.1,Fit
182.1,62.8,Fit
148.6,42.1,Fit
175.4,62.6,Fit
166.3,64.4,Fit
153.8,50.0,Fit
186.5,76.3,Fit
185.3,66.1,Fit
142.2,34.3,Fit
166.9,61.6,Fit
172.8,61.3,Fit
169.9,63.5,Fit
181.7,77.0,Fit
179.4,83.9,Obese
167.9,61.9,Fit
190.0,94.0,Obese
175.3,70.9,Fit
161.1,62.6,Fit
158.9,64.0,Obese
178.7,76.0,Fit
156.3,47.3,Fit
160.5,65.3,Obese
162.4,55.0,Fit
168.9,65.2,Fit
162.9,59.4,Fit
150.5,59.0,Obese
177.8,72.7,Fit
160.6,45.6,Fit
187.2,93.8,Obese
168.3,69.0,Fit
178.9,66.0,Fit
171.9,55.9,Fit
179.5,78.5,Fit
171.3,56.4,Fit
167.6,68.2,Fit
177.0,77.5,Fit
192.3,76.2,Fit
162.0,51.8,Fit
173.7,62.6,Fit
164.9,51.9,Fit
170.6,65.8,Fit
165.5,63.2,Fit
141.3,49.7,Fit
162.8,51.6,Fit
176.0,74.9,Fit
156.6,46.0,Fit
175.1,74.2,Fit
167.0,49.5,Fit
162.9,70.9,Obese
175.0,63.2,Fit
172.5,70.2,Fit
169.6,68.7,Fit
176.2,58.1,Fit
167.2,68.2,Fit
146.9,43.1,Fit
160.8,54.5,Fit
145.2,41.0,Fit
172.2,78.2,Obese
174.9,57.9,Fit
175.4,71.1,Fit
170.4,58.9,Fit
175.6,76.6,Fit
147.7,66.5,Obese
163.8,54.0,Fit
149.4,50.2,Fit
161.1,54.0,Fit
182.8,81.8,Fit
177.0,67.0,Fit
172.3,72.5,Fit
163.0,55.3,Fit
154.1,70.2,Obese
167.1,43.9,Fit
177.2,72.1,Fit
169.5,63.1,Fit
147.6,47.5,Fit
166.2,63.0,Fit
144.0,46.1,Fit
173.8,68.2,Fit
157.4,57.8,Fit
151.5,64.5,Obese
174.0,44.5,Fit
171.2,79.2,Obese
167.6,82.2,Obese
189.1,64.7,Fit
172.0,65.5,Fit
157.9,65.8,Obese
170.7,71.5,Fit
161.9,71.0,Obese
178.9,73.4,Fit
168.1,45.9,Fit
169.2,73.4,Obese
149.1,54.0,Fit
165.7,72.1,Obese
164.4,47.2,Fit
153.7,42.3,Fit
162.6,58.3,Fit
169.8,74.1,Obese
165.0,72.8,Obese
149.5,43.3,Fit
162.0,54.5,Fit
159.9,79.2,Obese
167.1,57.0,Fit
165.9,66.0,Fit
160.5,53.0,Fit
160.0,60.1,Fit
165.7,53.5,Fit
175.6,61.1,Fit
168.1,59.2,Fit
180.7,67.4,Fit
177.5,66.9,Fit
181.5,76.7,Fit
180.1,86.4,Obese
182.2,68.3,Fit
152.3,43.1,Fit
172.1,65.3,Fit
178.4,63.2,Fit
180.4,58.5,Fit
156.5,62.4,Obese
172.2,65.9,Fit
165.8,61.9,Fit
185.3,60.1,Fit
149.7,44.7,Fit
156.5,42.6,Fit
145.1,46.1,Fit
166.6,62.1,Fit
189.9,80.4,Fit
164.5,54.2,Fit
166.1,53.9,Fit
171.1,62.8,Fit
163.7,61.8,Fit
169.0,58.2,Fit
169.3,55.6,Fit
155.7,46.2,Fit
164.0,53.9,Fit
173.2,62.3,Fit
175.2,58.8,Fit
179.3,67.1,Fit
168.7,72.5,Obese
168.9,60.4,Fit
173.3,56.1,Fit
158.5,37.2,Fit
158.0,69.6,Obese
163.6,68.0,Obese
151.0,52.4,Fit
169.5,72.5,Obese
176.5,72.8,Fit
157.2,53.8,Fit
169.8,53.5,Fit
158.1,70.2,Obese
153.8,48.6,Fit
187.6,74.4,Fit
154.0,52.5,Fit
150.9,50.6,Fit
167.4,66.2,Fit
168.0,65.7,Fit
172.3,60.7,Fit
187.0,77.2,Fit
156.5,58.2,Fit
158.6,50.1,Fit
182.7,85.0,Obese
175.3,67.5,Fit
173.8,79.2,Obese
158.5,44.1,Fit
177.4,74.5,Fit
173.8,59.4,Fit
167.1,56.3,Fit
158.6,62.6,Fit
166.2,58.9,Fit
183.1,94.6,Obese
153.0,55.6,Fit
156.2,48.1,Fit
158.1,59.1,Fit
160.5,54.8,Fit
164.8,66.4,Fit
175.5,65.4,Fit
170.1,66.9,Fit
165.7,62.0,Fit
168.0,62.8,Fit
171.9,73.3,Fit
146.5,32.8,Fit
176.8,69.5,Fit
155.9,47.9,Fit
160.1,45.6,Fit
168.7,55.9,Fit
164.2,54.3,Fit
170.4,62.0,Fit
166.6,63.7,Fit
161.8,61.9,Fit
181.8,69.5,Fit
172.8,78.4,Obese
168.3,59.4,Fit
172.6,50.0,Fit
157.2,51.6,Fit
188.9,78.9,Fit
153.0,25.3,Fit
166.2,70.5,Obese
161.8,56.8,Fit
161.4,48.1,Fit
160.0,48.6,Fit
156.5,60.0,Fit
178.1,76.8,Fit
151.7,45.5,Fit
175.8,57.2,Fit
172.1,66.2,Fit
160.8,59.4,Fit
170.9,68.7,Fit
163.3,54.1,Fit
152.9,50.4,Fit
153.0,51.7,Fit
172.2,73.0,Fit
171.6,75.4,Obese
167.7,74.6,Obese
160.7,67.2,Obese
162.9,72.9,Obese
161.4,65.4,Obese
145.8,42.0,Fit
165.7,72.7,Obese
170.7,53.1,Fit
165.7,79.4,Obese
184.5,67.1,Fit
153.9,59.2,Fit
157.7,66.3,Obese
166.5,64.6,Fit
167.7,45.5,Fit
144.1,38.1,Fit
171.6,67.7,Fit
167.7,67.0,Fit
141.7,42.7,Fit
163.7,59.6,Fit
156.1,41.9,Fit
160.0,70.5,Obese
150.3,46.7,Fit
169.6,69.6,Fit
184.4,86.0,Obese
167.9,52.8,Fit
141.2,44.9,Fit
168.1,64.4,Fit
162.9,56.3,Fit
152.9,58.8,Obese
168.9,57.4,Fit
174.7,67.6,Fit
157.6,51.7,Fit
146.9,66.1,Obese
142.9,39.6,Fit
157.7,60.7,Fit
163.3,73.0,Obese
159.3,48.5,Fit
157.5,55.3,Fit
171.2,56.6,Fit
170.1,47.5,Fit
167.2,55.2,Fit
174.0,62.0,Fit
157.8,50.7,Fit
153.0,49.1,Fit
159.3,55.8,Fit
158.5,45.7,Fit
142.4,47.4,Fit
159.0,65.3,Obese
177.2,79.7,Obese
173.8,64.4,Fit
170.8,71.3,Fit
166.4,55.5,Fit
180.9,69.3,Fit
153.3,54.9,Fit
154.4,49.8,Fit
177.4,59.1,Fit
165.3,66.8,Fit
157.6,48.0,Fit
171.1,60.2,Fit
160.2,64.9,Obese
155.8,57.7,Fit
155.5,54.6,Fit
168.5,50.7,Fit
167.3,52.2,Fit
181.7,75.8,Fit
161.8,62.6,Fit
161.6,59.5,Fit
180.8,68.2,Fit
175.8,64.0,Fit
166.6,62.8,Fit
147.8,38.1,Fit
156.1,54.3,Fit
153.4,40.7,Fit
165.4,51.8,Fit
159.4,57.3,Fit
182.6,78.0,Fit
147.7,50.7,Fit
152.2,42.1,Fit
167.7,46.9,Fit
170.7,64.1,Fit
136.5,25.8,Fit
145.9,54.4,Obese
162.1,49.2,Fit
179.9,89.1,Obese
185.8,68.2,Fit
160.4,60.3,Fit
163.1,52.6,Fit
155.8,52.1,Fit
172.0,66.5,Fit
181.8,79.6,Fit
178.8,78.5,Fit
164.7,65.5,Fit
155.8,61.7,Obese
165.1,55.0,Fit
180.2,76.6,Fit
160.6,54.0,Fit
145.0,54.2,Obese
161.0,58.0,Fit
161.9,62.6,Fit
145.0,48.6,Fit
167.6,67.8,Fit
170.6,57.5,Fit
185.5,63.1,Fit
150.3,57.6,Obese
173.0,76.6,Obese
175.6,66.9,Fit
170.7,70.6,Fit
153.9,39.1,Fit
153.3,46.7,Fit
166.1,61.3,Fit
166.0,46.7,Fit
158.8,43.3,Fit
179.2,71.9,Fit
160.6,51.9,Fit
144.2,43.0,Fit
162.5,54.9,Fit
170.3,53.5,Fit
168.8,60.9,Fit
168.7,62.5,Fit
181.4,67.8,Fit
152.7,47.3,Fit
160.3,54.9,Fit
182.0,79.4,Fit
143.4,44.5,Fit
164.4,44.1,Fit
178.5,60.6,Fit
178.4,77.4,Fit
172.3,59.8,Fit
172.5,64.8,Fit
153.5,67.3,Obese
180.1,76.4,Fit
151.8,33.5,Fit
152.5,62.7,Obese
169.3,64.2,Fit
159.6,59.0,Fit
167.3,64.0,Fit
169.7,70.7,Fit
184.6,74.3,Fit
169.8,51.6,Fit
158.2,57.6,Fit
172.4,54.4,Fit
155.9,68.0,Obese
175.0,64.5,Fit
165.7,60.0,Fit
169.4,57.7,Fit
145.4,49.2,Fit
140.2,46.9,Fit
148.5,43.1,Fit
184.2,78.3,Fit
152.4,51.6,Fit
173.1,65.1,Fit
157.9,48.9,Fit
162.4,76.5,Obese
164.5,69.0,Obese
183.1,79.6,Fit
171.4,73.7,Obese
169.2,65.4,Fit
179.3,67.9,Fit
158.0,33.8,Fit
176.8,59.0,Fit
174.9,84.6,Obese
174.8,76.5,Obese
163.3,60.3,Fit
160.2,43.8,Fit
155.4,58.2,Fit
156.1,51.4,Fit
154.9,58.4,Fit
169.0,54.0,Fit
162.5,54.2,Fit
169.7,70.5,Fit
170.4,79.3,Obese
153.3,46.5,Fit
153.0,43.5,Fit
162.5,66.3,Obese
156.5,43.8,Fit
155.3,43.6,Fit
183.7,76.3,Fit
148.1,65.0,Obese
187.3,70.4,Fit
168.2,59.3,Fit
175.8,68.9,Fit
174.6,63.2,Fit
171.8,50.8,Fit
183.3,80.3,Fit
153.1,53.1,Fit
163.3,61.6,Fit
155.6,52.1,Fit
146.3,59.2,Obese
157.7,50.7,Fit
185.6,67.2,Fit
163.1,71.8,Obese
186.8,59.2,Fit
187.9,76.5,Fit
197.9,85.6,Fit
186.0,75.2,Fit
190.9,67.8,Fit
168.6,53.0,Fit
167.5,69.4,Fit
168.2,73.4,Obese
165.0,56.6,Fit
166.6,53.7,Fit
173.3,51.8,Fit
159.9,63.8,Fit
149.8,57.4,Obese
169.0,40.3,Fit
157.4,35.1,Fit
158.5,56.4,Fit
163.4,60.9,Fit
160.9,53.1,Fit
177.2,68.8,Fit
163.2,56.6,Fit
177.8,69.7,Fit
167.3,54.3,Fit
164.0,59.1,Fit
166.7,55.8,Fit
150.8,44.0,Fit
168.7,47.7,Fit
174.3,65.5,Fit
175.9,74.5,Fit
150.1,47.0,Fit
148.3,45.6,Fit
159.1,65.7,Obese
180.2,79.7,Fit
167.4,75.5,Obese
156.5,71.9,Obese
149.0,49.3,Fit
157.5,45.3,Fit
156.7,49.9,Fit
175.3,72.2,Fit
176.1,79.8,Obese
153.5,43.4,Fit
173.3,68.1,Fit
172.2,58.9,Fit
152.0,49.7,Fit
164.1,57.9,Fit
168.7,65.7,Fit
166.8,77.5,Obese
146.2,50.8,Fit
166.4,57.5,Fit
172.0,60.3,Fit
182.4,71.6,Fit
157.6,47.7,Fit
159.0,56.7,Fit
162.7,38.9,Fit
168.2,60.6,Fit
166.1,59.6,Fit
171.6,55.5,Fit
152.6,48.2,Fit
169.4,72.1,Obese
156.8,63.7,Obese
163.4,54.5,Fit
183.8,78.5,Fit
149.6,37.3,Fit
161.9,55.3,Fit
151.0,52.0,Fit
166.7,73.3,Obese
176.5,78.1,Obese
166.9,62.9,Fit
163.7,51.7,Fit
179.6,81.8,Obese
168.6,59.8,Fit
174.0,70.2,Fit
172.9,64.8,Fit
133.4,55.1,Obese
164.2,54.4,Fit
153.1,58.9,Obese
155.9,52.8,Fit
181.2,76.8,Fit
160.9,69.9,Obese
185.8,59.9,Fit
149.5,48.7,Fit
153.1,44.4,Fit
173.4,69.7,Fit
161.2,62.7,Fit
168.4,58.6,Fit
163.8,54.8,Fit
163.4,60.4,Fit
161.7,47.3,Fit
167.0,64.0,Fit
172.1,58.6,Fit
182.8,79.4,Fit
162.8,47.7,Fit
160.7,52.3,Fit
159.3,49.8,Fit
181.2,69.8,Fit
172.6,76.5,Obese
144.1,52.5,Obese
143.6,41.5,Fit
155.9,49.6,Fit
167.5,68.8,Fit
164.6,50.3,Fit
170.7,64.3,Fit
163.1,53.7,Fit
180.4,70.2,Fit
173.5,72.7,Fit
165.9,55.2,Fit
177.6,77.2,Fit
146.9,65.0,Obese
164.1,64.0,Fit
166.5,60.3,Fit
171.6,74.1,Obese
146.1,38.1,Fit
162.1,70.0,Obese
169.4,57.1,Fit
170.2,81.1,Obese
178.0,64.0,Fit
173.4,71.4,Fit
164.3,46.9,Fit
172.4,63.7,Fit
162.8,49.7,Fit
166.6,49.5,Fit
173.7,76.1,Obese
164.5,49.7,Fit
169.0,56.9,Fit
175.6,61.0,Fit
172.8,74.8,Obese
178.6,78.3,Fit
190.6,90.1,Fit
172.7,59.3,Fit
159.9,67.1,Obese
170.6,57.7,Fit
170.2,57.7,Fit
171.7,59.3,Fit
181.4,67.1,Fit
146.5,46.5,Fit
181.7,65.9,Fit
185.4,77.4,Fit
171.2,43.6,Fit
171.5,66.5,Fit
162.3,49.3,Fit
165.1,54.6,Fit
172.7,60.4,Fit
172.0,72.6,Fit
172.9,69.8,Fit
171.9,63.7,Fit
174.9,61.6,Fit
173.7,72.6,Fit
153.7,66.4,Obese
174.2,66.5,Fit
185.4,62.9,Fit
164.7,54.1,Fit
181.5,76.9,Fit
154.9,49.3,Fit
164.7,52.8,Fit
157.9,47.7,Fit
180.2,72.1,Fit
183.0,61.4,Fit
163.9,58.8,Fit
177.9,70.3,Fit
183.2,70.2,Fit
164.6,51.3,Fit
166.4,69.1,Fit
173.1,55.2,Fit
155.7,54.7,Fit
166.2,66.6,Fit
188.6,79.5,Fit
159.5,65.8,Obese
174.4,57.8,Fit
170.8,57.8,Fit
163.2,54.9,Fit
167.4,88.0,Obese
184.3,78.8,Fit
171.1,70.0,Fit
172.8,70.9,Fit
182.6,74.0,Fit
161.8,66.0,Obese
153.5,36.9,Fit
184.5,77.1,Fit
166.5,64.4,Fit
174.8,75.4,Fit
156.6,44.7,Fit
169.3,54.4,Fit
152.9,43.3,Fit
165.7,64.6,Fit
157.9,59.1,Fit
155.3,45.5,Fit
161.7,72.8,Obese
139.8,45.3,Fit
152.2,52.0,Fit
173.6,64.6,Fit
168.8,70.1,Fit
153.2,54.7,Fit
171.0,79.5,Obese
155.3,43.4,Fit
172.9,53.4,Fit
163.7,53.1,Fit
161.4,61.8,Fit
164.0,55.7,Fit
193.2,92.2,Fit
156.7,50.8,Fit
167.5,70.4,Obese
173.6,59.7,Fit
154.4,61.9,Obese
147.5,58.8,Obese
158.4,50.7,Fit
173.4,70.0,Fit
161.2,59.3,Fit
162.5,62.2,Fit
175.0,77.7,Obese
156.1,61.4,Obese
164.0,63.3,Fit
148.3,53.7,Fit
168.5,52.3,Fit
167.5,61.4,Fit
173.8,57.6,Fit
152.4,51.0,Fit
162.9,67.3,Obese
150.9,50.1,Fit
162.3,37.9,Fit
181.3,63.9,Fit
161.5,62.0,Fit
150.0,45.2,Fit
157.5,60.9,Fit
147.3,38.1,Fit
150.7,53.0,Fit
172.4,68.8,Fit
149.1,55.2,Fit
168.4,57.2,Fit
165.3,66.3,Fit
159.2,67.8,Obese
167.5,43.5,Fit
154.7,53.1,Fit
174.2,52.3,Fit
157.3,47.6,Fit
160.7,50.6,Fit
159.4,55.4,Fit
172.6,68.5,Fit
171.0,71.6,Fit
136.2,42.9,Fit
167.8,67.3,Fit
145.8,38.1,Fit
161.2,65.7,Obese
163.8,32.7,Fit
161.1,69.3,Obese
170.5,74.7,Obese
172.9,71.8,Fit
156.5,71.7,Obese
156.1,39.2,Fit
164.6,65.8,Fit
148.0,49.3,Fit
159.8,58.1,Fit
179.8,61.8,Fit
148.4,51.6,Fit
161.3,60.0,Fit
158.5,49.7,Fit
187.1,76.4,Fit
159.1,45.2,Fit
159.7,53.0,Fit
153.7,59.6,Obese
165.1,67.8,Fit
168.0,68.2,Fit
155.3,60.7,Obese
175.9,75.8,Fit
168.0,56.9,Fit
174.4,69.6,Fit
161.4,66.0,Obese
167.7,50.8,Fit
162.7,47.1,Fit
181.0,60.6,Fit
166.3,46.5,Fit
165.1,51.6,Fit
160.0,52.1,Fit
159.3,67.9,Obese
167.6,58.3,Fit
174.0,54.5,Fit
157.5,55.9,Fit
166.4,59.4,Fit
167.0,55.1,Fit
168.9,58.1,Fit
146.2,55.6,Obese
154.8,41.5,Fit
150.0,36.2,Fit
165.4,63.9,Fit
155.1,48.0,Fit
159.5,68.4,Obese
151.9,49.5,Fit
160.6,55.9,Fit
152.6,57.5,Fit
173.3,52.7,Fit
170.3,66.5,Fit
166.7,58.2,Fit
161.7,65.7,Obese
142.6,39.6,Fit
160.0,57.7,Fit
156.6,51.1,Fit
167.7,65.2,Fit
171.8,62.9,Fit
168.6,64.6,Fit
178.9,84.4,Obese
158.7,53.2,Fit
158.3,58.3,Fit
176.4,86.8,Obese
166.8,64.3,Fit
162.3,38.5,Fit
185.3,70.2,Fit
171.4,55.0,Fit
162.9,65.8,Fit
157.5,53.8,Fit
179.6,79.5,Fit
167.3,66.5,Fit
165.3,64.9,Fit
172.4,55.6,Fit
174.7,71.2,Fit
171.0,75.3,Obese
174.7,55.6,Fit
170.0,61.0,Fit
171.1,67.2,Fit
157.0,55.0,Fit
184.9,86.7,Obese
151.4,56.3,Fit
168.4,65.6,Fit
150.3,56.2,Fit
163.9,65.2,Fit
158.7,55.7,Fit
166.5,58.1,Fit
168.8,70.6,Fit
154.5,46.6,Fit
164.7,59.1,Fit
180.3,62.3,Fit
150.6,55.7,Fit
155.6,63.1,Obese
174.5,59.5,Fit
165.9,59.3,Fit
166.7,57.3,Fit
176.2,76.9,Fit
156.3,65.1,Obese
159.3,52.0,Fit
157.9,30.1,Fit
161.2,66.4,Obese
179.7,71.4,Fit
146.3,47.5,Fit
151.9,58.4,Obese
150.0,46.6,Fit
180.4,66.6,Fit
158.2,52.2,Fit
161.4,61.2,Fit
147.2,54.7,Obese
162.1,70.9,Obese
174.5,70.2,Fit
167.8,60.8,Fit
163.8,66.1,Fit
147.8,40.3,Fit
161.4,68.7,Obese
166.6,62.8,Fit
154.1,50.4,Fit
172.2,57.5,Fit
174.7,72.2,Fit
159.2,53.5,Fit
173.0,65.1,Fit
163.8,45.7,Fit
177.6,65.9,Fit
187.4,72.7,Fit
153.0,54.8,Fit
173.5,64.1,Fit
179.4,49.6,Fit
154.3,49.1,Fit
158.7,43.8,Fit
158.5,47.0,Fit
163.5,66.9,Obese
161.1,43.6,Fit
162.8,60.7,Fit
174.2,62.7,Fit
144.1,40.1,Fit
154.3,44.5,Fit
172.4,67.9,Fit
171.1,67.8,Fit
153.4,37.9,Fit
171.2,73.7,Obese
179.6,61.5,Fit
164.5,62.6,Fit
153.9,42.7,Fit
174.6,63.4,Fit
184.0,64.2,Fit
155.3,48.8,Fit
165.4,58.6,Fit
177.0,59.7,Fit
166.3,63.3,Fit
145.8,50.3,Fit
169.9,85.1,Obese
154.2,59.8,Obese
151.0,59.6,Obese
146.0,32.7,Fit
178.1,54.1,Fit
155.8,51.0,Fit
168.7,76.9,Obese
171.4,84.4,Obese
166.8,55.7,Fit
168.3,57.6,Fit
169.2,67.3,Fit
166.5,59.4,Fit
156.6,52.6,Fit
155.7,58.4,Fit
163.8,80.8,Obese
163.6,69.3,Obese
169.7,78.3,Obese
177.1,54.3,Fit
168.8,71.3,Obese
156.1,46.0,Fit
141.0,57.2,Obese
156.5,64.8,Obese
150.2,54.5,Fit
157.0,48.3,Fit
167.7,58.0,Fit
165.9,57.3,Fit
185.4,81.8,Fit
170.3,67.0,Fit
186.0,87.5,Obese
172.9,78.6,Obese
176.9,62.1,Fit
161.1,60.9,Fit
153.2,55.3,Fit
160.1,55.6,Fit
164.9,67.3,Fit
158.1,58.9,Fit
154.0,47.6,Fit
169.6,62.1,Fit
153.9,49.3,Fit
148.1,42.5,Fit
152.7,50.6,Fit
162.4,47.7,Fit
154.1,56.0,Fit
162.5,69.3,Obese
171.6,65.2,Fit
171.3,72.1,Fit
157.7,56.0,Fit
150.7,41.8,Fit
158.7,71.4,Obese
172.2,45.9,Fit
174.8,67.3,Fit
168.9,56.6,Fit
178.2,82.5,Obese
184.0,76.2,Fit
159.7,76.5,Obese
181.4,72.6,Fit
162.1,51.7,Fit
176.2,54.6,Fit
172.8,74.5,Fit
143.3,38.5,Fit
154.4,49.1,Fit
151.6,60.4,Obese
145.4,54.9,Obese
174.7,62.2,Fit
187.8,73.9,Fit
162.2,43.8,Fit
174.4,50.5,Fit
181.3,78.4,Fit
167.3,68.6,Fit
164.7,62.6,Fit
162.3,59.4,Fit
170.9,58.6,Fit
174.6,78.8,Obese
170.1,49.4,Fit
169.7,59.6,Fit
164.4,60.8,Fit
147.5,47.8,Fit
174.9,67.3,Fit
150.9,45.9,Fit
171.8,69.3,Fit
173.3,56.4,Fit
152.5,50.0,Fit
158.3,58.6,Fit
188.3,75.4,Fit
164.1,59.3,Fit
151.6,52.3,Fit
173.8,52.4,Fit
156.5,40.5,Fit
143.9,46.6,Fit
170.7,59.3,Fit
154.9,48.4,Fit
168.5,67.0,Fit
156.1,45.7,Fit
172.8,46.4,Fit
167.0,74.6,Obese
136.5,50.7,Obese
169.2,72.6,Obese
161.8,48.6,Fit
180.6,71.1,Fit
169.3,52.9,Fit
173.3,65.6,Fit
157.2,51.6,Fit
156.3,45.1,Fit
164.7,63.7,Fit
161.0,55.0,Fit
179.7,84.8,Obese
163.3,59.4,Fit
151.5,30.1,Fit
155.9,39.0,Fit
175.6,84.6,Obese
163.2,55.7,Fit
162.6,60.1,Fit
176.7,68.7,Fit
154.9,64.1,Obese
140.4,28.1,Fit
155.6,63.9,Obese
167.7,71.9,Obese
162.3,58.0,Fit
147.8,51.4,Fit
176.2,65.3,Fit
166.8,47.7,Fit
169.3,67.7,Fit
169.6,65.3,Fit
150.7,52.1,Fit
168.3,66.2,Fit
175.0,62.5,Fit
177.5,81.3,Obese
172.9,65.9,Fit
170.6,68.4,Fit
145.9,44.6,Fit
164.8,68.2,Obese
154.5,53.3,Fit
179.1,69.9,Fit
177.4,78.9,Obese
154.5,38.8,Fit
164.5,57.3,Fit
167.7,57.0,Fit
174.9,70.3,Fit
146.6,49.8,Fit
140.7,43.5,Fit
165.4,54.5,Fit
137.2,41.2,Fit
166.7,63.8,Fit
171.5,63.3,Fit
178.6,79.0,Fit
158.2,59.9,Fit
166.8,61.3,Fit
172.2,46.4,Fit
152.1,49.1,Fit
175.1,72.5,Fit
168.0,59.9,Fit
158.3,57.6,Fit
166.6,59.2,Fit
163.5,60.6,Fit
173.6,77.5,Obese
161.0,63.3,Fit
167.5,51.4,Fit
158.2,41.8,Fit
154.7,56.2,Fit
166.9,70.6,Obese
155.1,39.7,Fit
173.8,64.8,Fit
171.5,83.7,Obese
156.6,51.8,Fit
167.4,81.8,Obese
156.5,47.3,Fit
147.4,42.6,Fit
158.4,49.6,Fit
164.4,49.3,Fit
170.7,50.6,Fit
166.6,59.3,Fit
175.0,68.5,Fit
154.2,46.6,Fit
160.9,53.1,Fit
183.1,85.3,Obese
143.8,53.2,Obese
160.0,54.3,Fit
153.2,55.1,Fit
162.9,45.3,Fit
160.2,58.6,Fit
171.6,64.3,Fit
167.8,59.0,Fit
150.6,50.2,Fit
158.5,54.3,Fit
165.0,49.4,Fit
173.1,79.4,Obese
191.8,88.5,Fit
172.7,62.5,Fit
153.9,38.0,Fit
164.0,39.5,Fit
167.0,77.4,Obese
159.3,54.4,Fit
170.2,69.8,Fit
140.0,35.5,Fit
171.1,61.9,Fit
159.8,54.1,Fit
163.8,61.0,Fit
181.1,72.9,Fit
151.1,42.9,Fit
168.0,54.6,Fit
173.7,65.8,Fit
166.9,47.2,Fit
147.2,41.1,Fit
179.9,69.9,Fit
162.7,61.4,Fit
159.2,67.8,Obese
161.6,53.6,Fit
160.8,57.2,Fit
151.9,35.8,Fit
166.8,63.9,Fit
158.4,47.9,Fit
172.4,62.9,Fit
170.7,67.9,Fit
182.9,77.7,Fit
162.7,46.6,Fit
156.2,60.1,Fit
148.8,48.4,Fit
189.1,88.8,Fit
172.3,77.0,Obese
157.4,67.3,Obese
183.6,62.8,Fit
179.9,74.4,Fit
150.1,37.0,Fit
156.7,64.4,Obese
163.5,70.4,Obese
153.2,59.5,Obese
163.9,55.7,Fit
172.8,70.1,Fit
149.9,45.0,Fit
168.2,62.4,Fit
177.9,68.9,Fit
169.4,47.1,Fit
164.2,52.8,Fit
157.7,72.8,Obese
174.1,66.0,Fit
152.1,52.1,Fit
167.7,61.8,Fit
165.3,56.8,Fit
177.4,69.5,Fit
158.6,52.1,Fit
159.5,37.7,Fit
151.3,56.7,Fit
169.8,76.3,Obese
160.3,47.2,Fit
155.5,49.9,Fit
156.6,65.9,Obese
170.9,58.1,Fit
152.9,54.5,Fit
153.8,86.7,Obese
174.9,72.3,Fit
163.2,59.1,Fit
175.5,74.8,Fit
161.0,63.3,Fit
165.0,54.6,Fit
166.7,47.3,Fit
180.3,76.2,Fit
179.4,76.7,Fit
177.7,67.1,Fit
158.1,68.1,Obese
154.1,63.8,Obese
173.4,72.3,Fit
180.1,69.2,Fit
177.8,52.8,Fit
165.1,58.6,Fit
173.0,51.2,Fit
173.2,47.1,Fit
166.6,66.3,Fit
167.1,70.8,Obese
166.1,45.1,Fit
156.3,51.7,Fit
157.5,54.4,Fit
157.3,52.1,Fit
147.4,36.8,Fit
166.6,71.7,Obese
164.6,48.8,Fit
173.4,50.5,Fit
178.9,59.4,Fit
179.6,74.8,Fit
180.6,69.6,Fit
156.7,47.8,Fit
149.2,53.2,Fit
175.2,70.2,Fit
180.2,53.0,Fit
182.1,77.1,Fit
170.3,73.3,Obese
143.0,44.0,Fit
169.0,61.0,Fit
171.1,79.6,Obese
178.8,64.6,Fit
180.7,70.5,Fit
175.0,70.0,Fit
158.5,55.7,Fit
153.7,49.8,Fit
170.9,64.9,Fit
156.3,66.3,Obese
181.2,78.7,Fit
146.2,46.5,Fit
171.2,57.6,Fit
168.5,56.6,Fit
162.7,65.9,Fit
154.8,40.0,Fit
142.3,63.8,Obese
159.2,55.5,Fit
159.3,44.8,Fit
177.2,70.6,Fit
156.4,47.4,Fit
170.0,60.2,Fit
150.8,37.9,Fit
170.3,61.9,Fit
140.4,26.4,Fit
188.0,73.0,Fit
163.4,52.2,Fit
134.3,35.6,Fit
157.1,48.2,Fit
155.4,53.4,Fit
157.8,61.9,Fit
161.0,59.9,Fit
157.7,65.1,Obese
156.0,49.6,Fit
152.3,53.6,Fit
174.0,69.6,Fit
178.2,79.1,Fit
162.2,52.0,Fit
164.8,66.1,Fit
152.6,44.4,Fit
165.8,55.9,Fit
167.5,58.9,Fit
162.6,61.8,Fit
169.4,54.4,Fit
168.4,54.8,Fit
153.4,46.6,Fit
178.1,70.2,Fit
162.7,50.8,Fit
183.4,76.1,Fit
169.6,60.4,Fit
186.7,81.9,Fit
177.9,70.2,Fit
167.5,75.7,Obese
157.0,55.2,Fit
157.3,44.7,Fit
170.9,62.5,Fit
166.6,61.2,Fit
158.5,48.0,Fit
174.2,78.9,Obese
165.4,57.7,Fit
174.2,61.6,Fit
154.3,53.8,Fit
176.0,60.9,Fit
170.5,71.7,Fit
178.2,76.0,Fit
175.8,69.0,Fit
164.1,64.0,Fit
163.2,54.6,Fit
184.6,63.0,Fit
161.8,55.0,Fit
173.2,62.0,Fit
160.8,40.6,Fit
144.5,37.5,Fit
151.5,40.7,Fit
169.5,54.8,Fit
172.7,76.3,Obese
169.5,67.3,Fit
177.6,77.1,Fit
169.3,67.1,Fit
156.5,62.5,Obese
171.5,65.0,Fit
166.9,73.4,Obese
158.7,45.5,Fit
170.2,63.2,Fit
165.9,52.3,Fit
158.3,65.1,Obese
163.0,61.8,Fit
180.5,81.2,Fit
180.2,60.2,Fit
167.1,56.6,Fit
165.6,46.1,Fit
149.2,51.9,Fit
183.9,71.0,Fit
176.4,74.5,Fit
173.3,66.3,Fit
140.0,26.1,Fit
165.5,46.9,Fit
163.6,59.5,Fit
172.5,69.2,Fit
160.0,38.6,Fit
162.5,57.4,Fit
171.8,56.8,Fit
156.5,45.0,Fit
158.7,50.2,Fit
167.1,62.4,Fit
179.7,65.4,Fit
173.9,50.6,Fit
176.8,69.7,Fit
165.7,57.6,Fit
181.4,64.9,Fit
145.8,44.3,Fit
187.2,74.4,Fit
188.7,78.7,Fit
170.0,61.6,Fit
174.2,68.0,Fit
164.6,59.2,Fit
162.7,64.8,Fit
158.3,67.8,Obese
164.5,59.4,Fit
171.1,59.4,Fit
169.6,51.8,Fit
186.9,82.0,Fit
166.1,53.5,Fit
148.6,67.4,Obese
183.1,96.0,Obese
151.6,48.8,Fit
158.8,42.2,Fit
168.0,67.3,Fit
169.6,80.1,Obese
149.1,38.4,Fit
156.8,69.3,Obese
148.7,33.9,Fit
171.8,53.3,Fit
178.0,72.2,Fit
151.6,58.7,Obese
176.0,67.6,Fit
175.2,71.2,Fit
157.8,63.6,Obese
143.2,54.9,Obese
153.2,46.7,Fit
158.5,48.3,Fit
182.0,81.3,Fit
163.7,62.6,Fit
153.9,56.8,Fit
166.6,55.8,Fit
150.8,55.1,Fit
170.7,55.3,Fit
154.2,54.3,Fit
155.8,54.3,Fit
169.1,63.9,Fit
184.3,80.9,Fit
189.2,70.6,Fit
153.6,57.3,Fit
158.4,55.4,Fit
170.7,57.8,Fit
177.9,59.0,Fit
141.2,59.0,Obese
166.0,60.0,Fit
159.6,53.2,Fit
143.8,36.4,Fit
150.3,58.4,Obese
158.8,63.5,Obese
165.6,66.9,Fit
176.1,67.7,Fit
168.9,68.8,Fit
175.4,61.1,Fit
165.3,61.8,Fit
157.2,54.0,Fit
163.0,60.6,Fit
172.7,51.1,Fit
176.4,83.4,Obese
163.4,71.7,Obese
154.8,43.5,Fit
168.7,67.2,Fit
170.3,51.9,Fit
178.6,70.8,Fit
157.5,37.0,Fit
157.7,52.3,Fit
173.3,62.2,Fit
160.5,65.9,Obese
160.1,69.7,Obese
178.8,83.9,Obese
149.9,58.7,Obese
187.6,78.1,Fit
158.3,58.2,Fit
174.5,70.1,Fit
163.8,49.6,Fit
168.0,71.2,Obese
162.1,63.3,Fit
174.4,72.8,Fit
161.2,38.9,Fit
158.7,59.0,Fit
184.9,83.3,Fit
165.3,60.0,Fit
157.6,50.6,Fit
148.6,37.7,Fit
185.5,64.2,Fit
158.9,56.8,Fit
187.7,75.6,Fit
169.4,61.1,Fit
166.6,73.3,Obese
166.9,51.2,Fit
189.4,76.1,Fit
140.9,57.2,Obese
167.4,59.1,Fit
162.1,58.3,Fit
162.7,56.8,Fit
166.6,66.7,Fit
162.1,41.3,Fit
167.1,59.8,Fit
164.7,60.1,Fit
150.6,41.9,Fit
169.2,65.7,Fit
172.9,72.0,Fit
159.0,59.3,Fit
185.5,90.0,Obese
179.7,67.6,Fit
174.3,70.8,Fit
174.2,70.5,Fit
165.3,58.3,Fit
177.6,78.4,Fit
182.3,75.4,Fit
173.9,56.9,Fit
158.7,61.4,Fit
164.6,55.6,Fit
171.3,62.0,Fit
174.2,64.8,Fit
164.1,65.2,Fit
158.8,64.1,Obese
182.4,71.9,Fit
153.2,49.9,Fit
154.6,36.2,Fit
150.4,44.1,Fit
154.6,45.0,Fit
178.7,72.8,Fit
179.1,69.7,Fit
164.2,52.0,Fit
170.5,65.1,Fit
164.9,59.3,Fit
151.9,30.4,Fit
189.4,87.8,Fit
180.1,79.5,Fit
168.9,60.9,Fit
155.6,56.1,Fit
162.5,55.5,Fit
157.4,41.7,Fit
166.1,78.0,Obese
168.4,68.4,Fit
161.2,64.7,Fit
149.0,46.6,Fit
188.5,87.1,Fit
167.6,50.8,Fit
170.0,61.6,Fit
160.4,62.5,Fit
147.8,43.1,Fit
164.1,66.5,Fit
161.4,59.8,Fit
172.8,67.4,Fit
175.0,61.6,Fit
173.4,69.4,Fit
175.9,83.5,Obese
184.8,76.6,Fit
169.3,67.5,Fit
177.1,74.6,Fit
170.4,54.7,Fit
144.1,44.6,Fit
163.3,57.4,Fit
155.5,36.2,Fit
167.5,68.1,Fit
156.3,46.3,Fit
171.7,70.3,Fit
175.8,61.9,Fit
178.2,86.2,Obese
182.8,71.3,Fit
146.6,62.6,Obese
151.8,49.3,Fit
197.2,85.1,Fit
176.1,80.8,Obese
167.5,54.4,Fit
165.4,60.6,Fit
164.4,63.8,Fit
143.7,48.7,Fit
156.5,54.2,Fit
163.8,58.3,Fit
157.1,61.1,Fit
158.6,56.7,Fit
193.1,89.8,Fit
162.2,61.0,Fit
168.1,67.3,Fit
167.7,70.9,Obese
171.5,62.2,Fit
159.7,65.0,Obese
178.7,69.0,Fit
169.9,52.3,Fit
150.8,47.4,Fit
163.8,53.3,Fit
163.1,61.5,Fit
162.6,55.9,Fit
170.6,65.1,Fit
172.0,73.2,Fit
170.7,76.0,Obese
168.7,65.0,Fit
165.9,69.3,Obese
141.3,42.5,Fit
173.6,53.8,Fit
170.4,54.4,Fit
154.2,50.7,Fit
168.1,68.5,Fit
172.1,63.6,Fit
177.9,79.1,Fit
170.6,78.7,Obese
168.5,55.4,Fit
175.4,84.7,Obese
161.6,44.4,Fit
169.5,78.0,Obese
158.2,54.8,Fit
177.2,67.2,Fit
147.3,47.7,Fit
174.0,60.2,Fit
165.2,72.0,Obese
175.6,62.3,Fit
156.4,49.3,Fit
166.0,49.6,Fit
165.7,54.5,Fit
169.8,57.8,Fit
153.5,45.7,Fit
172.0,63.7,Fit
144.7,37.1,Fit
157.7,67.4,Obese
147.8,46.8,Fit
174.1,69.7,Fit
169.4,70.0,Fit
170.0,79.8,Obese
181.2,79.5,Fit
161.5,55.4,Fit
171.7,56.3,Fit
165.7,63.1,Fit
164.1,67.7,Obese
179.4,71.9,Fit
187.9,78.2,Fit
160.3,58.2,Fit
174.2,51.8,Fit
168.5,63.6,Fit
168.6,68.4,Fit
167.7,61.5,Fit
161.3,66.3,Obese
125.6,43.9,Obese
181.9,68.7,Fit
157.4,58.0,Fit
162.3,58.3,Fit
162.6,41.9,Fit
156.4,52.3,Fit
167.6,53.6,Fit
164.5,60.6,Fit
157.1,59.8,Fit
166.6,59.4,Fit
164.6,52.4,Fit
175.2,69.4,Fit
150.3,69.2,Obese
156.1,36.3,Fit
173.0,67.7,Fit
158.0,50.5,Fit
155.1,49.5,Fit
158.5,54.4,Fit
163.9,56.3,Fit
163.9,63.9,Fit
162.7,56.3,Fit
153.7,34.7,Fit
173.5,76.5,Obese
179.6,80.0,Fit
144.0,40.8,Fit
147.9,48.5,Fit
176.0,77.9,Obese
182.3,81.4,Fit
141.6,55.0,Obese
174.0,69.6,Fit
183.0,79.8,Fit
155.5,64.5,Obese
182.4,70.4,Fit
163.0,62.0,Fit
168.5,45.3,Fit
157.1,41.7,Fit
176.0,72.2,Fit
174.2,72.0,Fit
184.0,71.4,Fit
180.8,67.1,Fit
164.9,57.0,Fit
199.2,88.8,Fit
179.9,52.7,Fit
170.9,68.0,Fit
154.0,52.5,Fit
148.2,50.3,Fit
149.1,47.9,Fit
154.7,41.6,Fit
180.2,62.6,Fit
170.4,76.0,Obese
158.3,50.0,Fit
163.5,65.3,Fit
162.2,49.2,Fit
173.8,66.3,Fit
155.3,49.6,Fit
168.8,60.4,Fit
168.3,59.6,Fit
155.7,64.9,Obese
182.5,88.7,Obese
161.7,59.5,Fit
154.1,48.9,Fit
174.4,56.3,Fit
165.6,49.1,Fit
169.5,74.8,Obese
152.0,39.1,Fit
173.9,63.0,Fit
188.9,79.7,Fit
151.1,29.4,Fit
168.9,52.8,Fit
156.4,43.1,Fit
194.6,78.0,Fit
178.6,72.3,Fit
168.1,70.4,Fit
151.5,45.2,Fit
154.2,48.6,Fit
173.2,65.0,Fit
150.0,43.1,Fit
150.4,53.1,Fit
165.1,63.6,Fit
166.5,39.2,Fit
169.2,68.1,Fit
160.2,57.5,Fit
175.1,69.5,Fit
155.5,62.6,Obese
171.9,50.7,Fit
167.4,51.6,Fit
171.6,64.2,Fit
178.0,51.1,Fit
160.0,54.6,Fit
157.7,61.5,Fit
146.4,50.3,Fit
142.8,45.5,Fit
163.1,56.6,Fit
163.8,55.6,Fit
153.1,47.7,Fit
155.4,55.0,Fit
181.8,60.3,Fit
174.6,78.8,Obese
151.1,44.3,Fit
160.1,60.9,Fit
169.5,63.8,Fit
158.1,45.8,Fit
156.1,64.0,Obese
161.3,65.9,Obese
177.0,56.4,Fit
178.0,69.1,Fit
156.9,55.8,Fit
170.1,47.1,Fit
164.9,42.9,Fit
153.9,45.4,Fit
161.7,47.0,Fit
151.1,41.9,Fit
177.8,59.0,Fit
182.1,72.0,Fit
160.5,49.5,Fit
157.9,63.7,Obese
176.6,70.1,Fit
178.4,76.4,Fit
152.7,37.8,Fit
163.4,53.7,Fit
164.4,60.5,Fit
156.5,57.5,Fit
169.2,57.8,Fit
157.3,50.4,Fit
159.1,52.5,Fit
163.9,56.7,Fit
148.6,65.9,Obese
142.4,47.1,Fit
175.1,67.8,Fit
156.9,44.1,Fit
188.5,68.3,Fit
186.7,75.0,Fit
159.4,65.0,Obese
190.7,78.4,Fit
175.3,66.4,Fit
157.9,48.9,Fit
136.6,27.1,Fit
172.6,69.0,Fit
165.3,58.1,Fit
169.7,67.0,Fit
162.5,59.3,Fit
152.4,43.4,Fit
160.3,58.3,Fit
172.8,55.3,Fit
161.1,58.8,Fit
161.0,56.5,Fit
148.3,60.7,Obese
166.0,53.7,Fit
152.8,40.7,Fit
175.1,64.1,Fit
156.9,59.0,Fit
161.7,35.2,Fit
188.8,85.4,Fit
161.6,55.8,Fit
160.2,47.3,Fit
171.4,61.7,Fit
145.4,40.6,Fit
178.8,60.5,Fit
175.9,52.6,Fit
170.8,70.0,Fit
127.9,31.5,Fit
162.1,54.7,Fit
151.0,56.9,Fit
177.4,69.7,Fit
176.6,56.1,Fit
169.3,68.4,Fit
151.8,62.5,Obese
181.4,76.4,Fit
162.1,50.9,Fit
184.9,63.4,Fit
167.9,54.8,Fit
170.6,64.8,Fit
159.9,67.7,Obese
180.5,65.6,Fit
171.7,59.7,Fit
180.9,80.1,Fit
167.0,57.8,Fit
164.5,73.2,Obese
171.5,63.6,Fit
180.9,81.3,Fit
176.2,71.4,Fit
166.5,66.7,Fit
144.6,44.6,Fit
173.9,65.6,Fit
149.2,52.3,Fit
165.4,66.6,Fit
163.7,63.2,Fit
149.4,35.0,Fit
169.1,65.0,Fit
188.7,73.1,Fit
161.6,53.1,Fit
173.4,69.8,Fit
190.9,93.8,Obese
174.5,65.1,Fit
157.9,70.6,Obese
167.6,53.0,Fit
170.3,73.6,Obese
180.8,75.3,Fit
178.4,71.7,Fit
134.5,50.9,Obese
155.6,48.2,Fit
164.2,69.6,Obese
153.8,50.4,Fit
124.3,28.9,Fit
157.0,43.6,Fit
165.0,72.5,Obese
159.2,64.9,Obese
154.0,48.4,Fit
165.5,64.6,Fit
168.8,63.7,Fit
159.8,53.4,Fit
180.1,79.1,Fit
165.6,55.4,Fit
155.4,35.6,Fit
152.6,53.3,Fit
162.7,58.7,Fit
177.2,64.4,Fit
155.9,46.4,Fit
171.6,52.3,Fit
166.0,57.8,Fit
186.9,69.9,Fit
169.3,70.8,Fit
157.3,58.6,Fit
173.1,62.0,Fit
173.5,70.4,Fit
160.6,55.9,Fit
152.2,48.8,Fit
170.9,63.8,Fit
165.7,74.6,Obese
148.3,53.5,Fit
167.8,59.6,Fit
158.0,62.1,Fit
148.3,55.3,Obese
161.1,59.2,Fit
179.1,67.9,Fit
178.3,66.8,Fit
175.4,59.1,Fit
168.0,63.5,Fit
171.6,59.9,Fit
166.1,57.2,Fit
152.8,56.4,Fit
155.0,66.4,Obese
158.3,58.1,Fit
180.4,70.8,Fit
176.8,68.7,Fit
153.1,60.7,Obese
165.6,63.4,Fit
160.6,58.3,Fit
163.3,60.8,Fit
159.1,44.3,Fit
180.5,74.8,Fit
164.8,52.7,Fit
167.4,64.8,Fit
167.5,55.8,Fit
153.7,56.7,Fit
166.2,59.5,Fit
176.7,59.5,Fit
181.2,69.9,Fit
152.4,68.7,Obese
148.3,30.2,Fit
165.7,61.7,Fit
177.2,61.0,Fit
169.0,73.8,Obese
172.5,72.0,Fit
150.0,51.0,Fit
158.7,62.8,Fit
140.8,45.6,Fit
163.4,58.8,Fit
141.2,39.1,Fit
179.7,68.1,Fit
182.1,69.2,Fit
166.5,61.1,Fit
148.4,33.3,Fit
169.1,71.2,Fit
185.5,91.2,Obese
170.2,60.3,Fit
178.0,79.1,Fit
159.7,55.0,Fit
155.4,48.3,Fit
164.2,56.3,Fit
143.8,46.2,Fit
189.9,73.6,Fit
166.5,65.9,Fit
174.5,62.9,Fit
159.9,47.7,Fit
148.0,48.0,Fit
180.7,66.3,Fit
152.6,48.6,Fit
168.8,62.3,Fit
169.9,52.8,Fit
165.8,72.2,Obese
156.4,60.3,Fit
163.4,53.7,Fit
154.5,52.4,Fit
173.9,71.6,Fit
171.3,66.2,Fit
164.8,74.8,Obese
158.7,53.5,Fit
188.2,87.4,Fit
150.7,39.3,Fit
148.0,38.7,Fit
164.1,72.7,Obese
162.2,54.4,Fit
177.1,59.6,Fit
172.1,64.8,Fit
165.3,70.2,Obese
170.5,57.8,Fit
170.3,63.5,Fit
188.1,63.0,Fit
167.8,58.2,Fit
157.5,62.6,Obese
167.2,55.2,Fit
136.2,30.6,Fit
164.6,53.4,Fit
177.0,64.1,Fit
171.6,70.9,Fit
168.3,65.3,Fit
172.1,69.8,Fit
177.1,69.3,Fit
180.7,66.9,Fit
169.9,57.3,Fit
161.5,60.9,Fit
139.6,55.6,Obese
175.8,60.4,Fit
170.7,55.9,Fit
166.7,52.0,Fit
157.4,61.2,Fit
175.6,67.5,Fit
162.2,62.3,Fit
164.6,55.6,Fit
164.4,64.4,Fit
169.9,61.2,Fit
152.4,38.7,Fit
171.2,71.9,Fit
157.1,54.0,Fit
157.5,52.1,Fit
174.7,69.4,Fit
154.1,40.7,Fit
174.7,70.6,Fit
166.1,55.9,Fit
146.9,46.2,Fit
180.0,80.4,Fit
168.4,67.5,Fit
169.3,61.7,Fit
176.1,67.4,Fit
181.5,52.0,Fit
167.2,54.9,Fit
171.8,66.3,Fit
169.1,56.8,Fit
161.2,46.6,Fit
147.6,51.8,Fit
167.4,72.1,Obese
180.2,65.6,Fit
171.4,71.6,Fit
153.3,57.5,Fit
177.1,61.2,Fit
161.6,51.6,Fit
142.0,58.8,Obese
176.2,59.4,Fit
154.6,47.7,Fit
184.6,90.7,Obese
177.6,64.9,Fit
162.5,68.9,Obese
170.1,55.4,Fit
191.7,81.9,Fit
176.0,76.8,Fit
167.6,58.1,Fit
196.8,86.0,Fit
166.3,66.8,Fit
171.4,57.4,Fit
154.7,70.6,Obese
146.6,55.6,Obese
161.8,54.8,Fit
165.4,58.3,Fit
168.6,77.8,Obese
149.4,46.3,Fit
172.3,61.5,Fit
155.9,62.6,Obese
171.7,53.7,Fit
175.3,67.0,Fit
160.6,57.5,Fit
154.4,46.8,Fit
182.0,60.3,Fit
174.6,67.6,Fit
166.7,66.6,Fit
181.2,66.8,Fit
165.9,51.1,Fit
158.2,65.1,Obese
154.0,56.4,Fit
163.8,56.1,Fit
173.5,73.6,Fit
180.3,73.4,Fit
165.3,74.4,Obese
178.3,75.3,Fit
162.6,47.1,Fit
156.4,48.5,Fit
150.6,45.0,Fit
159.4,58.4,Fit
151.0,47.8,Fit
187.1,68.0,Fit
169.8,68.2,Fit
163.9,67.1,Fit
183.9,73.6,Fit
150.7,51.6,Fit
163.5,51.1,Fit
187.0,72.7,Fit
163.4,54.9,Fit
191.9,85.5,Fit
173.6,68.4,Fit
179.4,68.1,Fit
179.7,68.1,Fit
165.0,44.2,Fit
159.6,68.9,Obese
163.7,42.3,Fit
154.1,55.6,Fit
164.3,59.7,Fit
165.0,57.7,Fit
183.6,74.1,Fit
171.5,59.4,Fit
191.0,85.5,Fit
141.2,33.4,Fit
151.6,53.2,Fit
161.1,51.7,Fit
181.4,69.0,Fit
163.8,55.8,Fit
148.9,47.4,Fit
162.3,62.0,Fit
151.8,50.4,Fit
149.7,56.7,Obese
187.0,85.3,Fit
161.1,59.6,Fit
166.9,66.7,Fit
164.0,75.4,Obese
162.2,46.6,Fit
155.8,62.0,Obese
161.6,69.8,Obese
168.7,66.1,Fit
180.6,87.0,Obese
175.4,81.9,Obese
151.6,47.9,Fit
175.9,66.0,Fit
170.2,68.0,Fit
158.1,50.0,Fit
167.0,83.0,Obese
171.3,70.9,Fit
165.5,60.6,Fit
170.3,52.5,Fit
155.5,55.2,Fit
186.9,67.4,Fit
143.8,51.6,Fit
171.4,44.6,Fit
169.0,73.9,Obese
172.1,61.7,Fit
157.2,40.8,Fit
177.9,69.5,Fit
163.8,59.2,Fit
152.0,50.3,Fit
153.0,62.5,Obese
166.4,63.9,Fit
147.4,54.2,Fit
184.8,73.1,Fit
176.5,72.0,Fit
185.1,64.9,Fit
183.9,76.5,Fit
161.1,51.1,Fit
155.4,63.7,Obese
135.5,41.0,Fit
160.5,62.0,Fit
184.4,76.9,Fit
155.9,67.9,Obese
162.7,45.7,Fit
158.9,54.6,Fit
169.1,55.2,Fit
179.1,54.2,Fit
148.1,40.0,Fit
150.2,59.0,Obese
181.4,72.1,Fit
173.1,64.1,Fit
162.1,64.0,Fit
183.8,75.2,Fit
150.0,54.4,Fit
175.2,70.1,Fit
164.2,63.7,Fit
171.7,61.2,Fit
138.7,50.7,Obese
162.1,48.1,Fit
173.1,65.2,Fit
164.3,68.2,Obese
178.8,69.1,Fit
178.4,66.6,Fit
154.5,70.8,Obese
174.1,78.0,Obese
154.1,53.4,Fit
165.6,52.6,Fit
172.2,49.0,Fit
155.8,59.1,Fit
173.7,76.5,Obese
159.4,59.1,Fit
158.6,41.7,Fit
172.8,67.0,Fit
155.8,49.5,Fit
155.2,54.3,Fit
176.5,84.0,Obese
166.2,67.1,Fit
149.0,53.5,Fit
174.4,66.6,Fit
160.5,60.0,Fit
149.6,43.4,Fit
137.4,46.0,Fit
174.9,65.8,Fit
155.5,46.6,Fit
151.3,56.9,Fit
172.0,47.3,Fit
173.9,62.1,Fit
156.3,58.7,Fit
175.0,77.2,Obese
187.6,81.2,Fit
179.8,65.8,Fit
178.1,69.4,Fit
168.5,64.8,Fit
160.1,68.9,Obese
164.4,66.8,Fit
169.8,70.9,Fit
151.2,50.8,Fit
156.5,45.3,Fit
149.3,37.8,Fit
167.6,59.4,Fit
165.9,66.2,Fit
157.8,50.8,Fit
174.0,71.2,Fit
153.5,45.5,Fit
157.4,49.4,Fit
173.6,77.6,Obese
175.2,73.7,Fit
156.2,51.3,Fit
167.6,55.1,Fit
156.4,61.4,Obese
162.8,65.3,Fit
166.6,66.2,Fit
171.2,63.0,Fit
168.5,53.7,Fit
168.0,62.0,Fit
153.1,62.9,Obese
169.3,55.8,Fit
171.1,64.8,Fit
172.6,78.6,Obese
157.1,51.9,Fit
175.1,66.4,Fit
150.5,39.0,Fit
160.3,61.5,Fit
162.0,51.8,Fit
151.1,37.8,Fit
161.8,50.0,Fit
167.4,63.3,Fit
144.9,33.6,Fit
160.7,45.7,Fit
145.8,51.2,Fit
187.5,76.7,Fit
167.3,54.3,Fit
166.4,58.3,Fit
167.6,75.7,Obese
171.6,75.1,Obese
175.8,67.1,Fit
147.8,54.6,Fit
179.4,71.8,Fit
178.7,56.1,Fit
164.3,43.7,Fit
163.7,51.7,Fit
130.9,25.1,Fit
151.3,52.5,Fit
170.7,59.7,Fit
178.2,73.3,Fit
173.0,69.4,Fit
164.2,64.8,Fit
186.2,68.8,Fit
176.1,72.3,Fit
160.7,49.1,Fit
189.0,84.3,Fit
152.9,61.2,Obese
148.8,54.5,Fit
160.4,55.2,Fit
156.7,58.5,Fit
161.0,44.7,Fit
173.8,52.4,Fit
164.6,63.4,Fit
164.9,70.3,Obese
165.6,50.5,Fit
139.6,43.0,Fit
148.3,51.9,Fit
160.8,51.9,Fit
155.7,50.6,Fit
162.5,63.0,Fit
180.4,72.5,Fit
164.2,60.2,Fit
150.5,41.9,Fit
156.3,53.5,Fit
183.8,71.2,Fit
181.9,70.0,Fit
171.6,60.4,Fit
147.8,47.8,Fit
168.4,55.4,Fit
169.2,63.1,Fit
165.3,57.2,Fit
158.7,48.0,Fit
161.0,41.4,Fit
158.0,62.5,Obese
152.4,57.1,Fit
180.0,64.9,Fit
174.7,72.6,Fit
161.9,49.4,Fit
168.9,60.3,Fit
169.3,58.8,Fit
190.8,77.8,Fit
174.6,72.2,Fit
174.2,63.5,Fit
165.4,57.5,Fit
160.2,62.4,Fit
180.2,71.9,Fit
172.2,60.5,Fit
155.9,55.4,Fit
170.0,71.5,Fit
174.2,75.2,Fit
141.9,33.7,Fit
154.9,42.6,Fit
169.0,70.8,Fit
143.8,43.2,Fit
145.6,29.0,Fit
162.0,51.9,Fit
170.4,60.4,Fit
170.9,61.8,Fit
182.4,79.3,Fit
165.9,53.1,Fit
160.9,64.4,Fit
150.6,52.2,Fit
160.8,46.6,Fit
172.8,63.1,Fit
173.3,70.0,Fit
167.9,62.3,Fit
171.0,67.4,Fit
179.0,65.8,Fit
165.8,64.9,Fit
180.0,68.1,Fit
157.0,74.6,Obese
164.2,48.8,Fit
159.7,77.7,Obese
173.7,58.8,Fit
153.8,62.2,Obese
161.5,64.0,Fit
144.5,38.7,Fit
171.5,69.5,Fit
178.7,66.3,Fit
175.0,69.6,Fit
173.9,67.7,Fit
174.2,64.0,Fit
172.7,62.2,Fit
171.8,67.6,Fit
172.5,58.2,Fit
157.8,47.8,Fit
162.8,65.9,Fit
165.8,63.9,Fit
161.3,46.8,Fit
147.8,40.0,Fit
151.4,33.3,Fit
167.5,69.0,Fit
175.0,72.9,Fit
165.1,51.3,Fit
195.4,89.2,Fit
154.9,68.7,Obese
169.9,51.2,Fit
179.2,65.7,Fit
176.7,56.2,Fit
172.2,72.8,Fit
176.8,68.0,Fit
165.6,57.2,Fit
183.3,75.7,Fit
179.1,66.1,Fit
155.6,50.1,Fit
168.5,64.7,Fit
148.0,43.3,Fit
181.7,68.9,Fit
167.5,60.4,Fit
179.8,71.9,Fit
163.8,63.8,Fit
144.6,50.7,Fit
194.0,70.8,Fit
166.4,72.2,Obese
154.0,52.6,Fit
177.6,66.7,Fit
187.4,70.0,Fit
162.8,74.2,Obese
163.9,78.0,Obese
167.6,76.7,Obese
152.8,52.3,Fit
157.4,57.3,Fit
184.6,86.9,Obese
163.5,56.9,Fit
155.8,57.7,Fit
160.0,58.2,Fit
176.8,84.1,Obese
143.3,56.6,Obese
167.8,60.8,Fit
192.1,93.4,Obese
187.3,77.2,Fit
171.3,60.2,Fit
179.5,68.6,Fit
179.4,72.0,Fit
163.6,52.6,Fit
175.2,63.4,Fit
184.7,63.5,Fit
151.1,43.6,Fit
171.3,66.5,Fit
169.0,71.2,Fit
166.1,68.0,Fit
165.2,63.5,Fit
167.5,49.5,Fit
168.5,55.6,Fit
177.3,67.6,Fit
170.2,71.5,Fit
163.0,54.0,Fit
155.8,43.6,Fit
159.8,67.8,Obese
167.9,56.1,Fit
157.2,45.4,Fit
175.4,69.5,Fit
169.7,63.0,Fit
177.6,65.4,Fit
158.0,54.9,Fit
155.9,46.0,Fit
177.5,65.2,Fit
166.4,60.6,Fit
162.8,42.0,Fit
172.7,73.2,Fit
172.3,54.3,Fit
151.2,42.8,Fit
180.2,79.5,Fit
160.5,61.2,Fit
183.7,74.9,Fit
150.3,36.1,Fit
168.5,57.6,Fit
163.0,56.7,Fit
143.3,44.0,Fit
172.2,74.4,Obese
143.8,61.5,Obese
161.8,62.5,Fit
177.1,64.8,Fit
159.2,65.5,Obese
155.1,48.2,Fit
173.8,45.5,Fit
162.3,47.9,Fit
160.5,37.7,Fit
179.0,67.4,Fit
152.2,49.5,Fit
159.9,43.5,Fit
174.5,60.2,Fit
151.4,39.0,Fit
184.5,73.9,Fit
162.6,51.3,Fit
174.6,75.2,Fit
174.6,68.4,Fit
163.3,71.5,Obese
159.7,52.5,Fit
164.5,76.7,Obese
172.8,65.7,Fit
154.1,48.0,Fit
151.8,69.9,Obese
181.3,57.7,Fit
156.9,49.7,Fit
168.9,49.4,Fit
162.8,43.6,Fit
163.3,42.1,Fit
180.7,76.8,Fit
164.1,48.6,Fit
161.1,55.0,Fit
162.0,64.9,Fit
159.5,59.6,Fit
157.6,58.0,Fit
159.5,65.7,Obese
183.3,86.8,Obese
172.8,55.7,Fit
161.2,61.0,Fit
175.8,65.8,Fit
147.5,46.7,Fit
180.1,59.3,Fit
179.2,66.4,Fit
189.6,75.7,Fit
176.1,79.7,Obese
169.8,54.2,Fit
179.2,51.6,Fit
158.1,55.0,Fit
160.7,46.7,Fit
164.3,58.3,Fit
180.1,76.6,Fit
155.6,52.5,Fit
154.4,49.0,Fit
167.6,60.5,Fit
172.9,72.5,Fit
157.3,45.2,Fit
172.4,71.2,Fit
180.1,63.3,Fit
178.2,74.7,Fit
168.9,50.4,Fit
164.0,63.5,Fit
184.1,73.7,Fit
165.2,60.8,Fit
175.3,75.3,Fit
186.5,70.0,Fit
174.2,66.6,Fit
154.0,54.6,Fit
151.4,48.0,Fit
161.7,63.3,Fit
172.8,68.3,Fit
169.9,58.9,Fit
189.3,88.9,Fit
169.8,67.9,Fit
161.4,50.6,Fit
152.5,44.4,Fit
178.0,67.9,Fit
164.9,63.4,Fit
148.4,30.8,Fit
165.2,53.7,Fit
154.0,47.6,Fit
160.3,45.0,Fit
165.1,51.8,Fit
155.0,54.0,Fit
159.6,52.2,Fit
156.8,50.8,Fit
157.1,43.3,Fit
153.9,50.4,Fit
159.7,44.1,Fit
155.2,64.6,Obese
171.5,78.6,Obese
167.2,57.7,Fit
178.1,60.8,Fit
185.8,82.7,Fit
172.5,70.2,Fit
169.9,78.5,Obese
173.1,83.1,Obese
170.1,47.5,Fit
165.6,69.6,Obese
164.7,57.9,Fit
153.8,56.4,Fit
174.2,73.0,Fit
164.7,65.5,Fit
180.9,80.0,Fit
175.1,62.9,Fit
158.1,47.4,Fit
178.7,79.8,Fit
136.8,34.2,Fit
186.2,91.2,Obese
150.3,43.6,Fit
170.4,60.9,Fit
169.7,61.8,Fit
177.4,56.9,Fit
161.4,45.0,Fit
141.4,51.3,Obese
161.4,43.5,Fit
162.6,78.3,Obese
142.5,43.9,Fit
165.5,52.0,Fit
153.2,55.0,Fit
172.1,45.5,Fit
162.3,55.3,Fit
186.6,74.9,Fit
162.2,47.7,Fit
169.7,58.3,Fit
162.7,70.4,Obese
147.1,49.1,Fit
162.7,61.5,Fit
173.3,59.8,Fit
171.6,54.2,Fit
161.8,55.6,Fit
149.0,29.2,Fit
172.1,56.4,Fit
169.6,53.3,Fit
174.3,50.5,Fit
162.0,62.9,Fit
146.5,46.2,Fit
170.9,59.3,Fit
164.9,65.2,Fit
180.3,58.4,Fit
165.3,49.4,Fit
164.5,68.5,Obese
169.6,81.5,Obese
158.4,60.7,Fit
157.9,58.6,Fit
163.9,54.5,Fit
154.9,48.3,Fit
162.5,59.9,Fit
186.3,87.4,Obese
176.5,71.9,Fit
168.4,70.0,Fit
182.1,65.6,Fit
155.9,58.4,Fit
192.4,76.1,Fit
159.9,57.4,Fit
187.0,81.9,Fit
187.0,72.7,Fit
145.7,38.6,Fit
181.1,75.1,Fit
161.9,56.6,Fit
158.8,56.5,Fit
170.8,69.4,Fit
153.9,62.6,Obese
170.5,69.3,Fit
154.7,56.9,Fit
166.9,57.3,Fit
179.7,68.3,Fit
169.3,66.7,Fit
161.0,54.2,Fit
171.0,67.9,Fit
149.5,42.7,Fit
155.8,68.8,Obese
160.3,58.1,Fit
173.7,67.4,Fit
169.5,59.3,Fit
170.9,79.5,Obese
164.7,49.7,Fit
156.3,48.1,Fit
181.4,79.2,Fit
157.3,56.4,Fit
169.6,58.7,Fit
163.8,54.6,Fit
171.2,62.1,Fit
158.3,56.0,Fit
176.6,81.0,Obese
180.2,76.2,Fit
175.9,76.3,Fit
166.7,57.7,Fit
160.2,60.6,Fit
196.0,72.1,Fit
154.1,53.7,Fit
174.7,68.1,Fit
168.7,77.2,Obese
164.3,71.9,Obese
167.0,59.3,Fit
159.4,49.4,Fit
169.7,57.0,Fit
168.5,60.1,Fit
194.5,93.6,Fit
176.8,72.1,Fit
170.7,68.2,Fit
171.3,71.1,Fit
185.2,67.5,Fit
154.3,46.7,Fit
163.0,62.6,Fit
144.0,39.4,Fit
171.1,52.2,Fit
174.3,58.2,Fit
154.0,60.6,Obese
180.8,68.9,Fit
157.1,56.1,Fit
161.2,48.9,Fit
166.3,63.9,Fit
182.5,71.1,Fit
155.6,56.8,Fit
168.2,58.4,Fit
173.5,70.3,Fit
171.3,60.3,Fit
171.7,64.2,Fit
173.4,64.0,Fit
158.9,55.8,Fit
183.6,76.4,Fit
163.8,55.1,Fit
162.3,57.0,Fit
179.8,72.6,Fit
158.1,59.0,Fit
168.5,61.9,Fit
157.0,47.2,Fit
192.7,82.4,Fit
190.4,85.1,Fit
163.8,48.4,Fit
170.7,53.5,Fit
165.1,54.6,Fit
161.2,55.6,Fit
166.3,43.3,Fit
164.6,64.2,Fit
148.3,46.9,Fit
167.9,43.2,Fit
164.5,50.7,Fit
168.4,60.0,Fit
164.1,45.1,Fit
161.0,64.8,Fit
174.6,68.6,Fit
170.9,69.7,Fit
180.4,63.3,Fit
170.4,67.2,Fit
162.8,53.0,Fit
171.8,63.4,Fit
143.2,47.9,Fit
188.1,77.3,Fit
168.0,68.6,Fit
189.0,79.7,Fit
155.4,49.4,Fit
152.7,58.0,Fit
169.0,71.3,Fit
169.0,63.5,Fit
168.7,73.3,Obese
167.0,59.5,Fit
158.1,54.0,Fit
148.7,48.7,Fit
168.1,61.1,Fit
150.9,47.6,Fit
149.9,43.7,Fit
160.8,48.9,Fit
169.7,64.3,Fit
186.9,86.4,Fit
175.8,74.5,Fit
180.8,75.0,Fit
172.2,75.2,Obese
169.0,63.0,Fit
192.6,73.7,Fit
150.4,47.0,Fit
160.5,56.2,Fit
161.3,53.1,Fit
174.8,72.1,Fit
154.2,59.8,Obese
173.4,52.3,Fit
171.4,63.4,Fit
173.9,43.3,Fit
173.7,65.7,Fit
181.9,72.0,Fit
164.5,73.7,Obese
170.8,76.0,Obese
156.9,61.6,Obese
154.4,44.8,Fit
184.4,66.7,Fit
156.1,44.8,Fit
172.1,77.3,Obese
170.8,56.9,Fit
177.9,66.6,Fit
