Height,Weight
168.4,37.5
153.6,65.2
173.3,65.2
175.3,58.6
143.5,41.6
150.7,65.5
166.4,71.9
161.5,55.5
164.8,42.7
155.6,37.2
174.7,78.4
173.6,47.1
165.7,58.7
177.4,109.5
170.1,70.6
155.5,64.4
169.1,47.0
154.5,34.1
174.7,79.1
164.5,55.3
163.0,76.0
157.5,56.7
178.4,123.4
163.3,51.6
160.3,62.4
161.1,45.2
170.9,81.2
169.0,71.0
169.5,50.3
169.7,60.1
188.6,100.3
160.5,77.0
159.4,36.2
156.0,48.1
171.8,93.7
177.4,68.2
163.7,63.2
155.8,70.3
155.9,35.0
172.2,52.6
173.2,62.6
171.0,83.9
157.7,71.5
167.6,74.1
166.3,60.2
167.4,80.1
174.6,66.3
167.5,71.9
172.5,80.6
165.7,87.4
168.2,62.9
171.9,61.1
149.0,69.7
161.5,79.4
159.8,49.5
158.0,39.8
162.0,77.5
181.4,49.3
155.5,29.3
175.7,65.4
146.5,48.7
161.3,41.4
166.8,64.5
171.4,68.7
172.8,58.5
173.7,96.9
161.2,63.6
159.9,73.2
174.4,45.1
162.9,36.4
151.0,57.0
152.5,79.0
154.9,37.6
170.5,66.1
166.6,42.5
172.6,54.8
160.3,59.4
166.7,53.8
171.9,45.4
161.6,37.5
170.0,35.3
157.7,61.9
161.0,66.0
160.8,65.8
151.8,37.1
170.4,78.9
159.8,66.8
165.1,60.1
170.3,61.4
169.9,53.8
172.3,68.2
163.9,83.4
160.3,73.6
164.1,55.4
146.4,55.3
149.1,32.4
150.5,60.7
154.0,39.7
169.4,73.5
155.0,97.4
160.8,48.4
179.3,114.6
161.1,64.4
173.1,54.7
154.7,40.7
162.7,93.7
154.5,59.9
161.3,48.7
174.2,63.7
146.0,53.4
169.8,63.3
167.6,67.0
158.5,81.8
149.1,32.0
165.8,70.1
159.2,54.6
167.6,54.3
165.2,76.2
182.6,51.4
162.4,25.0
153.7,55.4
167.0,59.3
167.4,41.4
180.0,45.6
174.2,95.7
168.9,69.7
181.1,72.4
151.9,83.7
158.0,70.2
154.8,79.3
160.7,39.1
149.9,31.1
172.0,74.3
162.6,64.4
148.8,67.5
153.8,27.6
168.4,73.0
174.2,81.6
187.0,90.9
197.1,79.3
169.6,71.0
154.1,40.6
141.5,39.7
167.9,46.4
156.1,42.2
160.4,53.0
158.3,47.7
163.5,47.4
176.7,49.2
166.7,90.6
163.3,51.1
153.6,56.9
146.6,25.0
159.7,76.4
164.4,62.0
184.4,68.2
166.4,54.4
175.8,81.0
159.5,25.0
152.0,38.4
154.4,50.6
157.0,52.3
188.4,115.7
156.0,48.5
174.2,81.6
155.1,80.1
175.2,77.6
169.2,52.9
163.3,39.4
164.6,70.8
157.8,79.5
169.9,71.7
160.0,74.8
151.5,89.4
150.9,62.7
166.9,44.8
182.4,73.9
166.8,81.7
163.7,55.2
168.1,84.8
179.4,69.8
167.4,66.7
160.5,51.4
177.2,71.4
169.7,66.6
181.9,48.7
167.0,54.7
151.5,32.0
150.0,43.4
183.2,61.9
184.0,89.6
163.0,73.8
160.8,65.3
181.1,53.1
152.8,49.9
155.2,32.8
172.1,62.9
160.7,66.5
164.9,74.7
163.2,65.7
168.7,81.5
180.5,75.6
166.0,57.1
172.1,78.3
142.4,58.2
164.5,51.6
155.7,59.0
151.6,46.1
155.3,25.0
161.3,63.9
175.1,48.0
150.4,54.7
165.3,37.1
159.7,45.3
161.4,50.8
176.0,86.2
170.9,56.3
179.7,54.9
163.3,64.1
157.3,51.2
162.5,70.0
167.7,46.7
166.9,64.5
153.1,88.6
166.0,57.0
167.5,64.5
192.7,56.8
185.6,63.0
155.6,60.2
161.8,52.7
148.9,58.0
158.5,61.6
168.5,42.7
178.3,85.1
157.0,35.6
157.8,43.3
141.4,47.4
163.2,82.1
153.3,36.7
159.2,58.0
155.4,55.4
164.0,69.0
145.7,64.4
148.9,42.7
188.4,93.3
150.8,70.0
152.9,78.2
185.2,83.0
197.0,87.7
152.1,43.8
160.9,35.1
168.8,58.5
184.0,76.2
154.1,50.6
162.3,66.9
173.6,44.5
169.8,60.7
160.9,86.9
163.5,73.8
149.9,58.7
162.4,63.9
162.1,52.3
167.6,35.5
158.9,62.4
170.2,27.0
176.1,63.4
166.7,61.1
168.9,56.0
165.6,92.9
165.0,87.3
157.1,69.8
168.5,48.6
163.9,87.9
188.0,87.1
182.3,59.0
169.2,63.5
156.6,68.3
152.8,42.4
178.1,71.9
167.9,66.8
170.3,47.3
145.8,42.7
175.2,52.1
170.0,76.6
152.8,37.7
159.8,60.6
167.9,41.2
165.6,43.3
161.8,39.9
163.9,54.7
162.2,60.6
166.7,66.6
181.2,45.6
136.8,38.6
162.4,46.8
166.9,69.3
168.3,58.3
160.9,55.7
145.7,35.5
168.6,88.4
184.0,55.2
148.1,42.3
174.5,68.6
161.4,53.5
164.3,47.9
153.4,25.0
161.3,46.9
179.3,56.3
171.4,89.8
184.1,108.5
178.0,68.9
169.8,42.4
184.2,85.7
169.8,48.7
174.1,58.5
161.7,48.1
165.7,52.9
157.3,49.1
175.9,48.4
152.0,40.3
173.6,81.6
162.9,57.9
177.9,71.5
173.3,32.6
185.0,89.5
173.0,55.6
147.7,64.9
164.3,61.7
152.1,42.5
159.3,30.7
181.6,105.2
172.0,77.1
157.3,67.4
153.8,79.4
165.4,63.5
151.6,70.9
157.6,47.5
168.4,73.5
177.7,60.0
171.7,57.3
139.8,44.4
168.3,43.3
165.8,65.4
169.6,58.6
182.8,43.7
142.3,37.7
158.5,50.1
171.5,77.5
147.6,52.2
181.2,94.0
169.1,70.7
174.3,58.5
158.7,54.5
174.0,61.3
176.8,76.1
167.6,62.7
167.6,52.4
168.0,62.2
155.5,60.1
163.4,43.6
163.3,63.4
169.2,39.3
176.0,84.7
153.4,59.6
163.6,83.3
181.3,55.6
156.8,71.1
156.0,67.5
167.2,58.8
174.3,61.2
165.1,43.7
179.6,50.8
174.4,55.7
174.3,48.0
171.1,88.3
190.6,57.4
162.7,60.5
143.0,51.5
182.6,78.8
160.0,63.0
166.2,75.0
179.4,64.1
147.4,49.1
151.2,45.9
147.4,67.3
156.3,85.2
169.8,45.5
170.8,33.7
168.0,70.7
149.5,65.2
139.6,72.2
165.6,71.4
159.8,77.1
170.1,88.5
172.7,87.6
166.5,74.2
173.4,46.9
167.5,61.6
170.8,68.7
157.2,52.9
163.0,57.9
167.2,85.0
174.0,55.3
160.7,68.8
170.7,68.9
162.1,44.9
163.7,42.8
174.1,41.2
143.1,52.3
150.7,49.0
148.7,36.3
139.3,25.0
157.5,61.1
173.2,63.4
161.9,46.9
167.2,47.0
177.0,65.3
179.6,78.0
164.2,54.4
179.9,53.4
166.0,59.8
155.8,69.1
158.5,55.8
148.7,49.7
155.2,48.1
161.1,43.7
173.8,52.6
183.9,49.5
149.8,67.1
169.3,70.0
153.6,53.1
170.2,68.2
163.6,63.9
144.9,35.1
175.2,62.7
158.3,48.0
159.1,93.4
153.2,67.0
157.8,57.3
169.7,83.9
162.9,77.0
168.6,41.8
169.0,59.5
179.5,70.7
161.2,66.4
148.8,45.3
176.7,67.2
161.4,50.4
177.3,84.9
169.2,41.3
163.6,52.4
168.8,35.1
186.5,61.0
187.8,82.4
165.8,65.5
166.8,56.5
176.8,85.7
155.7,73.6
168.7,61.5
164.7,63.4
168.5,55.6
155.8,62.8
147.5,30.0
142.2,71.4
152.7,68.4
160.0,38.3
161.8,45.7
186.3,82.7
177.2,64.0
154.4,60.6
168.8,57.3
160.5,79.6
161.9,57.8
167.0,97.7
171.8,74.0
161.3,37.0
176.7,100.0
152.4,67.6
165.1,65.6
193.6,92.1
167.5,43.9
180.8,44.8
166.0,60.0
171.4,85.3
164.4,65.4
163.1,84.2
156.4,73.7
169.7,63.7
155.6,71.0
172.3,88.2
176.9,67.7
169.0,59.7
161.9,59.7
170.0,27.4
161.6,61.7
175.3,78.4
144.9,48.3
161.3,62.4
143.1,44.4
148.6,25.0
180.0,96.2
174.8,61.7
157.1,45.0
148.5,68.9
132.4,53.2
159.0,59.7
191.6,92.3
169.8,46.1
158.8,54.3
170.1,83.1
147.8,37.9
161.7,42.6
166.1,61.9
164.1,60.7
173.7,76.1
168.8,42.0
172.4,27.1
157.4,68.3
174.9,51.0
182.9,64.5
154.3,25.0
155.2,68.4
179.7,76.3
162.9,63.0
180.4,76.2
160.1,25.5
181.0,57.3
166.4,54.2
167.8,50.7
182.2,69.0
161.0,60.7
154.6,67.7
160.1,34.2
170.0,63.4
147.8,58.7
172.0,51.2
159.1,52.8
177.6,76.4
138.7,42.5
156.3,63.9
146.4,48.6
155.9,48.8
167.7,44.3
163.0,62.2
162.2,59.4
163.2,43.7
167.2,70.3
153.9,71.1
172.8,55.8
172.3,54.4
169.2,51.5
171.1,39.2
168.3,92.4
187.4,70.5
164.0,46.3
161.6,40.6
156.7,48.2
153.6,41.5
151.3,71.9
155.2,34.3
164.2,36.3
168.7,70.9
165.6,58.7
156.6,50.6
174.9,75.7
173.1,68.0
163.2,57.9
157.8,33.7
171.0,39.3
167.1,50.9
149.1,32.6
164.3,63.4
167.9,35.0
155.1,46.2
167.1,58.8
149.0,48.2
179.7,77.0
178.7,65.4
162.2,47.9
169.0,81.5
138.5,37.4
152.3,72.3
161.8,52.7
153.2,51.4
172.9,63.7
187.0,80.4
152.1,44.6
155.8,54.8
167.6,84.8
182.7,89.2
151.6,66.4
167.7,41.8
185.0,57.6
146.8,50.7
150.9,61.7
160.3,48.8
159.3,45.3
173.9,87.5
167.7,72.1
145.5,62.4
170.7,57.5
158.6,47.6
179.0,84.7
158.1,51.0
158.0,45.8
171.0,50.6
173.4,58.5
169.9,76.7
146.5,25.0
170.9,73.7
153.6,41.3
167.6,58.6
149.3,46.9
169.9,60.2
156.1,49.3
150.9,43.4
172.9,57.2
167.7,81.6
158.2,55.5
181.0,70.2
160.2,46.8
165.4,54.0
168.0,52.4
158.2,66.5
170.2,52.4
159.1,25.0
160.5,57.5
180.0,67.1
153.6,43.1
138.5,55.8
182.7,32.4
193.0,105.6
160.5,72.5
143.7,36.0
161.6,50.7
161.9,65.2
162.9,66.4
152.8,41.8
171.4,40.4
170.8,95.9
148.6,62.9
172.7,68.0
187.6,80.0
166.9,70.6
161.3,68.3
163.4,27.5
171.8,59.6
146.0,40.0
166.8,58.8
160.7,68.4
185.3,48.7
163.1,38.3
183.3,63.7
152.9,53.7
171.5,77.2
168.5,86.9
155.4,48.9
167.0,73.8
178.3,80.6
161.4,65.5
146.4,46.8
164.8,53.8
155.1,36.9
161.2,40.2
164.1,64.5
146.2,46.2
147.2,41.5
170.3,73.8
159.3,52.8
136.8,27.5
173.6,62.3
168.0,74.4
157.1,39.0
150.5,53.0
174.2,65.9
168.8,51.3
191.2,76.0
169.6,39.7
169.3,64.7
163.2,38.1
174.0,82.7
171.9,63.6
178.8,61.7
159.3,73.2
160.2,41.0
159.7,44.9
173.7,38.9
181.5,92.1
160.0,84.4
160.3,31.4
168.5,50.2
162.3,59.0
175.5,60.0
140.2,42.8
155.9,51.7
156.4,59.9
139.5,28.4
154.4,55.3
154.9,36.1
162.8,52.1
177.2,43.1
162.3,51.9
153.7,43.4
164.4,73.6
176.5,67.7
154.3,54.2
155.0,52.5
171.1,32.5
162.6,28.2
172.1,60.4
164.8,64.0
172.7,62.1
153.6,39.0
164.9,56.2
162.7,53.3
151.6,62.3
147.8,58.9
172.5,57.2
161.1,56.4
153.8,56.2
163.9,65.5
177.4,94.0
139.9,42.6
148.5,66.1
154.8,35.4
181.1,62.6
168.1,30.1
173.4,68.4
152.5,60.8
152.7,25.0
169.9,66.3
165.6,69.4
171.0,72.6
162.9,40.5
168.1,73.7
166.7,61.3
173.6,75.1
173.9,64.6
147.2,53.4
140.3,59.9
176.0,65.1
178.1,74.0
153.8,70.8
144.5,44.0
166.1,43.8
175.2,77.7
184.8,96.6
170.7,83.4
160.9,67.7
155.2,25.0
165.1,50.4
161.7,48.8
153.8,52.7
187.5,102.7
184.6,58.8
177.5,102.9
154.9,47.0
174.4,55.4
172.0,77.8
169.9,77.3
178.7,80.0
172.0,53.5
173.1,73.5
172.0,49.6
168.7,50.7
145.4,45.1
165.9,48.3
158.9,71.3
150.9,41.4
183.5,70.8
184.0,61.3
180.0,86.8
167.8,52.0
179.9,88.3
165.1,76.0
167.2,54.8
153.0,51.9
169.4,56.0
165.7,68.6
150.7,47.0
164.4,53.2
164.1,60.0
184.8,51.4
174.8,66.1
165.1,69.7
167.7,64.0
165.5,74.5
162.8,52.6
153.1,44.7
163.3,41.9
156.8,48.0
151.2,79.8
170.6,68.2
169.3,54.3
145.3,31.4
163.7,34.9
176.0,55.7
176.7,80.0
176.3,62.0
165.4,45.8
155.7,40.6
153.1,61.3
168.8,61.5
169.2,53.6
179.2,66.0
177.1,102.1
163.5,77.1
151.3,72.4
161.5,31.1
167.4,59.4
162.8,48.6
158.6,63.5
167.8,77.8
159.5,60.8
158.1,41.9
168.4,52.5
160.6,66.0
167.7,72.7
168.0,64.2
152.5,53.1
159.7,56.9
180.8,76.0
152.2,61.7
141.7,53.6
144.5,46.3
165.3,59.4
165.3,58.8
163.7,47.3
178.4,58.1
135.6,48.6
169.4,52.4
182.2,85.2
152.6,50.5
160.8,69.2
156.7,63.6
155.2,65.6
161.4,50.2
180.7,78.0
185.2,86.5
161.3,34.0
186.0,101.6
165.4,94.2
184.3,88.9
164.0,71.2
166.4,69.8
169.0,58.0
200.0,86.3
174.4,81.4
157.2,39.8
175.7,52.0
161.0,51.1
159.6,65.9
175.0,54.4
165.3,56.8
168.1,60.5
165.2,44.8
168.7,26.0
169.7,47.9
143.7,49.3
172.3,72.6
154.2,59.7
149.1,58.1
164.4,50.0
165.9,48.0
157.4,60.1
174.1,63.5
150.2,63.3
160.5,62.4
158.6,74.6
164.5,52.5
168.1,78.2
153.9,82.6
173.0,66.6
165.7,67.9
144.2,31.8
143.5,58.7
164.9,76.7
162.6,50.7
163.9,67.9
164.7,63.9
167.5,67.6
175.4,79.9
152.8,59.1
152.1,48.8
153.0,64.0
168.2,78.9
178.7,61.9
160.3,56.5
137.5,25.0
146.3,55.8
155.8,71.8
158.9,51.7
160.5,58.7
165.4,56.9
161.6,51.7
176.5,72.1
157.6,42.9
155.5,49.7
170.3,50.2
148.1,57.1
169.3,66.6
166.1,54.2
163.4,59.3
182.5,69.9
158.2,72.2
187.7,70.9
162.5,67.6
151.0,39.6
165.8,72.7
153.2,67.2
156.7,70.3
169.4,85.2
171.1,68.8
158.2,73.6
175.9,92.4
177.7,52.7
180.8,62.9
170.8,41.8
180.0,87.2
144.3,25.0
161.5,30.7
155.5,36.7
166.3,34.8
158.7,59.5
163.2,42.3
185.7,50.5
163.1,57.9
169.6,63.5
162.4,30.0
165.8,49.8
165.1,58.8
169.9,58.2
177.8,64.6
183.1,91.5
168.4,94.6
171.5,60.0
152.3,31.2
164.0,55.7
175.3,70.6
174.5,66.2
167.3,70.8
174.8,100.4
170.4,38.2
178.2,62.3
168.2,85.3
161.1,49.3
168.7,74.4
132.8,48.2
169.2,81.5
124.9,63.0
146.0,51.9
170.0,37.4
170.3,53.3
152.2,83.8
157.2,33.1
180.1,78.8
159.7,25.0
189.7,58.9
165.0,73.2
169.5,63.7
182.8,67.9
166.4,48.7
154.0,25.0
163.8,69.4
164.6,55.4
150.0,26.7
162.2,58.3
156.8,62.8
175.2,64.5
165.4,61.9
161.9,58.2
163.8,48.4
167.5,62.5
171.8,76.0
154.0,67.7
153.5,63.7
177.2,58.9
160.5,66.2
149.4,56.1
169.9,52.8
170.1,56.7
148.2,58.5
167.5,82.4
173.1,38.7
169.1,87.5
172.0,82.5
149.6,52.2
168.6,59.0
161.7,63.4
159.7,46.5
174.6,64.4
181.3,50.2
184.7,49.0
179.5,105.8
163.8,60.0
168.9,65.8
173.4,65.7
166.3,48.5
166.4,56.3
174.1,68.0
164.3,56.5
157.0,42.9
160.4,63.8
172.0,67.9
165.0,65.8
168.7,73.2
172.4,62.8
160.9,54.4
173.3,88.3
169.2,48.8
151.4,25.0
180.9,80.3
159.5,46.5
146.8,31.2
153.5,65.1
153.8,49.8
165.6,41.4
162.0,86.8
161.3,33.1
171.8,63.6
168.7,34.3
168.5,66.5
169.5,53.6
171.8,77.2
141.8,44.0
161.0,77.3
141.0,37.3
165.4,36.1
164.9,63.4
176.5,64.7
178.1,42.5
167.2,45.7
159.5,44.9
170.3,87.2
159.2,66.4
165.0,54.7
175.8,75.1
158.9,25.0
173.9,58.0
172.5,71.4
154.5,55.0
175.7,59.8
172.7,65.0
166.1,65.8
156.6,53.8
155.5,66.1
159.1,60.5
171.0,72.0
154.5,78.2
169.8,75.9
151.3,76.5
162.8,48.2
166.2,36.9
191.9,78.9
149.8,46.0
181.2,94.1
166.6,44.1
169.5,62.0
166.3,66.9
169.9,65.0
163.3,56.1
181.0,77.4
160.0,72.5
177.5,92.3
157.9,55.4
164.3,47.2
153.2,74.7
170.0,47.4
180.9,98.9
164.1,79.4
162.8,80.7
152.7,61.6
162.5,26.4
147.5,32.3
155.0,57.4
167.5,51.6
179.5,66.2
195.9,93.6
158.5,52.8
180.8,53.6
167.7,75.1
163.3,66.4
169.8,59.7
165.7,71.1
166.2,62.2
160.5,76.6
149.6,51.5
148.0,68.1
172.2,37.1
162.0,64.6
158.4,49.3
165.1,47.1
173.7,83.8
167.0,74.7
157.8,25.0
178.5,80.8
182.4,82.1
170.4,53.1
175.7,55.4
178.7,46.4
177.4,64.2
171.8,62.2
171.6,76.7
170.7,68.2
152.9,35.6
172.7,69.2
150.1,45.7
156.3,39.7
179.3,46.9
174.2,76.2
181.4,79.1
162.0,66.1
152.3,40.1
162.4,60.6
166.1,40.1
165.9,45.7
177.5,69.8
161.0,61.0
168.9,38.3
154.1,36.4
170.0,58.1
165.0,74.3
156.8,41.9
162.4,60.1
163.0,62.1
162.0,54.0
184.5,78.9
163.9,38.9
162.3,48.1
141.9,65.8
155.2,75.5
162.1,70.5
157.5,71.0
180.2,44.0
163.2,44.4
179.2,66.0
165.7,96.6
165.4,55.5
164.0,70.4
165.0,65.6
183.9,79.7
139.5,42.4
143.0,27.0
159.0,25.0
165.2,79.2
172.6,56.3
170.2,35.7
160.8,63.4
176.2,74.6
176.3,79.9
167.0,78.1
175.6,54.0
168.0,49.0
158.8,50.7
172.7,77.9
166.2,29.2
165.0,61.8
181.2,86.2
138.0,55.3
149.4,59.7
151.9,66.7
161.0,25.0
162.2,82.1
148.4,53.4
154.2,72.3
155.5,35.6
192.0,54.8
184.8,101.9
160.5,42.8
161.0,52.4
152.4,59.0
144.0,57.2
163.7,75.1
154.0,55.5
164.1,43.4
147.4,58.4
156.6,64.8
166.6,33.9
169.0,84.1
169.6,26.0
150.5,65.3
174.4,57.4
156.2,64.3
172.0,72.7
164.9,59.3
149.9,56.2
161.5,56.1
169.0,73.6
171.7,97.7
163.4,38.7
181.8,25.0
176.1,62.0
162.2,50.6
173.3,60.4
186.3,62.4
186.6,89.7
151.5,29.8
154.8,59.5
181.3,81.9
153.4,56.5
150.5,57.1
159.7,70.3
169.6,64.1
163.9,53.9
157.8,62.1
157.6,63.6
157.2,67.7
155.3,27.4
190.1,76.7
168.3,46.3
174.8,75.6
159.6,67.0
163.0,54.3
157.2,43.4
135.8,49.5
149.8,47.4
145.1,67.7
140.3,69.9
151.9,65.7
179.6,74.4
164.5,86.9
179.2,74.3
169.5,56.0
173.6,56.2
155.1,42.4
170.8,64.1
173.0,72.8
158.7,34.2
171.2,57.7
171.2,67.7
159.0,65.2
152.6,50.9
152.0,54.5
166.0,42.0
168.6,48.9
156.3,52.8
165.3,67.8
171.3,68.0
171.8,52.2
182.1,69.4
179.0,93.2
154.0,60.3
183.5,71.7
159.2,40.3
176.5,57.8
165.7,60.5
160.5,60.8
145.1,54.8
163.1,64.4
147.8,42.5
175.6,60.2
181.7,103.3
156.2,45.4
168.3,43.0
157.0,29.7
158.1,49.7
173.5,80.3
164.6,50.9
184.1,96.8
159.7,56.0
176.0,84.8
166.1,49.3
173.8,55.3
160.1,57.7
164.5,66.7
163.7,56.3
155.8,57.8
172.3,74.1
172.2,43.9
171.5,59.6
181.9,65.0
180.9,65.0
160.9,63.0
169.1,55.3
158.1,25.0
165.3,56.5
158.4,39.2
182.8,81.0
169.0,74.9
162.6,25.5
178.1,58.2
141.1,49.1
142.8,25.0
173.8,78.2
165.7,76.1
167.8,59.5
150.4,38.2
164.7,25.1
187.0,89.2
174.1,96.7
166.9,88.2
160.2,53.5
160.7,40.4
141.6,56.7
167.8,60.1
174.3,74.0
147.7,52.5
157.7,56.1
152.3,66.4
154.4,68.4
165.6,52.5
142.1,30.6
171.8,27.4
173.3,60.9
162.2,41.5
137.7,48.0
154.0,47.2
178.6,66.7
134.4,51.9
161.2,63.1
152.0,49.1
173.9,91.8
157.6,65.7
169.4,56.9
171.2,58.9
185.2,87.3
162.8,61.3
169.1,46.1
148.7,62.0
178.1,88.6
156.6,71.7
158.8,78.6
164.8,90.8
147.8,74.0
167.5,66.8
175.6,64.7
168.2,34.8
147.5,48.0
163.6,66.7
173.2,66.6
144.3,25.0
153.2,47.3
174.6,76.8
168.0,46.7
169.5,65.7
185.5,82.1
170.2,80.5
172.2,91.0
194.8,77.8
162.6,61.0
156.2,56.9
169.7,73.1
169.8,71.5
159.2,77.1
153.6,25.0
190.4,86.0
168.6,69.8
156.9,50.7
175.1,33.5
163.8,58.1
162.2,47.2
171.2,89.6
150.8,55.7
168.9,50.8
186.0,45.4
170.1,72.5
160.9,67.4
159.4,52.7
160.5,65.7
162.2,52.7
160.8,72.9
175.1,82.3
145.9,25.0
174.5,46.0
160.8,87.4
169.1,76.9
152.6,32.3
179.6,47.4
178.7,73.4
175.6,50.7
148.3,43.7
174.1,66.0
169.5,61.8
147.3,64.7
164.7,87.2
169.0,55.7
171.1,47.5
166.9,67.2
168.2,86.7
181.2,66.2
178.5,82.8
133.5,26.6
161.5,57.7
163.2,41.2
145.7,46.9
166.0,58.9
178.7,79.4
153.0,78.2
168.7,56.8
154.9,25.0
157.6,51.6
181.3,76.8
159.0,58.7
170.1,61.3
144.4,68.2
185.5,77.7
171.6,63.2
163.0,46.8
171.3,38.4
149.5,54.1
178.0,73.4
161.4,41.4
162.8,57.6
159.6,53.9
158.6,46.0
172.6,53.7
167.8,68.0
172.2,61.8
164.9,51.0
170.6,51.1
160.4,54.6
189.5,92.9
147.8,51.1
178.9,66.8
180.0,75.9
155.6,73.7
189.5,86.4
176.0,72.0
175.7,77.5
165.3,57.7
162.6,60.9
162.7,50.9
169.3,39.8
180.4,76.8
167.0,66.6
155.0,48.5
174.1,82.2
175.1,56.7
172.2,38.7
173.2,55.5
162.0,34.6
154.8,57.8
155.4,41.9
147.0,62.3
167.6,76.3
164.1,45.4
160.2,44.3
132.5,46.6
151.3,65.0
177.3,39.0
157.7,58.9
169.0,29.8
149.7,41.1
180.8,88.3
163.4,103.9
168.2,58.7
190.6,61.2
181.7,64.9
161.6,58.5
158.5,45.2
161.4,43.5
170.6,57.6
163.8,65.0
160.7,54.2
181.1,59.0
163.7,48.9
190.3,73.5
166.0,45.6
184.6,64.4
168.9,72.4
175.6,64.4
157.0,27.9
155.6,68.6
170.1,69.9
175.9,47.3
165.4,54.7
150.8,38.2
150.0,59.7
149.3,43.5
145.6,45.5
166.2,57.9
177.4,47.0
164.9,80.9
140.1,53.1
162.9,47.2
163.2,61.5
188.1,92.4
149.0,49.7
160.7,80.2
183.8,118.1
169.9,61.7
171.2,55.7
166.3,46.0
168.6,29.4
173.6,85.0
156.1,48.3
174.7,80.2
149.9,65.6
168.6,46.3
167.0,47.4
158.2,81.2
164.8,58.7
158.2,45.1
153.2,36.0
161.1,55.0
152.9,74.0
168.6,72.8
152.3,53.8
172.8,89.5
152.0,71.8
158.8,60.5
158.1,96.7
179.6,67.2
168.6,79.0
162.7,52.3
170.5,77.5
141.8,40.5
164.5,66.5
187.0,112.8
166.5,75.2
165.7,67.6
171.0,52.7
174.9,70.1
143.0,29.9
146.5,60.5
167.3,74.5
157.1,51.6
179.4,95.8
161.5,80.2
143.7,47.7
151.1,58.7
134.8,31.1
162.4,54.0
162.9,42.2
160.3,49.4
176.9,67.3
178.2,44.9
163.1,67.2
141.5,59.4
171.8,64.8
171.1,25.0
168.4,58.6
175.8,47.1
152.2,41.8
187.1,98.8
154.4,25.0
173.2,53.8
146.4,59.6
154.8,42.2
181.7,60.9
162.1,88.3
174.2,72.5
167.6,75.8
163.8,66.5
180.0,73.7
162.4,77.0
145.4,75.1
156.2,28.4
171.1,63.8
169.4,62.4
147.8,41.6
157.0,69.0
158.6,59.2
161.0,85.9
149.9,65.9
158.1,75.5
157.0,36.2
173.5,54.1
173.9,55.7
163.4,78.6
160.7,42.3
166.5,46.9
156.0,36.7
152.4,92.4
154.7,50.5
158.0,62.9
152.2,33.9
166.8,75.6
173.0,39.3
147.5,33.2
165.3,49.1
162.6,61.4
168.8,50.8
164.9,82.7
149.0,56.4
151.1,39.9
165.3,75.1
176.3,62.5
140.6,34.7
168.8,76.1
178.1,33.0
163.3,69.7
171.1,53.7
157.3,43.7
163.7,88.3
147.2,39.7
139.2,57.0
175.4,71.8
154.2,58.0
160.0,52.6
149.7,44.8
149.5,72.1
163.1,72.5
157.0,46.7
169.2,47.3
170.0,54.8
168.5,77.2
167.6,79.5
182.4,81.5
153.3,27.4
164.4,70.8
177.5,88.8
178.9,73.0
149.4,78.8
161.6,37.6
179.9,81.5
170.6,48.7
167.1,77.3
162.6,67.4
160.8,83.9
168.2,69.7
162.2,51.8
164.5,52.2
165.9,56.8
157.5,46.9
170.9,84.4
197.1,104.6
145.5,25.0
168.6,63.1
156.6,54.9
171.4,52.9
165.5,66.8
173.4,88.0
177.9,83.0
167.1,81.6
177.5,58.5
139.2,43.2
182.5,61.8
169.1,66.5
176.9,73.8
151.6,64.9
155.9,73.1
166.6,71.4
164.8,46.9
168.1,41.9
176.9,76.7
145.6,69.1
175.7,67.6
165.1,37.1
162.8,89.5
148.8,56.1
170.5,66.5
138.4,25.0
172.1,65.4
148.6,58.9
165.6,67.9
163.7,48.7
177.9,68.7
163.0,49.2
157.4,79.4
159.4,69.3
179.0,62.6
170.9,46.7
160.8,61.0
162.4,50.6
147.8,41.8
169.3,46.0
145.6,31.5
173.3,68.5
166.4,56.9
191.3,117.9
152.9,60.3
163.9,41.8
184.8,52.1
178.1,75.8
157.3,48.5
167.5,81.7
165.0,64.1
168.1,32.4
157.3,39.2
164.0,49.1
147.4,54.4
166.5,45.2
170.0,65.8
162.5,38.1
147.2,47.8
175.9,73.6
169.0,84.8
157.0,57.9
161.9,45.4
148.5,70.9
153.7,49.2
159.1,67.3
178.5,60.9
158.0,56.3
172.0,53.1
159.1,60.5
167.7,73.9
163.4,51.3
174.6,58.8
159.1,61.1
147.7,35.6
149.8,26.6
159.1,61.0
151.3,48.7
169.5,61.3
159.9,64.0
191.1,90.3
145.9,44.4
167.2,44.7
152.6,41.6
159.6,64.8
166.6,63.1
139.4,34.5
167.6,50.0
185.9,85.3
160.0,53.0
167.9,73.3
176.3,81.5
163.2,53.9
158.6,69.6
140.0,45.2
172.1,69.1
163.8,26.2
153.9,37.5
166.4,47.2
158.6,50.5
159.2,57.5
171.7,67.2
150.3,54.0
176.5,58.3
149.6,59.6
157.7,81.9
186.2,70.9
177.4,59.3
166.1,50.4
154.7,53.9
159.2,47.9
165.8,34.5
165.4,38.3
164.0,74.5
164.7,78.9
162.6,82.2
149.1,52.3
159.3,41.0
175.1,60.9
149.9,27.1
162.9,35.4
156.0,57.4
166.2,68.9
160.7,86.2
181.3,71.0
170.6,43.6
150.6,48.0
172.4,61.1
156.5,46.5
158.7,60.5
168.5,44.2
159.6,58.0
174.8,77.0
156.5,75.2
158.2,59.7
157.8,70.4
158.8,48.8
177.1,64.4
171.9,85.2
183.8,53.8
189.9,73.3
153.7,68.9
165.8,57.3
152.1,46.6
156.4,49.9
158.1,56.7
153.4,68.0
153.4,65.7
163.4,58.9
151.6,67.0
174.3,71.9
154.9,65.7
195.9,69.0
160.0,82.4
165.8,63.8
150.8,25.0
183.8,99.2
177.3,69.2
168.3,56.4
150.2,40.5
167.3,68.2
152.7,37.9
181.1,63.5
173.9,58.2
166.0,56.3
138.2,34.3
154.2,65.1
172.6,69.6
178.3,75.9
177.2,78.2
147.5,46.5
168.3,47.0
176.2,95.4
146.8,61.3
164.9,84.0
168.0,77.6
161.7,50.6
144.6,25.0
161.4,38.9
161.4,66.9
163.4,57.2
158.8,49.2
160.1,25.0
164.6,59.4
169.9,47.3
161.7,46.6
160.5,69.4
166.0,45.2
143.9,31.5
170.2,66.5
165.0,73.0
165.4,54.2
175.6,89.8
143.5,26.1
143.3,25.0
168.0,39.0
164.9,35.1
166.9,66.3
159.9,41.6
172.3,44.2
175.3,73.3
170.3,76.2
162.1,73.6
141.8,57.4
173.5,52.4
178.4,74.2
172.1,72.6
155.3,46.0
172.4,67.9
174.5,48.2
182.1,63.6
155.4,58.7
162.5,80.7
173.2,83.3
165.6,70.3
152.7,52.5
169.6,62.1
171.4,42.9
166.0,48.1
167.4,49.6
162.2,66.5
181.3,86.5
155.1,64.0
158.5,73.0
165.1,61.1
174.7,52.4
148.5,47.8
150.6,39.0
142.6,54.6
165.4,54.8
152.7,49.8
160.8,67.3
172.3,54.2
157.9,69.3
167.5,41.5
161.7,62.1
172.4,64.0
170.2,76.2
157.4,33.9
163.1,35.6
176.5,79.8
169.3,57.2
149.6,47.9
172.2,55.3
153.1,65.2
180.5,76.2
176.3,72.0
168.2,44.7
166.7,68.7
162.7,43.4
172.5,55.6
160.9,36.5
167.6,59.4
174.6,83.0
158.8,58.9
158.2,48.4
151.9,52.4
153.3,53.2
144.9,47.2
173.0,68.5
184.9,59.6
180.7,73.4
147.1,25.0
173.0,74.5
180.6,55.2
160.0,74.0
166.1,25.0
142.9,70.0
167.9,37.5
153.3,33.7
167.2,66.0
147.8,57.4
171.0,60.1
176.3,81.7
156.4,41.9
152.5,45.2
141.3,39.4
162.1,49.7
158.6,26.3
147.9,47.8
170.0,61.8
160.1,72.5
153.2,32.3
158.9,46.0
176.8,86.8
171.6,69.2
163.6,67.1
171.8,71.7
152.2,57.9
165.4,87.5
166.6,62.5
159.8,41.0
169.8,73.0
156.4,45.3
170.6,62.4
171.1,69.9
132.9,26.5
178.1,62.1
131.5,45.2
158.2,46.8
176.3,83.0
161.5,42.6
148.9,33.9
153.0,80.1
176.3,45.4
143.9,45.1
177.4,97.0
164.4,59.0
151.9,71.0
158.6,65.1
153.8,51.9
174.5,65.1
173.1,34.1
146.1,42.2
160.6,60.2
155.5,56.7
179.2,107.7
150.1,53.8
182.6,82.8
164.6,77.1
152.2,59.1
157.5,53.3
156.2,52.4
151.0,44.9
166.0,67.3
151.5,47.9
141.0,53.1
160.8,41.8
145.2,48.6
156.7,77.3
155.0,49.5
155.4,80.8
187.0,79.4
165.6,59.5
167.7,63.6
145.5,41.9
157.8,25.1
167.4,74.8
153.7,84.9
175.0,74.6
151.8,58.8
161.8,54.9
158.6,72.7
166.8,60.6
158.0,58.9
162.0,34.3
162.4,50.1
156.9,59.7
170.3,77.4
167.6,75.8
164.0,35.5
160.3,34.3
173.8,75.2
162.4,46.8
161.6,70.9
166.2,36.3
183.7,72.7
150.3,49.2
173.5,73.4
144.2,30.3
167.4,32.1
182.3,75.7
170.4,71.8
166.9,76.4
158.8,50.1
165.3,71.8
162.2,65.2
156.4,73.6
161.8,56.8
167.2,35.5
156.6,52.9
156.1,55.0
150.0,57.3
169.3,40.1
171.0,59.6
167.5,74.8
175.6,66.3
166.0,56.0
169.3,91.7
168.3,46.3
164.0,77.7
159.2,71.0
189.4,75.5
160.0,55.8
157.7,54.1
169.8,66.1
167.8,53.0
149.5,42.8
177.3,63.9
164.0,54.3
152.8,46.7
178.1,36.2
171.9,66.5
151.1,42.3
184.5,46.9
172.2,60.0
164.9,54.1
182.5,92.4
166.8,53.1
164.7,69.7
157.7,75.5
171.4,55.2
170.2,63.0
165.2,85.9
156.3,57.2
166.4,66.5
164.2,53.2
150.3,60.0
148.8,48.1
171.2,37.0
136.4,35.6
167.3,43.8
159.7,57.8
179.4,57.0
159.6,63.2
172.3,65.9
160.6,38.0
166.3,53.4
173.1,75.2
159.9,73.5
176.0,54.6
154.1,35.8
168.2,91.5
175.1,67.3
172.3,66.7
186.1,65.1
156.6,57.2
149.8,75.1
154.1,56.0
172.3,81.3
170.5,64.4
166.1,45.3
152.6,41.0
173.4,49.4
151.5,53.8
177.7,87.9
196.4,87.3
169.0,58.2
171.4,52.8
159.6,61.4
145.1,27.7
158.4,38.2
153.0,65.0
149.1,44.7
183.9,70.0
168.0,59.6
169.2,73.9
161.6,59.9
163.1,47.4
175.6,57.2
164.6,56.7
170.8,68.7
162.8,57.8
161.2,55.3
149.5,49.9
143.2,44.6
162.1,46.1
165.6,77.0
150.9,42.8
164.6,61.6
165.6,29.4
141.3,40.7
154.9,36.3
169.5,48.5
169.3,99.4
152.3,54.8
166.7,79.6
176.2,81.2
173.5,81.0
164.0,56.2
159.9,80.3
158.1,67.7
170.1,64.3
167.1,65.4
171.9,63.0
166.5,61.7
174.0,66.0
166.0,66.4
173.6,92.4
174.6,49.0
156.2,70.8
145.1,40.8
182.0,91.9
167.8,57.0
146.1,53.2
157.1,51.9
173.5,40.3
161.9,83.8
159.4,41.7
180.4,72.9
153.5,36.0
156.2,33.6
167.3,58.5
169.3,54.2
170.5,46.4
175.0,66.9
167.2,39.3
170.4,65.7
162.1,55.9
165.7,25.0
166.2,52.9
167.4,68.7
173.5,50.3
171.1,72.1
165.5,66.7
156.1,38.3
165.7,60.3
164.7,72.0
167.1,48.3
189.3,75.7
159.2,73.0
169.6,50.5
176.8,75.6
166.1,44.5
190.7,77.6
160.8,63.6
168.6,26.4
156.2,45.7
161.1,63.6
167.7,65.3
174.3,59.0
168.5,45.9
178.9,79.8
164.0,54.3
161.3,65.5
194.7,89.1
169.3,56.4
157.1,70.4
157.4,45.6
154.6,70.5
175.3,87.4
161.0,72.8
166.4,58.2
164.3,97.6
173.0,68.2
155.7,56.9
153.2,51.3
167.5,44.8
171.6,84.2
168.7,54.0
156.1,67.4
172.5,82.8
156.8,63.2
159.3,45.4
154.6,47.5
179.3,30.6
172.0,63.3
171.7,76.9
178.7,66.7
195.9,75.6
146.2,42.6
156.9,72.4
158.2,54.3
155.6,81.2
153.1,43.0
161.7,60.8
151.6,44.1
168.7,93.7
165.6,63.0
170.3,95.7
170.6,57.7
171.6,87.7
160.9,58.7
188.3,90.6
167.6,43.5
144.5,51.2
154.0,36.1
145.9,50.7
165.2,37.3
163.7,57.5
159.8,72.6
187.1,85.2
171.0,45.9
173.0,37.4
154.8,60.1
154.0,75.9
165.4,45.7
166.9,92.7
144.6,45.9
163.0,29.1
165.2,36.6
162.6,69.7
156.1,55.5
159.1,77.9
163.1,40.5
166.0,62.4
171.7,64.9
176.9,66.7
161.8,51.8
160.0,50.9
169.8,66.1
171.7,69.4
160.2,60.3
173.7,84.5
175.8,50.0
179.2,43.5
184.6,90.2
155.5,39.0
165.2,54.3
165.1,50.8
163.9,49.6
157.9,32.9
148.7,40.1
166.0,70.4
156.5,53.9
165.9,68.2
156.3,46.3
152.9,65.0
167.6,54.2
166.7,29.5
171.4,69.4
189.0,90.1
168.1,53.7
170.3,81.8
153.1,38.8
150.8,60.1
182.4,99.4
154.8,53.3
153.5,48.5
164.6,58.0
164.0,83.6
155.1,58.9
161.6,89.6
178.5,74.3
156.1,43.8
149.7,40.5
175.4,68.6
170.4,33.3
158.2,47.9
147.6,41.1
156.8,57.7
164.4,88.6
177.8,70.4
153.6,25.0
164.1,45.5
172.4,69.3
138.8,43.8
176.4,92.8
152.0,65.2
168.7,76.5
167.7,58.6
176.9,85.4
171.1,50.9
138.8,56.9
156.4,49.6
166.5,39.3
162.9,67.2
170.3,84.7
173.7,60.3
171.7,88.3
162.6,33.4
144.7,28.1
160.0,54.1
169.6,57.7
153.0,41.5
171.9,67.0
175.0,59.4
166.4,55.5
131.3,42.1
150.9,40.1
185.7,74.3
159.0,45.9
143.2,27.0
178.6,81.6
165.1,85.6
177.2,85.0
168.0,67.1
170.0,54.0
169.0,58.5
172.7,81.4
190.1,45.2
175.7,62.5
147.6,59.0
169.9,46.4
177.6,75.7
178.2,75.5
160.3,34.7
177.8,70.9
175.2,58.3
193.3,88.4
156.7,64.1
159.4,61.9
161.6,58.6
159.6,60.4
155.2,35.4
134.6,39.4
160.2,44.5
169.1,78.4
159.6,66.3
186.3,86.6
165.1,85.7
179.2,65.7
167.9,53.8
174.1,61.4
168.1,38.1
180.1,48.5
165.6,69.7
170.5,43.0
169.0,46.7
161.8,56.1
169.5,57.0
189.6,92.4
162.0,58.7
169.6,51.3
178.8,84.9
177.5,80.3
165.1,38.8
138.8,46.2
170.7,53.4
140.6,32.4
181.2,100.3
166.9,63.1
176.0,64.9
155.1,54.2
147.9,61.3
167.9,51.5
164.6,51.7
159.6,65.9
165.9,37.8
195.4,98.9
174.2,42.7
176.5,64.9
174.3,42.8
181.3,56.4
162.9,77.9
142.4,60.3
162.9,75.7
173.9,44.8
154.3,36.6
163.1,63.6
157.4,65.2
181.5,60.5
173.2,57.3
172.2,48.2
171.8,89.8
164.6,52.5
167.2,62.0
152.0,52.1
140.9,60.3
166.7,46.8
168.6,80.0
178.3,50.8
182.3,90.6
182.3,47.4
154.0,50.6
161.1,81.5
170.3,74.3
192.9,88.1
181.3,56.6
177.3,58.1
160.7,77.0
155.3,60.1
173.7,79.7
152.9,52.5
162.4,53.8
163.7,70.5
182.5,77.2
161.1,54.5
138.2,25.0
170.5,78.3
157.3,61.0
165.5,51.1
164.0,76.9
162.0,61.4
173.7,70.3
148.1,61.5
159.3,65.9
172.5,69.9
158.2,52.3
147.3,77.5
172.4,54.3
177.4,80.4
164.5,58.3
143.4,52.1
172.8,84.2
146.7,42.7
168.4,71.4
155.2,57.0
152.2,41.4
160.1,75.3
163.0,69.1
157.9,48.3
171.5,81.2
160.1,43.9
175.8,67.5
168.1,55.7
157.3,65.7
155.5,46.0
146.9,58.8
168.2,71.2
161.1,51.5
138.9,69.9
159.1,44.5
155.1,31.8
182.3,86.0
146.3,25.0
149.1,71.3
177.2,70.6
179.9,49.8
156.8,39.9
158.0,30.4
171.8,70.7
139.4,25.0
144.5,53.5
161.9,53.1
182.0,65.8
160.2,64.1
166.1,70.1
177.5,86.5
188.2,68.4
158.7,54.9
164.8,50.2
185.0,77.8
148.3,36.7
176.3,62.0
153.8,45.8
166.1,65.1
162.3,58.0
154.5,60.1
154.2,50.7
168.0,53.4
176.0,71.0
163.6,45.1
165.8,69.0
171.3,60.3
154.3,55.5
173.1,69.2
174.0,90.6
193.6,88.2
160.9,58.0
160.0,45.9
173.5,78.2
174.0,62.6
159.1,32.8
160.6,53.8
171.0,67.2
155.9,41.2
160.5,54.9
166.0,59.5
176.0,67.3
158.3,73.7
144.7,26.4
143.9,76.1
151.1,49.8
150.6,58.6
163.3,60.6
151.9,25.0
157.3,38.6
156.5,46.0
160.2,71.3
179.5,50.2
172.3,52.5
165.2,62.5
159.9,63.4
160.2,63.1
168.6,47.8
171.4,40.7
155.0,61.0
165.4,81.7
142.7,39.6
167.3,44.4
173.4,59.7
161.9,63.6
185.0,71.8
155.3,74.2
167.4,75.5
164.6,62.4
163.9,29.8
163.7,48.6
166.2,52.5
174.3,55.7
180.2,74.3
165.0,63.0
174.0,41.5
157.3,66.5
173.4,66.4
156.6,59.3
177.0,80.1
189.3,67.3
163.7,77.8
140.9,41.5
159.0,78.3
178.6,56.7
171.1,86.0
167.7,48.3
176.1,106.5
170.3,49.5
178.4,85.9
175.1,62.0
181.7,83.4
168.9,62.2
175.0,51.0
161.6,25.0
158.4,92.8
183.8,75.4
167.4,25.0
173.9,71.0
166.4,71.2
158.5,44.6
165.1,49.4
180.8,71.6
171.1,82.5
146.2,48.5
162.6,80.1
184.6,91.9
162.6,54.8
145.2,25.0
185.8,72.6
172.5,73.4
164.2,60.2
160.9,66.5
176.9,81.8
159.0,63.6
177.6,65.3
171.0,72.1
167.7,95.4
166.6,38.7
163.1,65.8
176.5,96.0
155.5,35.6
147.2,62.7
171.8,81.9
171.9,42.9
170.3,74.5
169.5,59.1
161.5,56.5
173.7,61.5
164.5,79.2
159.6,54.4
161.6,50.5
187.2,70.4
145.9,41.7
170.5,47.8
146.5,40.2
163.8,60.8
160.2,62.5
142.1,62.5
169.3,66.7
160.8,49.8
141.9,29.1
174.2,71.2
180.8,70.1
181.4,71.1
168.9,66.7
165.5,68.1
179.6,75.0
183.5,71.5
177.5,57.3
154.6,43.4
167.2,74.2
169.8,57.1
145.1,26.1
170.2,81.1
190.0,65.3
172.0,65.6
181.2,79.6
167.0,61.4
164.2,25.0
169.2,68.8
156.0,73.5
154.4,64.2
178.9,38.6
180.1,103.3
154.1,32.4
175.6,51.7
164.0,70.9
168.7,69.4
170.1,64.8
175.9,59.6
165.9,80.5
180.5,71.1
168.4,38.9
171.9,83.5
155.8,56.7
188.7,95.1
170.2,72.3
172.8,101.6
147.3,43.1
156.0,53.7
178.6,81.0
168.2,57.7
143.9,57.6
176.4,25.0
159.0,54.5
180.5,70.2
164.0,57.1
167.3,48.4
178.0,83.3
155.1,45.4
154.1,55.2
162.8,57.8
174.1,74.2
150.4,71.2
146.7,50.2
174.1,79.3
158.4,57.3
160.7,49.2
144.6,43.9
157.5,50.3
164.9,68.4
175.2,69.2
156.5,42.0
183.2,70.5
157.5,31.7
157.5,51.8
181.9,72.8
167.3,88.7
158.9,75.8
163.3,43.2
179.9,74.2
181.1,75.5
156.0,50.1
164.5,57.1
166.0,55.3
154.2,80.4
164.4,53.2
165.1,65.1
177.5,31.4
178.3,82.3
161.4,75.1
162.6,42.4
172.3,57.6
158.6,62.1
171.5,65.0
164.0,66.2
154.3,48.1
154.5,80.4
180.9,62.0
163.3,99.0
183.0,92.3
159.4,68.3
168.2,46.6
191.3,94.2
153.4,60.8
144.1,25.0
179.2,49.5
155.9,58.8
164.8,57.7
158.6,47.6
167.9,78.2
154.5,39.3
163.0,51.6
169.9,53.8
153.9,59.8
157.3,28.6
161.2,49.7
149.3,25.0
160.4,51.9
166.3,71.7
160.6,67.9
162.0,46.8
164.8,67.7
157.8,52.0
172.6,86.0
180.8,70.0
159.9,25.0
170.3,77.3
162.4,51.1
169.0,58.7
182.2,78.1
170.6,42.7
145.5,47.7
170.0,71.6
178.6,75.6
162.6,49.2
176.0,83.0
157.4,39.5
148.7,39.2
166.6,59.0
145.7,51.1
162.4,53.1
179.2,89.0
144.0,50.0
150.9,51.2
153.6,55.8
164.3,70.4
161.0,60.6
180.4,44.4
175.5,84.1
170.4,65.7
166.6,71.3
169.3,57.0
155.5,25.8
174.4,32.8
152.8,37.2
174.2,74.5
178.0,89.2
167.3,66.1
163.1,42.7
169.4,51.4
133.5,59.6
168.3,42.7
163.8,90.5
164.4,87.6
172.8,97.7
164.2,65.0
152.5,46.0
163.4,64.1
165.7,74.1
166.3,51.1
166.8,44.7
176.4,64.2
153.1,40.0
166.9,79.9
179.2,61.4
145.9,48.3
167.0,76.1
158.6,74.5
160.9,60.1
155.0,58.7
163.1,43.3
185.3,90.8
151.1,69.2
152.1,25.0
150.7,76.4
184.0,64.0
159.9,65.2
164.7,60.9
160.6,55.8
154.6,49.5
162.4,43.1
192.0,89.0
180.3,67.2
155.6,33.6
172.1,49.7
155.9,34.1
145.5,38.7
176.2,75.6
177.8,58.9
176.5,83.2
159.8,54.4
163.2,54.2
173.2,66.3
169.3,84.0
160.7,36.2
147.2,72.5
166.3,75.2
176.9,68.5
151.8,68.5
172.0,60.3
168.6,66.9
173.3,57.9
174.6,81.6
157.4,43.9
147.2,46.9
159.1,65.9
174.8,82.9
159.0,43.3
157.4,65.8
145.0,31.5
184.3,42.5
174.1,55.4
173.5,78.7
175.6,67.7
171.3,56.6
162.3,58.8
163.2,58.9
160.3,65.9
194.0,58.6
171.1,62.9
159.9,58.1
170.1,43.2
153.9,31.4
181.5,67.0
157.7,54.9
170.5,64.1
176.7,60.4
169.2,54.0
166.0,54.7
165.1,64.5
164.4,78.1
158.7,25.0
160.1,65.7
181.3,70.6
163.8,66.9
156.4,71.6
159.3,44.5
177.1,83.2
172.4,46.6
171.2,66.4
162.2,54.2
171.3,65.3
157.9,40.0
162.1,64.4
175.7,91.7
174.6,52.5
154.2,55.2
155.6,66.1
166.2,56.3
184.0,94.9
143.9,39.1
168.1,60.4
149.9,34.5
158.0,56.8
161.0,57.1
160.4,66.1
159.1,46.2
165.1,49.7
159.1,62.6
148.9,69.7
173.6,75.7
173.3,93.8
174.3,75.1
148.1,56.0
168.3,72.5
172.4,87.7
153.7,70.5
165.1,43.7
163.7,71.0
185.3,79.5
186.2,73.3
146.7,25.0
192.4,58.4
154.9,47.3
175.8,46.0
175.7,62.7
154.0,62.9
170.4,55.2
163.8,60.3
171.1,48.4
167.5,66.2
178.2,77.5
165.8,39.2
163.2,47.3
177.1,50.0
171.4,72.3
173.0,68.3
157.7,54.0
153.5,49.9
158.8,60.3
158.2,60.2
173.6,58.9
175.7,58.4
163.3,57.8
180.7,69.0
180.1,102.2
167.7,56.1
156.0,57.9
182.3,80.1
164.3,80.4
166.4,48.7
161.3,77.3
155.2,50.8
148.8,86.3
172.0,70.5
156.4,35.4
198.7,83.9
153.1,71.6
151.2,51.5
170.6,63.1
181.8,83.5
165.7,55.2
171.3,61.4
144.7,31.9
157.5,80.5
153.2,33.3
144.2,48.3
166.3,68.0
140.3,43.1
150.5,31.0
159.1,40.7
155.9,61.3
169.4,51.4
168.4,31.3
174.8,73.1
173.3,53.0
177.5,78.8
165.0,56.9
168.3,58.6
170.6,64.8
166.6,44.0
160.6,44.4
161.3,53.4
156.0,36.4
169.6,74.0
164.0,54.5
157.7,33.0
157.7,46.3
151.7,52.1
175.8,61.3
165.9,66.5
155.5,61.8
173.9,102.6
158.8,72.8
149.5,25.0
176.2,62.9
159.1,51.7
160.5,65.3
165.5,46.2
177.6,61.4
165.2,41.4
151.8,41.7
171.0,55.8
159.7,51.4
185.8,58.1
165.0,74.6
140.4,50.5
168.9,41.1
186.4,76.8
182.3,49.7
185.1,95.5
153.8,76.2
175.0,66.6
157.1,41.5
167.5,51.7
151.0,43.4
157.9,53.3
157.6,75.2
174.9,81.6
173.8,81.0
168.0,64.7
150.1,32.3
161.6,45.9
156.8,55.0
174.6,49.0
178.0,74.2
176.6,80.7
156.7,62.2
134.9,47.6
145.6,25.0
180.6,91.8
160.6,33.2
156.7,51.8
183.1,83.0
178.9,75.8
165.3,40.9
161.8,41.1
163.5,63.2
167.5,69.4
182.6,56.7
169.6,69.2
173.0,43.1
177.9,79.0
152.1,37.7
173.3,67.3
161.8,56.3
137.3,58.9
141.6,47.7
153.8,43.1
170.8,69.6
166.3,92.9
167.0,72.5
186.5,75.6
151.0,37.7
164.7,50.4
168.3,72.6
156.9,40.9
165.3,60.2
147.4,69.4
180.5,73.9
157.5,38.4
187.3,109.9
164.6,86.1
176.3,75.9
164.4,78.6
164.7,55.6
158.6,66.2
166.3,54.5
168.5,42.1
156.4,92.7
163.6,37.8
158.3,59.6
190.3,84.0
164.0,66.9
182.0,71.5
162.8,57.2
167.9,64.1
150.5,57.0
160.1,56.4
167.3,60.6
182.4,53.4
167.4,91.9
180.2,79.5
172.0,68.3
182.9,64.2
164.4,44.4
191.3,93.4
159.7,53.7
156.6,63.2
151.7,30.3
190.6,103.2
174.0,80.1
161.3,56.0
178.7,77.3
172.6,76.6
186.6,56.6
148.0,73.3
162.1,65.0
159.9,45.7
143.3,28.7
176.7,83.5
162.0,60.9
173.1,73.2
191.0,80.6
161.1,42.1
160.4,64.2
166.3,57.9
175.9,67.7
158.8,91.1
158.1,68.0
176.6,82.5
169.2,103.8
142.5,50.4
151.5,52.3
181.5,62.3
169.4,56.4
156.6,25.0
163.1,70.4
165.1,41.0
173.1,79.5
150.1,48.9
155.7,55.3
168.0,61.5
163.9,79.9
171.3,82.7
151.5,50.0
168.9,49.3
177.0,82.8
170.4,49.2
166.5,37.7
163.9,66.6
155.8,71.7
164.2,53.2
178.9,76.4
163.7,52.7
155.2,63.8
159.6,72.5
167.2,57.6
160.9,41.5
170.3,42.0
170.8,78.0
174.8,50.2
180.7,77.4
176.0,79.8
154.7,45.1
155.1,50.4
164.2,74.3
160.0,44.2
152.5,37.5
160.1,52.9
159.8,75.3
157.6,78.8
161.5,55.9
178.0,59.0
167.2,77.5
192.2,56.2
166.9,65.0
161.8,56.9
165.0,79.3
167.8,82.9
169.8,49.3
187.8,80.1
155.7,44.8
174.4,62.6
167.3,70.8
147.7,43.0
173.5,69.1
178.9,84.8
155.6,76.0
164.9,64.2
146.0,48.7
151.2,33.7
176.5,92.3
159.9,63.7
152.8,53.4
167.5,63.0
159.3,61.2
159.8,67.8
173.1,79.4
152.2,75.1
155.0,56.5
166.7,87.4
175.7,83.8
178.6,69.3
157.7,29.7
175.3,68.9
156.4,77.2
185.1,63.7
152.5,52.4
179.6,73.5
157.8,68.9
187.1,71.2
171.5,51.7
153.8,60.6
159.3,44.6
173.6,38.8
176.6,96.2
164.2,73.2
165.5,88.5
173.3,79.2
166.4,71.2
150.8,55.6
156.1,50.8
167.6,69.5
178.4,61.7
182.8,57.5
173.6,61.3
168.2,81.6
173.2,47.5
157.7,36.4
163.3,67.5
155.9,47.3
151.3,57.6
168.7,77.4
167.0,68.3
172.6,56.0
171.0,83.6
167.7,73.0
171.1,64.8
164.5,59.2
169.5,68.8
157.0,49.6
169.1,38.4
172.4,76.6
157.6,65.0
165.6,25.8
158.1,62.7
159.2,82.1
152.6,34.3
178.9,69.3
176.7,66.0
170.9,89.2
186.7,93.5
162.9,45.2
198.3,91.7
162.5,92.6
167.8,52.6
160.6,56.6
169.1,70.6
174.2,57.6
163.7,85.4
184.5,67.8
167.6,41.0
168.0,54.2
155.0,62.7
169.6,51.3
163.5,63.4
158.3,63.6
156.5,35.7
194.4,74.7
162.1,63.0
149.0,59.4
157.3,46.4
164.4,61.8
171.0,60.1
171.1,75.3
172.4,73.2
157.9,49.3
168.7,69.8
155.4,46.9
158.2,61.9
154.9,59.9
151.9,86.3
176.7,63.7
172.6,63.4
175.7,58.2
165.4,44.7
173.5,59.4
145.6,56.6
174.5,78.0
166.9,65.8
171.9,60.6
169.2,55.6
154.1,38.5
148.5,40.2
157.2,34.9
171.2,84.9
172.6,93.1
150.0,25.0
154.2,56.7
157.0,58.3
161.1,60.2
150.0,40.6
149.4,64.4
156.0,59.7
165.9,76.1
152.0,39.8
163.7,38.2
176.6,75.2
150.7,35.5
162.7,74.1
176.3,36.5
160.4,49.6
158.7,46.2
177.8,64.6
161.6,61.4
177.1,75.0
169.7,73.0
161.2,68.5
170.3,61.2
168.5,94.1
176.2,89.1
159.0,50.9
165.5,58.2
164.3,54.4
172.7,71.1
153.7,37.4
176.2,56.4
170.1,31.2
150.5,43.9
178.3,85.9
189.6,76.8
176.0,66.7
180.7,76.0
165.9,45.5
146.7,47.7
144.7,59.4
167.8,66.5
158.5,69.9
154.9,71.8
164.3,69.3
171.8,54.2
149.0,43.7
160.1,85.3
181.6,77.3
153.2,54.3
174.6,54.1
159.7,54.7
171.0,75.1
177.1,69.2
173.2,58.2
175.0,63.1
152.3,68.9
177.3,79.1
155.6,61.3
167.9,68.6
167.8,44.2
170.3,67.9
168.7,78.6
155.7,49.4
150.2,64.3
174.6,75.2
167.0,73.8
177.6,70.2
164.5,72.8
149.5,27.2
175.6,68.4
160.9,67.7
168.8,67.1
157.9,71.3
183.1,71.4
155.4,44.9
161.3,32.6
166.2,56.7
153.0,59.2
168.6,74.0
182.7,52.5
159.6,73.7
169.3,48.5
134.8,38.1
164.6,51.1
161.6,63.7
156.0,54.9
176.9,79.0
161.4,85.0
163.0,64.5
160.9,48.3
143.9,52.5
152.5,80.4
175.6,77.7
141.8,58.4
156.6,30.0
160.6,62.5
184.2,70.6
173.5,56.0
158.9,55.2
179.3,72.4
156.9,44.8
176.1,71.1
150.1,46.9
176.8,79.3
160.5,60.1
153.7,57.6
162.6,72.9
168.1,70.5
159.6,55.9
171.1,33.1
158.6,63.0
171.8,51.3
169.9,62.2
164.3,65.0
160.1,76.4
166.7,88.7
171.1,50.6
187.7,57.8
175.3,72.5
175.7,71.6
199.0,69.1
170.7,63.8
170.3,72.8
172.7,47.2
153.9,37.2
160.1,46.7
159.4,52.7
172.1,75.6
163.1,53.6
166.5,61.8
177.0,102.6
174.5,52.6
163.2,48.8
157.6,64.8
177.5,84.1
173.5,72.5
147.3,74.9
161.6,62.2
166.8,31.6
173.6,67.7
175.0,58.8
168.1,82.9
171.4,79.1
165.7,36.6
157.6,74.9
162.1,71.9
165.2,55.2
164.6,58.4
144.3,66.7
160.6,27.2
165.6,67.0
161.9,74.1
162.3,56.6
170.4,73.6
153.1,53.1
147.1,35.8
161.2,45.0
173.4,76.8
183.6,64.6
173.6,43.4
148.8,50.6
162.4,50.4
167.8,44.0
167.0,62.4
170.9,75.8
154.9,53.1
165.7,44.4
169.6,70.5
174.1,82.2
156.1,86.8
161.2,78.8
135.3,25.2
158.2,67.9
159.2,59.6
153.8,34.7
166.8,65.5
164.4,88.2
140.1,61.1
167.4,46.4
154.8,52.9
170.3,71.2
150.9,25.0
165.3,34.7
161.9,60.0
168.3,64.9
166.4,33.3
162.2,63.7
148.1,64.6
148.8,45.4
158.6,56.2
164.9,68.4
158.3,61.7
171.9,40.0
161.9,44.1
154.4,46.5
161.9,44.8
167.5,83.7
168.6,72.0
185.7,59.2
157.6,51.5
164.2,76.3
169.7,53.7
164.7,72.5
159.5,76.7
148.0,66.4
159.4,58.6
153.2,70.4
146.0,39.1
156.2,91.0
153.5,55.4
171.4,81.8
171.6,59.4
155.1,60.4
162.1,66.0
144.6,32.0
159.6,41.6
169.4,60.1
174.1,83.2
157.2,26.9
176.6,63.1
148.3,68.1
151.3,31.9
172.8,84.5
183.4,57.1
170.4,50.2
164.6,57.4
140.9,71.7
142.8,35.2
166.4,34.9
161.1,36.0
152.8,65.4
165.7,40.1
166.3,78.6
175.4,68.7
166.5,60.5
178.5,74.6
165.1,47.9
163.7,61.0
176.7,50.8
154.2,72.6
196.0,69.1
169.1,69.5
169.2,47.5
170.8,56.2
185.6,70.2
173.7,111.1
147.3,47.5
180.4,59.3
161.3,50.5
166.2,38.2
150.9,47.7
170.8,91.9
157.8,59.8
166.1,74.2
161.9,44.0
186.2,73.2
186.8,79.8
165.5,49.4
165.7,66.4
160.9,66.2
177.2,77.2
161.4,55.0
160.4,72.9
175.8,64.1
159.1,50.4
164.6,81.2
147.6,31.3
172.7,40.1
186.3,63.4
172.9,71.6
181.1,91.4
155.7,43.4
167.6,89.0
154.6,53.0
162.5,56.4
173.5,53.5
166.1,90.0
149.5,46.9
150.5,29.9
149.8,86.2
170.4,69.8
187.7,89.5
180.0,96.5
144.1,54.9
180.6,86.4
175.3,68.4
148.0,59.2
161.7,57.0
177.1,68.7
171.1,66.2
150.6,43.9
171.7,72.4
141.5,51.6
162.5,70.4
177.5,78.9
165.2,90.0
159.5,71.8
174.8,64.1
175.7,74.7
179.4,92.0
174.6,52.8
176.9,99.1
173.1,54.3
167.9,75.5
166.0,60.7
162.4,57.3
151.7,31.1
154.5,66.1
161.9,38.3
167.7,40.2
180.8,89.3
164.5,86.4
176.0,58.2
176.9,83.9
162.5,70.0
171.5,63.4
162.3,78.0
179.5,68.5
172.0,72.8
151.9,32.0
166.8,43.0
183.1,91.3
163.0,66.7
169.9,61.4
171.0,93.0
153.6,80.4
170.6,70.6
149.7,27.4
158.1,53.3
176.8,56.3
168.9,64.1
161.7,43.4
169.9,45.6
164.3,25.5
165.1,62.5
172.2,30.8
157.0,49.4
165.4,70.6
161.6,46.6
147.6,31.6
154.9,51.8
182.3,60.6
169.2,65.8
150.4,34.3
148.1,46.7
163.8,53.8
182.2,72.8
162.9,82.9
179.4,73.8
168.9,70.3
170.2,54.3
150.3,53.1
175.3,63.5
161.3,57.7
174.5,76.7
156.0,46.1
166.9,55.3
168.9,55.4
163.3,51.1
169.4,65.8
162.1,52.3
157.9,77.3
182.7,113.6
176.5,60.0
156.6,58.4
171.3,80.1
156.8,50.1
152.0,35.9
176.4,94.5
146.3,57.4
175.2,72.3
162.2,79.7
162.7,69.8
169.5,62.5
171.4,50.0
155.9,46.1
172.9,83.8
166.2,71.0
151.2,47.5
163.1,85.0
180.2,69.1
183.4,88.8
172.9,69.1
151.9,79.8
170.4,75.2
174.4,67.6
173.0,63.1
173.6,66.1
169.0,52.0
164.2,38.8
158.3,59.8
144.1,37.7
168.7,54.6
167.0,60.1
171.1,65.2
150.3,49.8
172.1,91.2
187.6,87.4
165.9,92.1
164.3,52.8
168.4,74.1
187.4,71.5
153.7,43.6
167.2,93.7
156.2,42.2
159.0,25.0
164.5,48.9
179.8,41.0
184.8,60.9
169.9,50.6
160.9,57.5
192.4,50.7
160.3,74.5
158.7,27.3
145.5,44.6
180.4,66.7
175.7,80.3
191.6,86.0
149.7,67.1
181.0,66.7
165.8,53.5
173.9,72.7
146.9,62.9
181.1,84.6
173.7,71.2
164.6,63.1
172.1,64.6
156.6,60.1
158.6,85.9
159.9,52.6
144.6,40.5
174.5,60.4
178.1,75.6
157.3,25.0
168.8,60.7
162.1,71.0
168.6,54.7
158.1,57.8
155.3,84.7
176.6,73.6
164.3,25.8
187.2,56.0
165.5,56.5
154.8,40.7
178.5,71.6
171.9,60.6
173.0,83.3
178.1,53.4
157.8,51.7
163.6,62.1
163.1,63.7
150.8,52.2
162.1,25.0
179.7,72.3
167.6,59.5
150.2,62.6
147.9,59.0
183.3,77.5
164.0,63.9
157.9,75.1
162.0,75.0
148.7,52.8
180.7,104.0
160.7,47.4
180.0,53.5
165.6,60.1
180.7,66.2
167.8,25.0
174.4,57.1
172.9,70.9
171.9,64.1
168.8,51.1
162.4,58.7
186.1,78.0
155.0,63.6
165.0,50.3
165.2,73.1
169.4,46.8
160.3,49.0
168.5,87.9
163.1,43.2
147.6,38.0
165.1,41.2
152.9,39.0
145.9,48.9
166.5,71.6
170.4,63.6
170.8,59.3
171.2,45.9
143.7,34.5
150.0,26.3
186.7,87.7
153.5,63.9
171.7,64.3
157.4,61.2
165.9,73.7
158.0,56.5
171.2,85.4
166.5,45.6
160.1,51.1
153.4,44.8
167.9,71.8
151.7,29.1
169.7,85.1
193.9,91.1
179.9,97.4
172.9,65.2
164.1,51.0
143.7,55.3
150.5,65.3
179.1,59.9
156.3,25.0
157.3,27.0
163.2,62.5
153.3,74.8
151.5,31.0
164.4,55.4
155.2,47.8
156.8,82.9
156.4,87.7
170.7,70.5
162.4,71.5
163.0,71.5
171.6,45.6
163.4,69.2
161.9,42.4
170.2,61.1
172.4,82.4
163.4,59.9
165.9,77.1
156.4,73.3
155.5,26.9
173.5,33.5
169.9,80.9
170.0,81.6
168.1,66.0
165.5,66.1
172.7,79.0
175.3,80.7
175.0,62.8
163.9,73.4
180.3,66.3
167.5,65.4
172.0,68.1
168.1,49.3
167.7,50.7
156.9,87.7
172.7,52.2
196.3,90.3
160.9,65.6
165.8,59.7
160.1,66.5
159.6,61.0
182.0,59.8
157.6,62.7
159.8,48.0
147.5,74.0
156.7,60.4
146.2,36.5
171.9,70.2
195.8,70.5
161.0,60.9
146.7,43.9
174.9,54.9
157.0,41.6
179.3,107.2
161.9,59.0
158.1,48.5
163.0,49.4
173.3,73.2
162.5,48.5
159.5,39.6
162.8,57.8
151.0,49.6
169.4,56.9
145.3,33.1
160.1,50.5
173.4,59.1
168.3,53.2
171.5,68.8
164.3,92.8
177.9,89.6
175.2,96.6
169.9,55.0
175.2,92.7
173.3,69.4
160.2,71.2
150.2,56.5
169.6,58.2
171.0,75.1
177.0,76.2
154.7,26.1
155.0,51.0
170.1,76.7
164.2,63.5
144.3,52.8
169.1,51.7
144.6,49.9
154.6,51.1
179.9,68.1
185.1,65.2
151.6,64.3
161.4,62.5
165.5,63.9
184.6,105.7
159.6,63.1
159.8,74.2
182.0,77.0
160.9,51.6
172.9,49.9
148.8,52.3
163.1,25.0
146.7,51.5
153.4,56.5
174.2,63.5
164.5,58.1
161.5,38.6
156.8,74.8
162.6,53.1
168.3,47.7
175.8,76.2
136.1,42.4
155.9,48.1
166.8,54.2
163.9,59.0
169.4,83.3
167.9,69.1
161.6,57.0
159.2,68.5
162.3,58.4
177.6,75.4
156.9,56.5
164.3,68.2
167.0,54.7
182.2,55.9
161.7,71.1
175.5,90.4
178.6,53.8
164.3,62.1
162.7,51.5
161.4,70.5
162.2,61.6
174.4,116.8
167.5,57.2
167.6,84.8
152.6,75.8
154.4,60.4
188.6,78.8
163.0,59.9
156.5,54.0
180.7,88.9
168.1,49.1
171.4,62.2
163.5,54.6
161.5,31.5
163.1,71.4
149.8,65.3
164.0,49.7
168.3,77.7
185.4,51.8
165.9,60.9
139.3,40.8
164.0,60.5
195.1,85.0
174.5,65.9
156.1,47.8
171.5,63.1
156.8,74.6
150.1,40.9
161.2,91.0
166.0,51.1
144.4,49.5
152.4,59.6
165.1,55.6
160.5,77.4
169.3,71.3
151.6,47.5
172.9,86.3
152.0,35.6
183.1,65.2
146.1,55.4
153.0,63.5
169.6,68.1
183.3,72.0
168.5,58.7
171.2,81.4
165.2,63.6
153.7,38.9
159.6,42.1
151.7,73.3
150.9,39.3
169.4,67.2
152.6,71.5
168.5,70.6
150.7,38.6
168.3,47.0
159.6,84.1
180.5,56.0
168.6,54.2
178.6,75.8
156.7,50.7
165.6,69.0
154.2,30.3
160.5,53.5
162.1,68.0
157.0,64.5
151.6,42.0
149.5,33.8
139.3,45.9
153.4,32.1
171.9,84.3
147.4,50.2
150.0,39.0
184.7,59.2
158.0,45.4
168.5,39.1
172.1,72.6
172.3,53.3
148.3,54.3
162.5,66.1
147.2,62.2
191.9,84.8
147.5,64.7
153.5,72.6
153.6,55.7
148.5,53.3
179.9,62.8
191.6,66.0
159.8,75.4
150.5,58.9
140.4,53.7
162.3,49.1
161.5,81.8
157.8,51.4
167.4,49.6
169.3,54.5
168.6,86.1
161.5,40.7
152.9,40.2
172.3,108.8
165.1,74.1
174.8,56.2
173.7,50.1
149.4,25.0
149.2,50.4
156.7,64.9
153.4,74.5
173.3,37.7
168.9,42.9
177.1,67.2
169.4,104.9
167.3,74.9
178.2,75.5
170.2,45.3
165.7,28.6
181.3,72.9
166.3,59.3
161.7,53.5
155.8,47.7
172.7,54.4
178.6,55.5
164.4,80.3
179.4,57.5
143.3,41.1
164.4,58.9
164.6,70.2
157.0,41.5
191.2,95.1
164.3,50.7
160.5,54.3
165.3,84.7
143.0,30.4
156.6,64.8
175.8,83.1
158.1,59.6
155.9,51.7
179.4,102.7
179.7,70.9
170.7,67.2
160.0,51.3
162.4,60.3
156.2,68.1
154.1,48.1
153.5,25.0
158.2,62.8
153.6,35.7
147.8,59.2
167.4,61.6
167.6,75.9
183.7,60.0
157.6,46.6
168.3,57.2
168.4,40.2
162.2,74.6
173.2,41.6
173.5,82.7
168.6,68.9
162.2,54.9
161.1,62.3
150.0,54.2
156.1,47.6
158.2,59.5
152.6,62.2
169.8,49.3
178.2,75.0
155.0,25.0
168.1,33.2
153.6,60.4
161.6,51.2
157.4,41.7
171.6,64.0
157.5,48.7
176.1,53.4
162.3,33.4
157.9,25.3
151.2,61.4
167.8,55.6
174.8,81.8
168.0,55.6
189.6,84.4
180.7,70.0
161.6,58.1
161.5,58.8
170.2,57.0
155.8,34.9
177.8,81.1
169.0,86.7
167.8,86.8
172.6,57.2
184.0,63.4
166.9,53.0
163.8,56.4
181.6,71.8
175.6,52.9
161.5,35.2
165.1,60.7
167.1,25.0
169.0,61.3
150.1,35.4
148.0,59.9
155.2,68.7
154.4,68.5
157.9,49.7
172.0,48.0
163.1,46.3
167.2,65.8
151.5,25.8
159.9,77.2
171.5,59.7
171.5,72.2
157.0,27.5
166.8,47.3
189.2,50.2
164.8,75.1
157.4,52.1
163.1,67.1
166.0,61.6
163.3,65.7
164.7,54.6
149.1,45.9
154.4,51.1
163.4,64.8
163.2,65.1
158.8,97.6
163.1,83.7
165.7,33.7
174.8,65.1
163.9,53.0
169.4,82.3
159.0,50.9
171.3,71.5
169.1,27.9
174.5,44.3
172.8,97.1
171.5,65.4
163.9,44.1
167.7,65.5
176.7,52.9
157.8,50.6
158.1,33.2
167.0,49.5
169.6,57.0
155.9,70.3
164.2,66.3
164.0,68.7
140.6,43.1
162.6,70.5
163.3,45.5
163.2,47.6
180.6,77.9
151.6,46.4
155.9,53.3
136.3,38.4
159.7,74.9
160.6,76.4
159.4,46.5
177.2,42.7
174.5,56.3
165.9,47.1
160.9,69.4
176.3,82.2
164.8,44.3
156.0,42.2
146.1,25.0
160.1,58.4
173.3,65.4
190.0,91.3
165.7,67.8
156.6,63.1
152.0,27.7
171.1,55.0
145.6,60.9
171.1,56.3
174.0,42.2
169.8,75.5
162.6,49.5
171.2,80.4
166.9,61.0
156.4,49.7
185.4,96.0
161.1,37.6
173.5,87.8
138.4,32.5
179.0,73.0
181.2,74.8
165.3,53.7
171.1,53.0
171.1,58.9
157.9,39.7
171.0,93.8
156.1,46.4
158.3,72.5
177.4,84.6
175.7,73.4
157.2,52.4
156.9,57.1
157.9,63.4
173.1,67.4
154.0,28.7
168.9,35.5
173.2,88.6
164.0,25.0
176.1,71.2
161.7,54.0
162.6,60.6
154.3,35.2
176.2,73.6
156.6,57.0
168.8,104.1
164.2,61.3
153.4,72.0
158.3,32.6
180.2,86.7
167.2,64.9
153.9,56.2
168.4,66.6
163.4,84.3
203.0,94.5
168.1,50.4
160.8,47.7
180.6,84.0
144.7,52.8
166.0,37.7
186.9,84.6
163.7,42.7
145.9,53.4
160.6,44.7
181.0,67.9
169.1,54.8
155.8,76.2
157.5,60.6
158.8,74.4
169.0,106.2
179.7,71.8
176.6,91.1
170.0,53.1
150.4,68.6
150.4,37.6
170.9,64.0
150.2,57.7
162.5,68.5
168.3,43.3
152.5,38.1
153.7,61.2
164.0,53.6
170.5,43.0
176.7,67.6
171.7,63.1
165.8,63.1
156.8,62.0
153.2,58.6
159.4,44.4
169.5,57.1
168.7,76.5
141.9,36.2
156.4,47.9
178.2,47.3
165.9,60.1
149.4,54.3
190.9,50.6
164.7,43.6
169.2,41.7
169.4,75.0
161.0,28.3
157.0,53.0
188.3,88.8
176.0,71.0
174.0,60.0
171.3,69.8
154.0,67.7
179.1,68.9
155.7,25.0
168.1,79.4
147.0,53.5
142.6,44.2
168.5,32.8
156.1,49.1
143.1,31.9
170.9,46.0
188.3,76.0
180.3,63.5
162.2,50.8
165.1,71.1
174.8,71.0
177.3,61.8
161.2,47.8
165.4,53.3
168.3,58.6
171.1,73.2
163.5,43.2
163.7,80.8
180.2,80.2
178.3,28.9
170.3,65.0
183.9,90.0
160.7,62.7
182.9,67.4
171.0,63.4
201.0,91.5
151.9,62.3
157.4,33.3
169.6,54.2
169.4,87.7
186.5,77.0
157.6,77.6
175.0,112.1
177.8,62.2
172.8,47.7
154.4,48.5
180.5,88.1
178.5,88.7
171.6,98.9
167.2,61.0
167.5,69.0
164.1,48.6
172.0,27.5
165.3,59.5
155.7,36.0
153.5,61.5
156.7,25.8
167.4,50.6
164.7,63.7
167.4,67.2
170.5,63.2
158.1,83.0
181.1,95.7
162.1,47.5
160.2,80.6
170.3,90.2
144.8,44.3
156.3,54.4
175.8,67.2
145.9,37.1
177.3,61.0
181.6,92.4
160.9,63.5
168.2,53.9
177.3,55.3
159.9,44.9
174.5,64.6
157.6,68.4
159.7,43.2
156.2,67.2
168.8,65.6
177.7,71.6
163.0,73.8
151.0,62.8
153.1,30.5
169.3,46.8
185.3,72.1
169.3,68.4
160.7,77.3
173.4,67.1
162.4,83.6
160.8,46.3
154.5,44.4
180.5,67.1
137.1,29.1
173.8,83.8
159.9,25.0
160.5,49.1
183.6,91.4
157.1,49.6
157.5,70.7
163.6,91.8
169.6,64.5
160.1,74.0
147.7,84.3
155.5,59.2
179.1,69.8
165.8,74.0
170.0,81.3
162.1,57.2
157.7,47.5
183.5,99.8
162.9,54.3
160.1,74.3
177.1,72.9
157.1,81.7
158.5,42.5
165.1,47.2
165.0,72.7
167.9,45.0
188.0,79.5
168.7,85.8
138.8,25.0
168.6,68.6
165.4,78.4
165.5,59.9
167.7,48.0
164.7,55.7
164.4,46.9
171.7,65.9
159.0,51.5
154.6,44.9
198.3,93.5
157.1,78.0
166.1,65.6
148.5,68.7
166.3,84.5
154.7,43.9
160.1,60.5
176.5,62.2
170.2,41.5
171.3,69.9
145.5,30.8
185.2,82.7
151.9,27.4
181.8,75.3
176.2,44.8
171.4,74.7
155.6,47.4
166.7,53.8
159.8,73.1
165.3,55.3
162.3,59.6
142.6,41.7
177.3,76.8
164.1,74.9
159.7,68.6
158.8,48.5
168.9,80.9
155.2,39.2
140.2,32.1
169.5,61.3
170.7,79.8
162.8,40.8
152.4,64.5
166.0,59.8
148.9,42.3
153.7,68.4
156.7,42.0
174.3,101.1
161.0,54.4
160.1,58.6
186.5,99.7
168.9,65.4
168.7,80.5
160.9,27.7
158.4,48.6
140.9,49.7
175.7,84.1
169.9,75.1
163.0,68.6
163.5,74.7
173.1,73.0
147.9,25.0
158.5,76.9
152.5,38.6
184.5,79.6
174.6,69.8
140.8,44.3
148.3,31.8
163.5,29.8
159.8,41.1
150.4,62.2
186.4,54.7
168.4,49.2
170.2,70.0
157.4,39.1
172.9,57.7
160.8,58.1
161.9,61.9
171.7,49.2
147.1,49.7
182.6,79.3
167.0,42.3
179.1,73.8
153.2,40.9
154.8,54.6
152.2,61.8
167.8,59.3
165.7,74.1
159.9,68.1
153.8,65.7
151.1,56.3
164.5,76.0
159.9,62.0
157.5,29.5
182.0,61.0
164.1,56.1
179.0,69.2
159.1,61.1
167.7,49.8
164.4,89.6
146.3,45.6
180.7,71.7
163.5,48.8
173.2,51.0
156.7,52.1
163.2,59.0
155.5,51.9
178.6,95.0
168.4,60.5
169.0,61.6
179.9,83.5
177.7,66.9
173.4,74.3
149.4,29.9
157.3,35.4
154.0,54.0
173.0,62.4
166.9,49.1
149.7,51.1
162.9,61.5
148.6,37.9
164.4,51.7
146.8,50.7
170.8,48.9
169.2,53.9
186.0,84.1
174.3,66.5
160.3,49.4
174.0,53.1
149.6,34.1
154.4,50.5
168.7,93.0
141.3,52.4
164.6,39.6
153.8,62.6
166.1,49.3
153.1,51.5
169.7,54.5
165.2,90.4
180.4,54.6
165.1,64.7
156.5,43.6
162.3,69.0
150.2,54.0
169.5,82.0
171.5,75.5
192.2,70.8
158.2,98.8
162.1,66.1
158.7,47.1
167.3,64.7
169.2,72.4
164.4,68.4
176.9,76.3
158.2,69.6
175.8,81.1
170.9,51.6
164.9,91.4
161.5,86.9
191.7,92.9
156.0,54.1
168.3,63.1
156.7,49.2
184.6,72.1
174.8,34.4
157.5,77.6
170.6,81.7
167.8,36.8
159.3,69.2
173.3,66.0
169.3,60.1
167.4,69.0
164.5,33.4
169.7,63.2
167.5,62.9
165.7,61.6
157.9,34.4
183.6,80.9
153.4,67.7
169.7,69.5
161.5,53.9
184.4,115.1
155.1,39.0
156.9,65.8
154.3,56.0
168.6,92.7
149.9,55.2
159.7,65.2
141.3,51.5
167.6,46.0
159.5,42.9
148.6,44.5
176.9,83.2
150.6,53.4
173.8,63.3
157.3,75.0
182.6,43.6
173.2,46.6
153.9,25.0
154.9,70.9
171.7,63.4
162.1,72.3
163.1,56.9
179.0,85.8
156.8,52.2
166.0,66.8
175.5,71.7
173.9,71.6
163.2,83.9
161.8,33.2
145.9,45.8
153.4,54.7
168.5,63.2
163.5,52.8
165.8,52.5
176.4,91.4
151.9,49.7
162.4,94.6
167.1,69.3
157.3,50.1
180.7,80.2
175.0,69.0
168.2,82.4
184.7,57.6
148.5,25.0
164.9,65.2
169.0,75.4
154.9,57.1
168.3,72.4
152.8,59.3
172.6,43.3
176.6,72.9
168.0,81.8
144.6,48.6
154.4,32.8
171.2,59.5
165.2,68.4
135.4,67.2
178.7,40.9
166.5,66.4
156.0,39.5
175.9,75.7
157.5,63.4
157.4,51.0
168.9,72.3
184.6,92.1
182.9,71.1
169.0,42.7
170.1,85.0
173.7,78.8
151.2,58.7
172.1,54.8
156.9,69.0
168.5,93.1
162.5,56.3
170.5,65.4
166.3,44.9
131.2,27.1
167.0,45.2
172.1,67.1
169.9,58.4
163.9,64.7
183.1,60.3
168.4,59.9
169.8,49.1
176.5,71.3
169.0,38.3
155.1,55.2
138.2,37.8
159.8,58.9
173.4,41.3
161.1,66.9
173.8,62.0
166.6,64.3
179.2,42.6
161.8,38.9
170.1,57.8
170.6,84.6
181.5,80.4
146.2,49.0
160.0,42.4
174.3,50.3
182.0,77.0
167.6,72.3
161.8,60.7
173.3,91.7
174.6,56.8
161.0,59.7
168.6,37.2
178.0,72.9
185.8,98.0
173.2,50.3
165.5,72.9
164.4,81.1
171.1,54.1
163.7,66.0
167.1,85.1
153.4,55.2
179.3,82.5
152.5,25.0
160.2,65.5
166.1,68.4
186.9,57.0
160.4,42.1
157.7,63.8
158.9,51.0
183.2,90.6
134.1,44.2
154.0,53.0
195.0,81.1
171.5,69.1
152.8,63.4
164.5,67.6
165.7,54.1
174.3,85.4
185.2,85.4
169.3,68.8
159.1,57.0
173.7,73.8
157.3,27.0
153.6,55.5
145.6,71.3
147.8,51.3
155.1,54.2
152.0,41.9
168.4,69.8
151.8,47.8
130.4,57.1
153.5,38.9
159.8,49.4
158.3,46.1
181.7,100.2
158.3,52.2
174.7,58.9
164.8,28.4
164.5,45.9
155.8,61.3
164.4,67.3
156.6,44.2
166.9,52.3
162.4,85.9
154.6,93.0
175.9,85.3
169.7,86.7
160.1,82.9
166.6,94.3
164.1,54.7
155.5,40.0
165.8,88.0
158.2,40.6
154.6,37.2
147.1,32.6
161.1,55.1
171.2,34.7
157.4,33.0
192.7,72.4
174.7,49.2
179.3,86.7
173.7,66.5
185.4,84.3
156.3,60.8
136.8,38.1
160.1,71.2
171.1,71.2
166.7,56.3
168.0,36.9
179.5,78.7
169.2,44.1
173.8,72.1
154.7,53.8
153.0,31.1
182.8,77.4
166.1,63.6
158.1,57.9
158.2,57.2
157.9,45.0
157.2,63.2
150.9,39.8
148.5,32.4
162.9,68.5
158.5,69.3
177.2,78.2
168.2,59.2
167.9,32.9
156.8,76.3
163.7,29.6
169.0,71.6
172.9,97.4
164.0,61.4
176.9,73.2
165.1,65.6
173.7,69.4
159.6,91.3
145.1,33.6
168.0,47.5
173.0,60.9
171.3,90.7
169.6,54.7
161.2,63.6
156.1,69.7
171.1,76.1
169.7,78.6
158.8,76.8
177.2,73.7
155.3,46.2
158.6,57.5
183.0,68.6
174.6,104.9
161.1,49.1
168.2,69.5
166.7,38.6
134.8,42.0
155.0,48.6
164.4,69.6
161.1,67.6
167.7,83.1
177.4,89.3
161.5,56.4
153.4,37.6
168.6,50.1
161.4,61.9
163.3,61.0
161.8,61.5
189.7,71.1
140.4,64.9
160.7,34.7
165.0,51.0
156.4,37.7
174.9,64.2
173.9,85.3
164.5,55.2
162.0,59.3
163.8,69.0
163.8,54.0
164.1,65.0
162.9,62.2
167.8,45.0
173.3,59.1
151.5,55.8
153.4,71.0
145.8,66.0
174.5,98.4
167.8,69.2
170.6,57.8
149.3,48.1
184.6,73.3
158.3,49.0
166.9,67.0
174.4,73.4
154.1,34.7
159.0,71.9
167.0,33.8
196.4,81.6
168.3,79.6
182.7,82.5
178.3,64.6
169.0,92.4
154.1,45.7
176.7,38.6
148.5,55.3
182.6,46.7
167.2,49.0
135.8,49.9
161.3,50.3
172.2,73.9
162.4,40.6
172.9,78.6
155.6,27.9
150.6,69.7
164.2,52.2
165.3,83.1
161.2,44.5
178.5,99.0
155.6,38.9
168.4,35.5
165.7,61.1
147.9,66.6
150.5,61.7
165.1,77.4
186.8,88.9
171.4,52.3
146.0,58.4
130.8,39.0
173.1,55.2
163.9,61.8
177.6,68.5
155.3,74.3
168.9,55.0
174.3,58.4
160.1,45.9
160.3,85.0
165.3,50.5
171.0,83.8
164.8,44.3
175.7,75.5
159.9,60.2
150.4,68.3
186.7,93.0
158.3,56.4
158.7,47.4
164.3,83.7
165.7,50.9
160.7,25.0
164.8,31.9
164.6,35.4
166.9,70.2
139.1,75.8
185.7,45.3
163.4,47.0
171.4,66.0
149.8,72.6
159.8,44.4
157.6,63.5
181.2,68.5
158.6,94.4
173.3,68.3
157.8,60.1
160.0,57.6
162.3,51.7
179.1,84.8
144.2,28.4
150.5,25.0
143.6,43.1
153.0,63.8
156.1,44.9
147.2,50.5
156.9,35.9
142.8,60.8
153.8,61.8
178.2,70.2
169.4,65.7
167.1,40.5
154.0,31.9
148.1,46.4
152.5,58.8
164.5,68.0
174.5,61.6
174.9,78.5
171.9,86.3
156.9,52.8
165.3,64.7
161.5,54.2
162.8,56.4
187.4,79.8
145.6,72.2
162.4,71.8
178.3,82.3
148.9,42.0
157.9,41.4
159.2,61.6
162.5,76.8
147.4,73.7
171.5,28.0
172.3,102.0
170.6,70.3
155.4,66.8
166.0,34.5
155.1,49.4
161.3,69.6
188.7,60.7
166.1,25.0
151.9,55.8
167.0,60.6
150.1,71.2
151.8,48.3
153.5,50.6
160.1,66.9
175.3,83.1
171.4,54.0
170.8,78.3
152.9,43.6
159.0,55.9
168.0,72.1
158.1,67.7
161.9,62.5
169.9,47.3
161.2,29.1
167.5,58.9
182.5,87.9
163.1,65.3
178.0,73.3
171.2,64.3
148.9,53.4
152.9,36.5
155.8,65.1
155.6,66.0
164.0,53.8
171.8,71.5
178.8,44.6
168.4,65.1
160.1,54.4
142.1,63.3
165.8,57.5
165.3,73.1
167.0,55.5
188.2,43.6
178.6,66.8
173.6,69.3
154.4,54.7
159.4,58.4
164.0,51.5
156.5,49.0
170.5,47.1
168.9,32.8
153.0,49.9
178.2,58.7
166.1,76.9
146.0,25.0
164.4,63.9
168.1,94.0
175.7,65.2
161.3,57.2
174.1,73.1
167.1,69.0
150.5,43.7
149.4,34.0
177.3,79.0
178.2,41.2
168.6,75.0
181.5,66.6
176.6,68.7
172.5,57.6
155.0,74.3
184.0,78.3
170.9,59.4
160.8,51.6
157.6,52.5
167.8,97.9
146.6,27.5
172.7,81.9
154.5,61.0
169.1,86.0
159.3,65.2
162.1,57.9
156.7,69.3
163.2,62.1
185.8,87.3
180.2,92.9
168.9,64.1
164.7,53.3
174.3,57.2
177.4,76.0
155.9,40.3
164.1,54.0
145.0,31.7
177.4,76.8
187.7,66.2
165.9,41.2
141.6,27.5
171.7,56.3
155.1,45.7
157.7,58.5
171.9,62.6
167.8,67.5
159.6,62.8
157.9,65.9
166.4,32.3
160.5,39.8
152.8,59.7
161.3,60.4
168.7,77.3
163.0,35.3
149.5,42.0
175.9,63.6
134.9,42.5
160.1,56.9
158.2,62.1
166.6,59.4
171.2,85.0
177.4,94.6
157.2,37.6
171.5,65.3
167.2,73.4
146.2,55.8
185.9,69.9
149.2,52.8
169.6,39.5
169.3,62.8
168.0,40.2
159.6,63.6
174.1,49.9
147.8,50.5
164.3,64.2
158.8,56.6
157.5,45.1
169.7,60.2
176.9,86.5
161.2,50.8
173.6,66.6
165.5,51.9
155.2,68.3
162.2,59.0
161.7,46.1
157.3,54.6
169.7,59.8
167.6,82.7
147.5,47.2
146.8,26.7
169.7,70.8
156.0,80.4
168.3,80.3
173.6,49.7
151.0,46.1
149.5,48.7
183.4,73.7
168.9,68.4
160.4,51.4
154.7,38.9
159.4,70.2
151.9,33.9
174.7,55.1
156.5,36.9
177.0,78.1
160.6,58.3
153.5,65.1
160.3,44.8
136.1,25.0
163.7,52.3
163.1,55.8
174.1,69.8
144.3,25.0
177.8,76.7
174.0,53.2
178.8,60.6
164.4,77.1
176.2,35.5
148.8,53.6
172.8,70.5
156.5,41.6
146.8,40.7
152.6,69.6
165.1,89.4
155.9,69.5
169.1,91.2
145.1,36.0
141.6,25.0
180.1,70.6
174.9,79.4
153.5,25.0
165.0,46.0
176.2,56.1
169.6,68.6
166.6,64.5
177.0,57.3
157.0,56.9
165.3,43.0
164.8,53.4
162.0,38.8
160.7,54.6
165.8,48.5
165.4,70.5
153.5,51.4
173.8,63.1
154.3,78.9
162.6,63.9
161.8,52.0
168.9,54.0
141.7,26.4
174.8,66.2
157.6,59.2
178.4,41.3
159.7,35.7
164.5,51.8
186.1,59.7
161.9,58.3
178.6,72.9
165.4,58.4
169.6,71.5
165.8,51.7
174.3,66.2
157.5,39.5
154.2,56.6
158.0,56.0
166.1,42.7
162.6,55.8
172.8,65.1
179.4,75.0
154.3,57.1
156.9,43.4
149.2,60.4
187.3,85.1
168.4,51.5
170.3,46.6
150.3,39.9
165.0,37.8
170.6,67.2
162.2,75.6
176.8,90.1
190.4,63.4
154.6,64.4
153.8,53.3
155.3,25.0
182.7,68.4
176.5,61.9
163.5,77.0
165.4,47.1
156.0,62.0
174.8,65.6
160.8,35.2
162.1,49.6
171.7,87.8
162.9,55.8
162.4,71.6
165.1,72.7
173.7,59.7
183.1,54.5
171.4,47.4
173.8,88.3
162.8,60.6
157.2,28.4
172.2,77.7
166.9,34.5
149.4,36.7
161.4,58.5
164.1,97.0
159.4,68.1
181.3,65.1
170.3,64.2
180.1,85.2
167.9,83.3
165.9,56.8
154.7,49.4
165.1,47.5
165.1,70.0
150.0,64.9
159.1,26.6
161.4,51.4
169.5,45.0
170.1,65.9
158.6,36.8
170.2,43.9
163.0,75.3
133.4,36.7
159.7,55.2
176.9,75.3
146.5,61.8
166.2,54.5
182.4,67.3
156.6,48.1
165.0,76.1
150.7,48.9
182.9,69.2
164.1,65.1
165.5,87.7
179.9,72.3
172.3,61.3
155.4,82.3
157.9,74.8
170.4,81.7
158.1,47.5
141.7,35.2
164.4,32.0
148.7,63.1
182.8,74.7
166.9,34.3
155.0,70.9
157.3,49.4
144.2,42.5
152.9,28.7
176.2,75.7
189.5,86.6
173.0,65.1
164.0,52.9
160.2,95.9
154.5,34.4
187.7,66.7
162.9,69.0
188.3,62.8
180.3,55.2
145.9,63.8
157.7,63.8
157.6,61.9
164.1,62.0
164.3,49.0
198.0,82.4
153.2,50.4
167.5,74.4
171.8,71.3
165.0,46.0
166.2,72.6
153.5,26.7
166.2,55.9
170.6,46.9
168.6,49.7
171.3,93.4
180.5,49.6
175.3,55.3
165.8,68.1
152.1,43.9
158.4,57.5
162.6,79.6
167.8,71.7
159.7,49.1
154.7,50.6
151.9,58.7
146.8,57.0
162.4,58.3
148.8,54.1
154.0,57.6
160.7,55.4
150.3,40.6
169.2,74.1
173.1,70.3
159.0,25.0
160.2,44.1
170.9,57.1
157.1,51.3
156.4,71.9
178.2,117.9
174.7,30.3
171.6,69.4
175.2,68.6
143.2,42.4
179.9,79.3
169.3,65.3
176.1,62.8
169.3,63.5
165.5,68.6
162.0,64.6
169.0,65.7
161.6,48.7
174.5,109.3
147.5,53.3
159.0,67.1
187.5,69.7
158.1,57.8
162.4,60.7
155.3,25.0
168.7,51.9
156.9,43.1
163.0,49.4
174.3,50.8
157.3,55.1
173.7,87.3
174.0,68.6
176.6,50.9
166.5,45.6
200.7,82.9
176.6,47.4
168.6,67.1
155.4,73.4
163.9,50.5
180.7,73.0
183.8,67.9
181.3,62.8
173.6,69.2
151.2,40.3
170.4,51.7
151.3,26.1
148.6,49.6
167.6,77.8
170.8,74.8
174.9,89.7
170.5,53.8
170.8,77.0
154.2,35.8
163.8,69.7
148.4,73.1
143.0,52.4
173.1,90.9
156.7,45.1
174.6,65.1
177.2,55.3
158.2,55.6
171.5,68.7
157.7,55.1
144.7,38.9
166.4,53.5
159.8,61.4
160.2,54.0
186.7,59.4
148.2,25.0
169.2,54.1
154.1,31.5
175.0,54.8
168.3,56.0
169.2,60.8
154.6,42.6
156.6,86.8
175.2,48.6
184.5,93.0
170.3,61.4
155.1,43.1
168.7,71.4
191.7,74.1
166.1,48.6
181.1,99.0
156.9,25.0
164.5,55.9
171.8,67.8
169.4,84.2
156.6,48.0
156.1,93.5
175.9,79.4
178.1,34.3
181.6,50.8
184.8,78.7
166.5,43.8
161.6,65.7
179.9,64.4
172.8,47.8
154.2,37.8
153.6,64.7
170.4,33.5
163.0,74.2
164.7,75.8
176.8,63.8
173.3,45.0
179.6,79.3
143.8,38.2
167.8,39.2
172.6,94.2
148.2,35.1
157.8,32.7
155.8,57.6
165.2,59.1
182.9,95.9
187.2,71.4
156.0,48.0
170.8,69.2
171.1,67.4
169.3,66.5
169.4,67.2
168.3,64.8
183.6,67.9
177.1,81.5
153.3,46.3
173.8,78.5
174.8,88.0
168.5,52.3
177.4,105.3
167.1,50.7
167.2,50.9
166.3,69.0
142.8,51.5
164.1,60.3
157.6,67.0
151.9,54.6
180.8,102.9
170.5,63.2
164.7,46.8
158.8,47.2
168.3,69.4
175.9,75.4
155.9,56.6
164.9,47.1
174.5,83.7
143.7,74.5
164.4,59.9
160.3,83.7
163.5,71.8
159.5,89.2
166.5,68.1
186.2,78.3
161.4,70.0
168.2,55.7
186.9,83.0
158.9,75.5
185.0,87.6
165.1,59.5
184.6,78.0
173.3,77.4
168.4,73.2
164.3,70.6
158.1,60.1
165.8,48.1
174.9,57.3
164.9,66.7
161.5,69.9
162.2,68.4
175.9,58.0
178.5,67.8
157.7,37.1
157.6,33.8
169.2,64.2
181.8,93.1
177.6,70.9
151.2,78.9
162.1,55.3
154.8,53.2
162.1,42.9
182.6,68.2
149.4,31.2
147.2,25.0
155.9,35.9
168.2,63.5
171.8,53.9
169.8,55.9
177.9,75.8
145.6,25.0
178.1,71.0
161.6,70.1
173.0,79.9
150.4,57.5
165.1,59.2
167.6,52.4
177.7,68.2
147.6,72.7
165.3,64.2
153.1,49.9
170.6,72.5
173.5,67.0
179.2,74.0
159.1,52.0
175.2,61.3
180.0,86.2
146.9,25.0
171.7,72.1
175.5,60.6
162.2,29.3
151.7,36.0
175.4,67.1
151.8,52.2
163.0,69.6
164.6,71.7
172.9,42.5
158.1,60.7
157.5,65.5
166.1,64.0
176.1,75.7
190.2,50.6
148.4,33.6
168.5,82.9
153.0,47.3
176.2,101.7
154.7,33.5
157.6,78.1
158.5,46.1
164.2,72.2
168.6,58.1
170.3,65.6
164.9,68.8
150.4,40.5
173.0,77.9
164.4,55.5
177.8,72.2
157.2,25.0
147.4,42.7
164.6,78.6
179.3,81.1
166.8,74.5
162.8,59.1
155.4,78.3
184.3,79.1
153.7,42.1
157.0,67.1
171.3,78.4
144.6,55.4
179.0,64.5
171.9,69.2
174.9,88.2
171.1,71.6
163.2,36.4
153.3,42.3
163.5,48.7
154.3,41.0
170.3,32.2
173.9,94.9
181.2,59.1
169.1,50.8
175.2,38.4
161.7,70.5
159.7,54.8
170.2,58.5
160.7,52.4
168.0,70.9
153.3,44.5
155.3,25.0
172.0,45.7
174.8,47.0
154.2,56.4
172.4,79.3
159.1,77.7
165.2,35.5
180.6,81.0
173.9,57.3
173.8,110.3
186.0,96.9
157.3,79.9
154.2,64.3
157.1,60.0
162.2,51.8
139.1,33.6
162.7,46.2
159.0,64.9
173.6,89.7
168.9,57.4
158.4,44.4
171.5,42.4
173.0,69.5
156.5,72.4
159.6,75.2
140.5,64.1
153.0,57.7
156.8,55.5
165.8,79.7
154.6,35.9
159.4,49.3
151.5,76.2
166.9,45.2
169.7,62.8
169.4,72.6
165.1,61.2
148.0,65.5
158.2,77.9
160.5,63.9
160.6,77.6
165.8,46.6
180.7,69.5
173.9,102.6
154.1,81.4
172.5,46.3
172.0,64.9
156.1,55.7
174.3,73.1
163.2,77.7
149.5,76.8
170.0,64.1
167.4,78.5
162.5,67.8
164.6,59.3
157.1,28.8
171.7,80.1
164.5,68.6
166.8,67.1
168.9,48.1
152.3,80.4
155.2,55.3
140.7,26.4
171.2,45.0
151.7,60.8
166.5,71.6
169.1,55.9
171.6,71.7
151.8,60.7
164.3,61.5
183.4,63.5
183.9,88.8
175.9,80.6
168.7,71.1
153.9,39.6
172.9,45.8
163.3,59.8
171.2,78.4
158.0,70.6
163.1,67.3
166.8,54.5
167.7,49.8
170.4,63.6
158.6,55.2
150.2,66.3
182.9,66.4
192.4,75.5
169.9,94.3
150.4,73.1
156.5,40.6
170.6,86.1
179.8,54.3
151.7,44.1
163.6,54.1
167.2,60.3
174.5,76.3
161.2,58.8
147.8,57.3
171.8,58.9
177.4,74.8
164.1,60.4
169.5,42.4
159.8,63.4
155.7,54.8
176.3,57.7
169.3,56.7
170.4,57.9
181.5,68.8
153.4,78.2
158.9,86.9
166.7,25.0
158.8,62.8
173.6,80.6
162.9,55.2
154.1,66.2
165.7,85.2
166.9,40.7
175.3,69.6
169.3,92.4
170.1,45.1
168.5,60.8
162.9,51.7
157.1,70.1
168.2,80.1
161.3,59.7
183.6,74.6
179.8,45.3
172.0,86.4
169.2,57.7
164.0,57.1
151.1,64.8
162.6,61.1
166.1,75.8
167.5,70.8
170.2,66.8
175.1,72.1
157.4,37.7
157.5,52.3
181.0,88.3
173.5,52.7
160.7,46.1
163.8,45.8
163.9,61.4
165.3,81.2
170.2,71.9
192.9,49.2
167.1,71.1
172.3,58.7
146.4,54.8
159.7,53.8
178.5,57.2
169.4,62.1
116.7,25.0
172.4,70.0
186.1,62.9
143.0,28.1
181.7,83.6
134.5,56.4
175.3,76.3
164.9,50.1
139.2,31.5
169.9,53.3
177.7,82.8
169.0,50.5
171.4,77.9
160.5,66.2
144.5,64.5
172.6,81.5
184.2,82.8
177.4,47.2
143.1,54.2
148.3,50.1
155.7,47.7
147.5,68.3
165.5,58.0
169.3,55.1
149.3,65.9
173.5,60.2
171.6,56.1
159.0,38.7
163.1,46.2
143.6,34.3
161.3,66.6
165.1,44.7
166.9,33.4
169.2,67.5
167.7,52.4
162.1,57.6
168.1,81.4
176.0,69.2
163.9,81.8
168.5,61.4
163.0,73.5
157.9,46.6
170.8,65.8
158.9,41.5
169.2,50.8
165.3,56.8
161.7,37.6
161.4,59.7
159.4,51.4
146.9,51.0
169.2,43.3
167.5,72.3
174.3,92.3
159.2,78.0
185.8,104.5
160.8,57.5
155.4,47.8
154.1,59.5
145.9,43.3
181.9,46.7
180.1,83.6
171.6,61.3
155.1,30.9
184.9,67.6
161.1,53.9
162.0,57.9
180.8,72.3
172.2,85.8
189.2,59.4
167.7,59.6
160.6,43.6
158.3,74.0
144.7,37.6
161.9,52.5
177.6,85.1
171.6,84.6
165.2,82.1
154.1,27.6
167.5,69.0
176.1,72.3
169.7,62.6
166.8,62.2
156.2,73.0
174.5,82.6
130.5,50.9
169.2,66.1
193.3,116.2
148.4,42.4
162.3,33.7
164.9,55.9
159.9,57.1
176.4,88.0
170.2,56.1
166.7,68.5
173.8,44.3
165.2,76.3
200.0,89.0
166.7,56.9
167.1,93.4
146.2,63.1
159.0,40.0
177.6,67.8
150.3,90.7
141.3,73.6
165.4,74.0
180.1,43.6
165.5,80.2
161.3,47.7
144.6,65.8
170.0,52.7
172.3,72.6
145.4,36.9
177.5,63.8
173.4,75.5
177.5,49.5
171.4,100.2
172.2,49.8
170.7,47.9
174.6,76.4
145.0,65.6
148.5,43.7
156.9,38.1
163.6,45.0
169.3,47.6
168.6,67.1
177.3,68.1
177.6,75.8
155.4,58.6
167.6,74.2
155.7,47.2
162.9,47.3
168.5,64.8
127.5,34.9
191.5,84.5
171.2,53.8
158.4,64.9
186.2,58.6
161.2,50.5
166.5,77.9
159.6,39.1
183.2,89.6
163.8,37.9
166.6,37.3
178.2,47.5
171.4,66.4
164.4,70.4
177.2,88.5
192.9,100.1
168.5,75.4
166.3,48.4
166.9,48.7
179.4,82.6
158.4,76.5
161.9,42.2
148.1,67.7
152.0,25.0
159.3,61.7
164.4,57.9
184.5,71.8
170.9,64.7
155.0,40.0
157.0,60.9
180.1,72.3
177.4,83.3
165.3,84.0
160.1,58.3
177.4,56.9
154.1,35.2
169.3,88.5
190.0,103.0
167.3,74.9
156.5,54.8
169.5,75.4
159.8,75.8
149.7,40.0
172.7,66.1
177.3,52.6
161.6,55.5
160.9,80.1
154.4,68.6
163.4,60.7
158.8,25.0
153.9,42.3
185.8,77.5
170.1,60.4
171.3,65.0
174.7,70.8
173.5,58.2
160.5,56.5
168.0,59.8
162.0,47.2
169.8,91.1
168.8,55.5
160.8,25.0
150.4,76.5
166.6,48.4
162.8,71.8
144.2,35.5
170.6,72.6
175.6,67.1
192.8,96.8
160.7,53.6
159.1,45.8
152.8,55.2
167.3,55.8
167.2,32.6
156.1,44.6
163.1,101.5
143.2,25.0
175.2,71.1
156.5,50.3
164.6,87.2
149.3,32.4
158.6,56.9
161.9,68.0
164.9,57.1
170.3,52.3
180.8,71.6
173.1,61.2
175.6,63.1
180.9,86.0
171.3,70.6
164.6,67.9
176.1,73.2
176.8,83.2
172.1,84.8
149.0,44.5
155.7,65.7
162.0,38.3
173.6,32.5
164.8,87.1
177.5,64.3
179.5,74.6
178.2,51.5
178.3,50.8
153.6,41.2
170.3,73.5
158.3,47.4
146.9,42.4
161.8,46.5
179.6,88.4
170.1,76.7
187.2,69.8
166.9,71.6
191.9,77.4
167.0,56.3
165.2,59.3
150.9,59.8
177.2,55.7
159.5,63.5
157.9,92.3
179.1,73.3
177.7,70.0
177.5,68.0
161.0,64.2
164.4,35.3
164.3,84.9
173.6,81.0
182.1,63.3
169.0,63.3
186.7,68.3
174.9,71.8
162.4,59.0
174.1,70.1
183.8,58.9
187.0,69.7
178.1,86.9
165.3,52.1
162.6,25.0
171.3,62.3
183.4,110.2
169.8,76.1
170.0,54.8
165.6,59.5
161.4,67.5
163.2,32.3
166.5,48.1
183.9,80.4
162.4,81.9
165.6,53.7
155.5,76.7
172.9,54.4
180.0,25.0
182.9,84.7
167.2,69.6
171.3,75.6
163.3,69.1
170.8,67.1
168.5,58.5
165.6,57.1
166.5,54.1
170.0,57.6
161.8,30.4
162.3,39.8
183.8,71.9
194.8,49.9
151.8,25.0
151.1,45.2
154.5,50.6
163.9,54.4
174.9,31.6
171.5,88.0
166.9,39.7
170.8,51.9
157.4,35.6
162.3,77.4
164.8,66.1
147.6,40.8
152.2,42.8
152.7,54.0
173.4,47.5
167.7,67.6
171.7,56.6
144.8,53.9
148.7,55.9
172.3,56.4
134.4,25.0
178.5,66.4
144.9,25.0
174.3,68.0
155.2,49.2
176.5,59.7
200.3,68.8
140.0,60.9
172.6,58.8
145.1,81.6
169.7,63.9
162.7,63.5
166.4,61.5
155.0,58.0
173.6,82.7
149.1,65.5
178.7,43.7
160.5,69.5
149.6,56.7
182.5,73.8
164.3,85.0
186.0,102.4
178.4,83.6
156.2,45.5
164.1,41.3
166.3,72.2
181.8,93.1
169.8,33.0
166.9,77.6
162.8,54.5
164.4,32.4
179.4,77.8
165.0,73.6
160.7,51.5
158.8,39.6
158.9,81.2
149.6,39.2
156.7,71.4
181.5,49.8
162.7,64.5
172.7,71.5
137.7,54.8
171.3,86.9
163.2,46.4
159.7,63.9
167.0,40.9
159.5,35.3
141.6,35.5
175.1,73.6
167.7,87.0
161.5,85.3
154.4,47.1
148.8,53.3
167.5,75.8
182.7,85.0
167.2,59.0
149.8,50.5
167.5,60.1
164.4,56.3
174.5,61.9
171.7,63.0
132.2,32.3
171.0,47.3
154.0,65.1
149.4,56.8
162.9,86.5
169.5,68.8
147.0,41.3
172.8,56.3
173.4,66.9
165.5,68.6
155.5,49.5
154.2,30.3
176.3,57.3
148.4,48.7
176.7,79.8
163.2,36.3
163.9,63.1
146.2,50.3
163.4,52.0
171.7,56.1
150.3,38.7
170.5,66.1
166.0,77.5
157.9,72.8
174.4,50.1
140.8,40.8
168.8,29.8
182.8,75.2
180.8,80.9
169.3,86.6
161.7,30.7
158.0,38.6
161.7,59.7
171.0,40.0
156.1,56.2
173.3,75.4
188.5,58.9
164.3,61.4
150.2,31.5
150.2,70.3
173.5,69.4
164.3,49.8
174.6,48.5
159.1,61.5
174.1,87.1
163.3,47.1
156.9,47.6
160.6,45.5
151.8,74.0
186.9,48.2
163.9,78.4
172.1,59.5
159.1,54.6
153.4,46.7
162.4,61.6
177.1,58.1
159.3,71.7
155.4,69.6
166.7,46.4
170.5,74.0
183.1,68.4
168.9,63.5
172.1,88.0
172.9,55.7
152.3,64.9
154.4,59.3
153.1,48.6
150.3,55.2
173.8,70.1
168.2,44.9
165.9,51.4
136.5,25.3
187.6,73.3
155.2,73.1
187.6,86.1
149.1,27.4
156.1,49.5
140.8,47.1
169.0,74.0
152.9,41.7
153.2,33.1
149.9,48.6
173.6,74.8
172.8,69.2
184.9,62.0
157.5,80.9
167.4,60.2
150.8,52.9
161.3,47.3
159.3,72.4
170.1,72.2
176.2,73.0
175.9,50.8
155.7,69.8
176.0,79.5
164.5,74.8
161.4,57.9
157.2,53.2
158.8,52.8
184.2,108.8
168.4,54.2
166.9,43.5
162.1,52.2
191.9,73.0
179.4,89.7
157.1,33.9
162.0,49.3
162.6,61.1
166.6,80.1
157.3,65.1
169.8,87.7
181.0,77.2
150.6,46.8
152.6,64.1
159.7,35.6
160.2,30.8
187.0,91.6
176.0,71.3
175.4,82.1
162.1,45.0
161.9,76.9
149.0,58.9
173.6,65.8
170.4,67.0
179.1,75.8
162.7,45.4
163.4,53.0
166.9,66.2
174.8,60.9
148.8,26.7
173.1,70.3
164.8,72.3
153.4,67.8
142.1,52.4
163.5,71.1
180.9,86.8
183.4,75.2
168.9,31.0
186.6,94.0
164.5,46.2
175.5,50.8
160.0,39.8
159.3,93.1
157.5,61.2
142.3,28.9
179.2,60.4
157.9,54.9
156.2,61.8
152.0,55.0
162.8,44.3
184.4,79.6
188.0,68.6
146.7,63.1
161.1,57.9
153.6,40.5
175.9,78.4
168.2,68.0
158.0,47.8
165.8,71.4
159.7,65.6
182.8,91.5
171.0,75.0
172.4,62.2
135.7,25.0
164.3,62.2
187.9,82.8
179.6,71.7
144.7,25.0
161.6,67.6
151.8,37.0
183.8,84.6
167.7,87.4
156.6,50.1
165.4,66.7
136.3,41.4
153.1,59.4
165.4,61.7
174.3,59.1
143.6,31.8
160.8,80.7
176.1,74.8
149.0,61.3
167.5,67.7
165.7,75.1
183.9,60.9
162.5,59.3
163.1,66.1
174.4,86.3
150.4,89.9
162.6,64.3
160.0,46.4
163.5,40.9
174.3,53.3
171.1,52.8
156.8,25.0
166.5,50.9
181.4,83.1
155.9,54.6
166.6,57.2
162.9,34.0
164.3,75.1
147.1,55.3
180.5,71.5
156.5,25.0
176.3,61.0
158.2,61.5
158.1,54.6
178.3,72.9
175.9,78.4
167.3,63.9
173.4,75.9
161.8,45.0
164.9,41.5
157.7,61.9
174.9,77.6
157.4,62.3
181.3,74.3
161.5,52.5
165.2,63.2
173.3,71.8
165.3,66.7
161.7,96.6
164.7,45.8
174.8,115.6
157.7,35.9
163.6,64.7
165.1,42.1
174.5,71.6
163.9,73.8
184.9,75.7
163.3,73.2
162.4,51.7
163.1,27.8
150.5,59.2
153.6,52.4
159.2,48.5
177.5,63.2
164.6,65.7
159.7,43.9
178.5,75.7
182.1,90.8
178.8,101.2
155.6,74.3
159.6,58.4
185.0,79.1
167.7,55.8
162.1,50.8
172.9,78.8
176.1,63.6
158.7,60.9
167.4,47.2
175.2,88.1
152.2,46.2
165.1,76.3
152.7,40.8
154.2,40.9
158.8,75.4
170.2,54.4
161.5,33.8
157.9,39.2
165.6,73.2
152.4,62.5
169.7,51.9
177.4,59.8
164.1,69.4
162.8,78.0
169.1,61.9
142.7,53.1
170.9,77.4
199.1,119.5
163.7,41.6
163.7,48.9
173.2,58.4
183.1,86.2
175.7,64.2
141.3,48.6
171.2,66.3
193.3,82.2
171.8,66.6
152.3,66.5
168.1,47.6
150.9,47.9
178.6,51.9
154.5,55.9
165.8,57.6
155.6,69.3
159.0,55.5
181.3,65.7
166.1,57.0
158.8,81.4
152.4,27.5
144.4,36.5
151.2,50.9
166.2,51.2
175.8,75.3
158.8,54.7
182.3,76.9
157.1,56.1
162.4,56.5
153.1,32.2
175.9,70.7
188.1,51.4
145.6,36.6
161.2,64.5
178.9,88.3
149.1,84.1
171.2,58.1
178.4,57.1
165.9,68.4
171.1,92.4
184.4,97.8
186.4,60.9
164.3,57.3
159.1,68.5
154.9,66.6
175.7,76.8
149.9,42.7
162.2,66.6
166.1,74.7
159.5,42.0
168.1,82.1
193.2,97.0
163.7,47.8
160.2,70.3
176.2,80.5
167.6,74.6
180.8,95.6
166.8,61.1
162.3,62.9
145.4,25.0
147.2,64.4
144.8,61.4
169.2,83.3
150.0,35.5
178.8,84.8
165.3,75.4
162.3,48.2
155.7,69.2
171.8,71.9
156.2,28.2
154.2,61.1
178.1,58.3
168.9,37.6
162.4,63.5
172.1,64.1
165.1,81.0
169.2,65.7
156.0,65.2
187.8,85.2
158.6,70.7
182.1,59.7
162.9,61.4
173.9,64.4
173.1,75.7
177.6,73.2
155.8,44.2
176.8,63.7
185.3,100.3
162.2,32.4
165.4,70.8
159.2,74.4
161.2,65.8
183.8,103.9
154.0,66.2
154.6,58.4
182.7,66.4
171.9,71.0
188.3,88.3
160.0,56.4
166.4,49.8
157.7,36.7
166.6,63.8
145.5,25.0
172.5,58.4
168.6,26.0
164.4,71.9
160.7,74.1
155.2,54.1
173.0,93.3
152.1,71.1
170.6,71.2
187.8,75.9
181.3,67.1
148.4,56.9
159.1,53.6
169.6,71.5
164.2,68.7
149.6,45.8
169.2,79.4
164.9,56.4
186.1,76.5
162.2,43.2
177.8,65.5
151.1,82.6
153.7,38.5
172.9,72.4
176.9,62.0
154.5,25.0
165.3,68.5
149.8,41.0
163.0,63.2
174.2,81.6
160.2,60.0
162.3,62.8
152.6,38.2
157.9,65.4
184.3,71.9
165.8,30.5
154.0,64.6
161.5,74.4
147.4,70.0
153.8,84.6
180.0,82.9
163.4,66.5
185.8,92.3
164.0,45.8
164.6,34.5
172.0,58.0
135.6,59.6
167.3,51.6
164.5,66.5
181.3,80.9
175.6,71.5
152.5,32.0
178.7,75.4
162.1,51.5
155.1,78.4
167.2,78.5
162.8,52.5
181.9,99.3
168.7,67.8
167.3,36.5
174.9,66.1
177.0,93.5
173.6,54.0
180.6,70.7
171.7,44.5
166.8,43.2
178.6,57.7
164.0,40.8
165.4,50.9
183.9,100.5
182.8,73.0
164.9,71.6
160.0,72.7
181.1,55.5
173.8,54.0
168.5,73.9
161.5,47.8
168.6,73.1
164.8,84.9
157.7,32.9
166.4,55.6
167.9,59.1
160.9,49.0
174.9,58.2
179.2,63.2
175.7,67.7
162.0,60.2
173.3,80.4
165.9,60.1
151.4,67.2
172.4,56.5
166.6,43.0
193.5,77.8
181.0,79.0
172.8,78.6
167.7,83.8
166.8,65.6
154.0,63.4
145.9,67.3
155.4,41.4
164.5,56.4
141.8,85.8
159.0,68.5
162.3,65.6
162.6,71.6
157.7,34.7
161.2,47.5
184.0,59.3
172.3,71.6
158.8,50.0
164.2,60.8
164.7,55.0
156.6,29.5
156.5,67.2
176.1,41.8
160.4,45.7
153.0,31.7
164.5,46.4
166.3,63.9
143.3,63.7
164.6,36.2
174.5,58.7
170.0,37.3
189.5,69.9
178.8,71.4
180.9,83.5
195.8,52.6
173.3,74.4
166.8,46.6
175.7,49.7
158.8,56.5
166.2,70.2
157.9,53.3
169.4,46.7
157.8,53.3
157.4,43.7
169.5,72.3
163.5,74.9
143.8,60.7
149.0,48.5
152.4,67.9
155.3,37.7
169.6,90.0
167.4,46.3
176.7,38.3
173.3,86.5
176.8,58.1
171.7,66.6
167.3,46.1
177.1,104.5
175.1,94.8
169.1,86.1
179.0,71.8
139.2,57.3
161.8,56.8
161.6,74.3
177.7,63.3
182.3,96.9
149.0,42.0
180.5,66.5
152.1,43.9
152.4,54.0
162.4,52.2
161.5,64.7
147.9,40.9
172.1,77.1
172.5,88.2
176.6,69.8
160.2,89.8
164.6,76.5
164.7,91.7
183.6,73.2
133.8,25.0
154.5,41.9
165.1,50.9
153.1,37.2
162.2,25.0
163.6,74.3
157.8,26.9
165.7,74.3
171.9,97.8
162.4,46.3
160.0,62.1
163.2,52.6
164.9,72.2
145.9,28.9
170.1,61.7
160.0,73.2
178.9,69.7
171.5,40.3
177.9,88.2
153.9,32.7
160.9,58.1
151.3,59.1
157.2,56.2
178.8,108.4
181.4,83.4
152.4,48.0
160.0,65.3
164.2,62.4
171.4,65.3
145.6,50.3
147.4,41.3
170.4,67.1
143.6,37.8
160.1,27.9
166.8,78.3
169.6,54.8
163.4,60.9
161.0,45.6
174.3,55.9
168.1,46.6
157.9,69.1
165.4,78.0
169.2,63.4
183.9,66.4
173.6,40.9
178.4,81.9
158.3,45.0
159.2,39.0
162.4,58.5
163.4,53.7
153.9,29.3
178.9,49.7
174.7,72.2
161.6,47.6
172.1,72.8
167.5,63.9
172.9,81.5
150.2,37.2
163.4,62.2
164.4,69.0
171.9,55.6
158.1,71.9
137.5,25.0
153.1,39.1
164.3,33.9
165.7,49.4
183.5,71.8
171.4,77.1
165.9,58.2
164.6,50.7
177.1,45.8
158.5,37.1
163.5,63.4
153.0,64.7
180.6,65.5
169.3,81.2
157.2,40.1
163.7,53.1
170.6,59.4
162.2,80.9
159.1,57.7
157.8,27.8
168.7,76.9
161.1,84.8
160.0,52.6
150.3,36.2
165.9,73.5
163.0,87.9
161.5,70.1
167.2,37.1
173.2,77.3
172.7,71.7
171.1,50.1
162.4,77.3
158.8,62.0
153.5,71.6
158.5,39.3
165.2,66.0
156.4,40.4
166.1,64.4
154.4,74.6
146.7,26.0
174.0,46.1
159.8,70.5
155.8,53.2
153.0,69.0
169.7,51.2
180.1,72.1
160.6,67.0
162.6,61.3
176.8,41.9
145.1,88.6
186.6,79.8
191.9,60.9
135.2,44.9
163.9,65.6
157.1,69.2
162.1,71.7
160.4,53.4
173.9,40.7
163.8,65.9
155.0,28.2
163.1,76.8
170.7,53.1
152.0,60.3
146.9,37.6
186.9,69.5
157.9,42.9
163.5,69.5
160.6,47.4
171.0,75.9
184.5,66.0
171.4,61.1
148.3,48.9
149.8,51.7
160.6,42.9
162.0,68.3
146.1,42.9
174.0,74.8
153.1,51.3
181.4,81.2
185.0,69.1
162.3,46.1
169.8,69.9
151.4,43.1
171.9,86.9
159.5,57.0
153.0,30.9
161.8,48.8
159.9,41.2
161.4,73.4
175.4,79.3
156.4,52.9
184.1,78.9
150.4,48.5
182.8,86.4
153.8,59.8
165.0,70.4
159.6,53.2
161.2,47.7
173.8,76.4
181.5,95.7
178.1,86.4
160.5,80.4
167.0,63.8
156.4,39.3
154.1,39.0
152.4,71.8
160.2,28.5
167.7,84.5
144.0,33.8
164.5,88.4
181.7,71.6
177.3,80.0
158.6,91.1
149.6,44.3
170.1,58.4
139.5,32.4
177.2,54.1
162.7,53.3
185.1,67.1
146.0,28.1
175.1,64.3
163.9,65.8
161.4,43.8
149.9,47.0
171.6,85.8
172.4,44.1
184.6,104.0
176.1,58.1
158.5,58.3
154.0,71.3
149.9,73.2
181.2,79.3
156.4,43.4
181.3,60.6
170.8,55.5
168.6,90.9
161.6,51.7
172.3,70.1
164.8,44.1
160.9,39.6
172.7,66.0
163.4,53.9
156.2,49.9
171.6,42.6
164.3,58.3
170.4,87.1
160.0,43.5
151.7,64.1
184.1,25.0
182.0,60.8
174.7,38.5
160.7,75.4
161.7,70.7
180.2,55.9
161.1,61.4
158.0,73.0
185.6,96.1
164.5,53.4
184.5,41.7
149.6,35.8
170.7,75.6
187.8,109.1
165.3,59.3
162.1,48.7
152.2,86.9
176.9,74.9
156.5,35.5
164.0,57.4
151.4,65.4
182.1,71.9
177.7,81.4
164.7,35.6
152.3,29.5
181.9,61.8
161.0,52.8
152.8,56.4
145.6,56.2
157.9,91.8
149.0,37.8
158.1,50.3
173.2,55.3
160.9,73.1
168.9,79.8
157.0,47.5
165.7,91.4
186.1,65.6
161.2,72.6
169.2,84.8
147.8,27.6
181.7,81.3
159.8,25.0
176.6,80.9
163.6,42.4
171.7,73.4
172.4,76.7
160.0,73.1
177.0,82.3
156.7,54.8
173.6,60.6
160.7,55.7
168.8,46.0
159.9,53.1
165.5,55.9
153.2,39.8
167.7,35.8
165.5,41.1
159.1,25.0
164.4,54.8
166.5,66.4
158.2,25.0
163.6,62.4
153.9,50.3
190.8,62.4
176.7,62.2
168.0,77.9
177.9,55.0
143.2,46.3
136.9,46.4
160.6,44.4
149.8,64.5
162.4,64.1
167.3,57.8
175.1,102.9
152.5,66.3
169.4,37.8
165.2,54.2
168.8,99.7
159.3,41.1
180.2,72.4
163.9,77.5
184.5,84.7
156.3,65.7
173.2,77.0
164.3,59.8
161.4,45.4
172.0,71.6
161.7,51.5
135.7,33.3
131.3,60.2
179.0,64.8
178.5,95.7
185.8,79.8
164.8,57.4
150.8,25.0
160.4,88.4
165.1,59.9
153.9,25.0
183.1,88.6
189.6,78.4
170.3,49.8
164.9,73.8
150.8,25.0
182.0,62.2
165.8,56.0
161.8,70.4
170.3,97.4
158.6,51.6
166.6,68.0
149.1,90.2
177.0,69.0
163.9,66.1
177.7,50.9
162.8,87.7
163.5,48.1
151.7,54.6
173.4,69.7
155.4,54.4
159.6,49.6
165.0,63.5
166.3,87.2
146.2,81.3
162.5,55.4
173.7,59.7
160.8,44.8
162.5,98.4
166.8,63.1
163.6,75.6
153.7,62.4
164.6,92.7
175.9,64.4
153.4,35.2
160.9,84.8
149.8,62.9
175.4,74.5
164.0,82.2
155.6,61.0
166.0,84.2
151.8,54.4
153.6,65.5
148.9,56.7
153.3,46.8
179.9,68.1
156.9,48.3
170.1,67.7
155.8,46.6
173.4,72.7
153.7,58.0
165.4,63.3
165.6,63.7
190.6,71.4
171.9,60.8
158.5,30.2
172.5,63.7
188.5,63.4
147.1,49.1
155.7,42.6
162.4,27.3
160.4,90.4
161.3,53.8
150.7,71.6
180.4,63.7
149.4,74.5
162.8,41.0
176.5,71.2
164.7,43.3
154.2,91.3
150.2,45.9
162.5,70.5
156.7,60.8
167.3,61.2
149.6,57.0
173.9,87.0
166.3,70.8
167.1,63.9
180.9,79.7
160.2,85.2
157.0,48.0
159.0,27.8
162.9,41.9
164.0,43.8
155.9,40.2
142.7,32.1
158.8,55.1
169.0,66.5
166.5,64.5
178.2,58.9
186.5,91.4
173.4,74.1
180.2,95.2
173.4,78.9
183.8,69.1
185.4,95.2
175.5,71.8
172.8,77.6
162.7,69.1
164.5,57.7
161.3,58.8
171.8,63.0
157.1,41.5
162.9,26.2
139.1,32.2
184.0,77.4
162.6,74.4
170.0,75.5
181.0,67.9
168.3,52.1
180.9,69.3
151.3,35.8
191.4,48.8
177.0,45.7
167.3,82.2
180.7,99.7
152.1,62.2
161.8,56.7
180.9,51.1
144.5,43.5
171.2,73.6
170.9,76.7
186.7,87.0
147.6,66.1
182.7,102.6
158.8,49.4
160.1,98.5
151.6,25.0
153.0,39.8
169.4,66.2
152.8,59.6
173.1,63.2
157.7,47.3
151.7,83.6
159.2,47.6
168.7,47.3
161.9,83.1
165.4,72.9
172.7,82.0
176.9,71.8
161.6,36.8
153.5,53.1
165.8,37.8
170.2,67.3
148.9,58.6
155.2,69.1
157.1,52.9
162.7,69.5
156.6,40.4
172.8,80.2
147.3,57.9
147.6,35.9
161.3,65.2
163.1,74.8
149.0,50.0
158.3,42.8
160.6,59.4
160.7,65.1
166.7,48.7
157.7,39.6
181.3,80.1
170.4,76.2
156.1,85.9
166.0,70.6
166.4,42.8
178.4,100.6
158.4,71.0
173.4,36.1
165.5,44.8
181.4,65.0
179.2,83.2
167.2,25.8
162.1,56.0
170.6,75.7
163.0,25.0
183.5,85.3
165.9,73.5
160.5,44.0
159.9,39.0
151.7,37.7
171.1,25.0
156.0,48.6
177.1,72.3
150.8,31.7
166.4,75.5
177.7,71.0
141.3,47.8
187.2,71.1
160.3,67.7
166.6,80.4
171.3,58.4
173.0,77.2
168.0,73.7
176.0,74.4
170.7,89.3
184.4,63.9
170.7,57.8
186.6,65.0
174.9,78.2
145.1,42.3
193.7,72.1
158.7,80.3
181.5,99.6
165.3,55.2
176.7,48.2
157.4,82.5
171.9,72.1
162.2,64.2
182.4,74.7
169.8,51.4
175.3,61.4
141.2,54.0
164.1,52.5
169.5,69.7
167.5,61.9
175.6,52.0
161.0,81.3
165.5,69.2
178.0,74.7
139.9,51.4
171.5,37.8
161.3,49.9
155.0,29.9
168.7,64.5
178.5,75.0
176.4,70.6
163.5,76.5
174.6,44.6
174.5,55.0
164.0,65.4
157.4,58.4
158.0,35.2
174.2,84.7
164.5,82.7
153.5,58.2
146.5,25.0
174.2,69.1
159.0,60.7
168.6,58.5
178.6,90.4
150.6,48.2
164.5,91.1
163.1,70.3
169.2,67.1
178.6,84.0
150.4,72.7
171.3,78.0
176.3,67.3
162.9,48.5
163.5,42.0
169.6,26.7
168.8,65.3
171.4,58.8
171.2,59.4
154.2,67.7
175.9,66.4
177.8,98.0
167.0,52.8
148.6,34.0
163.7,40.1
167.1,72.3
152.4,68.4
161.0,48.1
149.5,33.2
171.7,87.8
166.8,39.5
146.9,62.6
168.9,54.2
164.4,65.4
170.7,80.2
160.7,64.0
156.2,49.2
156.5,74.8
159.1,60.0
165.2,115.3
166.6,35.5
162.9,32.6
160.3,71.5
161.1,56.6
192.6,93.5
156.5,37.4
158.9,56.3
201.2,95.9
169.6,55.1
149.8,52.9
174.3,46.4
155.0,58.8
175.0,89.1
162.7,39.7
160.2,37.0
182.7,91.3
171.2,44.8
175.7,80.5
169.8,64.2
160.1,50.1
171.7,86.9
178.3,83.9
166.5,65.2
184.8,42.9
174.4,77.6
167.3,45.5
167.8,58.6
166.5,61.1
151.2,78.8
164.0,55.4
167.4,40.3
160.4,78.7
168.7,73.5
165.2,71.5
173.5,88.6
172.3,91.2
166.8,47.9
150.0,28.6
184.7,87.7
163.4,54.8
164.1,56.7
161.2,40.4
159.6,64.8
182.0,78.9
180.2,69.1
169.9,42.7
163.8,77.2
171.8,68.8
165.8,77.3
162.9,26.8
168.7,63.5
160.1,45.7
167.8,62.5
167.2,75.7
171.6,70.4
158.2,55.3
172.8,65.9
155.0,29.5
158.7,41.8
159.2,72.6
153.2,44.1
176.2,85.4
154.3,64.8
157.3,67.6
178.8,75.3
158.7,48.9
162.9,56.1
153.9,61.7
174.2,34.8
174.3,85.5
173.1,58.4
170.9,63.0
165.8,59.3
159.2,55.2
156.0,33.9
179.2,72.9
173.4,75.1
157.4,25.0
165.4,40.7
161.7,71.0
152.6,61.9
167.0,65.8
160.4,46.4
154.5,63.3
148.7,30.6
147.8,46.0
160.9,37.4
164.1,56.8
155.4,37.7
172.2,76.5
164.3,65.9
171.3,56.0
163.0,74.8
156.3,39.4
166.3,60.3
151.1,41.0
170.9,75.4
154.7,62.3
175.1,87.0
161.3,58.5
176.7,25.0
152.7,44.8
157.5,78.1
169.2,58.1
177.9,40.8
183.3,80.7
165.5,68.1
185.2,64.6
161.8,53.9
177.1,56.3
154.6,60.4
169.6,64.1
139.2,25.2
152.7,51.1
170.1,52.7
150.6,71.8
169.7,76.8
175.0,65.5
159.5,57.2
154.3,67.6
159.8,53.6
154.4,63.8
163.9,81.3
166.1,53.3
161.6,82.2
183.4,94.3
157.1,58.0
180.3,64.9
153.5,55.4
165.8,56.8
178.0,57.8
177.4,77.3
160.4,41.2
171.1,59.3
169.6,58.4
159.1,35.2
171.8,74.8
185.5,72.3
170.2,83.2
171.2,60.8
172.4,59.3
148.9,35.2
170.1,64.2
153.8,52.7
158.5,66.4
188.8,79.4
162.2,89.3
156.9,61.0
177.7,54.7
154.6,36.5
160.1,64.4
178.7,55.0
165.5,69.2
147.8,61.5
171.0,78.1
160.6,43.7
181.9,86.6
158.3,60.0
176.6,59.5
184.5,72.5
155.6,60.4
162.9,48.3
169.3,67.6
155.6,74.9
168.0,76.5
162.5,59.3
162.3,61.5
165.5,52.2
165.8,52.8
166.8,38.2
158.4,59.0
158.9,65.8
163.7,57.9
164.5,46.4
160.2,57.4
168.6,82.6
145.0,59.7
157.0,53.8
161.9,88.4
155.6,93.7
182.9,66.4
165.2,56.4
166.9,71.7
159.7,42.4
164.8,72.5
151.6,52.1
163.1,64.1
154.7,44.0
161.9,45.9
136.8,25.0
152.6,73.5
181.1,86.3
174.1,76.8
179.5,76.1
180.3,36.9
172.4,54.1
160.0,52.5
153.6,35.7
177.6,44.0
165.7,45.8
192.4,82.2
161.0,57.8
186.7,90.3
163.3,89.6
179.7,81.3
183.7,71.6
153.7,79.0
159.7,32.4
153.6,25.0
151.5,37.2
172.3,77.5
162.8,60.9
165.6,43.4
171.1,53.5
144.6,27.4
179.2,52.0
161.2,80.4
170.9,62.1
171.8,91.5
180.1,58.0
163.8,66.4
141.6,47.5
165.6,73.5
167.2,65.3
153.6,66.7
166.6,69.4
161.0,40.7
150.2,60.6
172.4,63.8
158.8,43.8
160.5,67.1
159.9,70.1
178.6,62.9
164.5,54.3
165.9,39.7
160.2,29.4
170.1,60.0
179.8,83.0
172.1,56.6
172.6,86.9
171.7,61.8
149.8,46.4
155.4,48.8
162.7,73.0
157.0,39.9
153.3,49.8
144.4,37.7
150.2,41.2
162.2,58.4
164.2,57.6
156.3,69.5
165.9,60.4
160.2,64.8
177.0,71.5
163.2,79.7
172.7,61.0
167.2,57.0
149.6,60.4
164.0,54.4
151.4,57.9
163.8,94.1
156.8,39.4
169.2,86.0
150.2,42.3
165.2,80.1
171.3,74.8
175.0,76.4
156.6,51.7
165.2,56.3
167.0,50.5
182.0,73.0
148.7,45.9
155.0,55.7
195.8,63.2
162.0,58.1
144.2,64.7
158.6,69.5
134.5,40.2
167.7,100.3
173.9,57.9
155.0,51.5
159.8,34.4
175.2,61.4
145.7,73.6
150.5,44.3
162.5,35.2
156.7,67.1
161.8,63.4
151.1,62.7
167.4,57.2
163.4,43.6
171.0,61.6
167.2,69.8
167.3,60.5
149.1,54.7
170.4,55.8
161.4,63.7
163.2,58.5
176.5,58.0
157.1,56.4
179.9,65.4
180.9,81.2
173.3,79.2
154.2,59.8
141.0,25.0
176.9,54.3
166.2,51.2
156.8,42.1
177.9,61.5
155.5,67.1
160.3,67.0
170.8,57.8
152.8,60.2
163.8,64.0
177.0,68.4
167.3,78.8
178.7,60.4
177.5,70.1
165.1,44.2
139.3,27.6
152.8,31.0
173.4,51.4
147.9,49.4
161.4,52.8
168.7,58.6
181.2,67.7
158.7,82.0
157.9,37.8
164.4,40.8
168.9,50.0
163.3,57.6
176.5,76.3
156.2,63.0
166.3,75.0
169.9,61.9
160.6,50.8
174.2,91.3
166.6,25.0
173.7,67.3
167.1,67.9
169.1,91.0
158.0,30.0
158.1,48.7
178.5,49.7
172.0,38.1
153.7,48.9
167.0,73.8
138.9,60.5
158.7,47.4
175.6,77.8
163.6,55.9
166.3,69.2
131.8,55.5
160.7,53.9
168.7,78.8
170.1,45.5
175.6,77.7
162.7,73.7
163.2,72.5
150.3,32.0
162.8,55.2
151.1,54.8
144.7,52.7
153.1,53.3
181.6,94.0
162.0,38.3
167.4,58.1
159.4,30.5
145.3,55.8
175.3,75.9
141.1,94.0
158.9,70.9
164.4,64.4
167.5,65.6
157.0,49.5
144.8,48.1
156.2,57.8
156.8,25.0
156.5,56.8
175.7,69.4
151.7,76.9
168.3,60.3
166.7,49.7
175.6,71.8
163.5,60.0
173.7,64.4
163.1,39.3
169.8,61.1
148.5,39.8
136.0,37.4
169.2,73.9
169.7,53.3
170.2,60.4
159.2,63.9
181.4,68.3
159.9,95.4
169.6,67.0
171.5,46.1
183.9,61.8
161.5,43.3
157.8,42.4
148.5,56.6
182.1,56.3
169.6,58.3
170.0,80.7
199.3,79.6
168.6,72.6
150.7,25.0
162.8,52.8
154.3,39.1
160.6,61.3
160.6,41.2
158.5,86.3
149.7,25.0
182.5,90.3
168.3,75.5
162.5,62.8
173.3,66.9
170.2,91.5
168.0,99.2
172.5,62.4
166.5,63.3
172.4,57.1
173.3,48.5
166.8,68.1
162.6,61.9
181.8,48.6
159.7,63.0
169.3,67.3
169.6,54.2
158.3,45.1
156.1,60.0
161.1,81.2
159.6,62.0
149.0,60.5
157.8,42.3
167.9,55.8
178.9,79.6
171.1,44.0
136.4,44.0
172.1,72.5
158.9,54.9
170.0,68.4
164.8,60.6
162.9,49.0
163.9,41.4
164.8,58.4
179.8,90.7
164.8,75.1
176.9,63.7
175.3,62.1
172.3,58.7
145.3,39.9
177.3,73.5
160.0,72.2
172.9,99.7
154.3,39.9
152.0,60.6
186.7,84.9
154.5,47.6
177.6,54.0
166.3,65.0
160.4,88.4
164.5,63.6
150.7,38.1
164.8,57.4
153.1,34.5
160.7,57.1
175.2,77.8
167.8,51.6
148.7,25.0
174.4,71.0
164.9,52.3
159.0,44.4
173.2,54.6
163.2,64.6
152.2,44.8
185.3,89.5
164.8,74.0
164.1,55.2
160.5,48.9
178.0,71.6
159.2,53.6
148.0,25.0
157.5,83.3
179.6,81.7
174.2,59.8
162.2,29.1
180.1,68.7
173.2,57.2
162.1,56.9
163.2,26.1
168.6,55.5
155.8,47.3
165.0,57.0
168.4,58.8
146.4,48.0
162.9,81.2
161.7,49.8
176.3,54.7
144.7,25.0
160.8,49.2
159.7,35.1
175.6,82.2
164.5,58.1
184.8,89.2
172.3,87.3
160.5,43.7
167.6,56.6
161.1,77.1
174.5,69.8
150.3,57.6
155.9,69.0
170.0,77.0
178.5,76.2
140.8,64.5
180.1,70.4
163.5,66.6
144.3,43.1
132.0,53.6
148.2,37.8
164.8,34.5
164.3,69.2
172.0,49.8
159.0,38.8
152.8,70.3
160.5,71.1
165.4,55.0
167.5,25.0
156.3,61.8
174.9,77.2
158.2,62.8
155.4,60.2
159.0,52.9
176.8,62.6
163.5,42.2
157.4,44.0
175.2,72.3
188.6,83.3
167.3,73.4
178.6,49.1
176.4,43.6
158.3,49.5
165.3,44.8
150.9,52.9
162.7,38.6
158.1,72.7
160.6,44.4
156.8,77.9
161.8,65.5
170.9,48.4
163.7,90.4
144.5,49.9
156.8,56.6
148.3,47.4
167.7,68.9
170.5,71.9
167.8,49.0
156.3,50.6
167.7,63.6
159.8,64.9
152.5,60.1
173.2,68.4
174.0,58.4
175.4,58.7
158.3,37.3
178.0,78.6
159.6,46.8
172.2,62.4
159.4,59.5
162.5,58.2
138.4,42.0
161.7,43.9
166.0,64.7
160.5,52.0
184.3,73.4
152.2,68.3
158.8,63.1
155.0,44.3
158.8,53.2
176.3,92.4
181.3,67.7
157.3,55.0
157.0,64.2
152.3,54.2
179.4,65.2
177.3,58.0
163.8,58.9
149.6,59.1
150.6,69.7
166.9,39.3
171.0,90.8
142.3,40.2
161.5,71.2
182.8,62.5
162.6,34.0
181.4,52.7
172.1,60.2
153.1,59.4
161.8,58.0
163.6,55.1
154.5,69.3
154.3,52.4
181.6,76.7
154.2,99.0
176.9,68.7
160.2,46.0
164.7,66.9
171.2,75.5
158.4,59.7
171.2,66.9
142.5,66.9
169.8,83.8
137.8,40.0
162.5,48.4
174.4,73.3
171.8,55.2
150.7,63.3
152.1,57.3
157.4,94.6
167.0,83.5
142.6,28.6
164.9,52.0
168.4,33.7
161.9,25.6
170.8,65.9
167.5,43.8
159.0,80.3
143.7,62.8
166.5,56.9
154.5,47.6
158.6,77.6
170.3,89.5
180.6,57.8
164.6,43.7
171.1,59.9
149.1,55.4
167.7,54.2
164.3,66.2
178.5,99.4
159.1,34.6
162.3,51.3
176.6,47.8
164.0,46.6
152.8,46.9
193.1,71.1
153.1,59.4
164.3,61.6
168.8,67.2
167.9,57.5
162.9,55.2
163.0,53.2
162.4,54.3
152.7,57.6
188.7,49.4
162.6,62.5
171.6,51.7
161.3,52.2
161.1,33.7
160.0,50.9
148.0,52.3
163.2,65.5
160.5,38.9
177.9,75.7
151.8,67.8
158.7,48.0
155.1,52.9
180.9,40.9
155.4,39.7
171.2,68.5
175.7,82.2
163.4,49.7
149.9,89.4
150.0,54.2
174.5,47.9
151.1,69.6
169.3,44.3
166.3,65.7
169.1,49.0
170.2,43.4
154.7,67.1
154.3,48.5
172.9,91.6
158.1,39.7
134.7,25.0
172.1,58.0
153.6,95.3
170.1,76.2
180.3,79.8
165.2,68.8
176.0,60.8
166.7,102.1
182.5,80.1
153.3,57.2
164.9,74.6
172.4,46.3
162.9,45.2
177.7,65.8
160.2,71.4
187.8,58.1
188.3,77.0
168.1,59.0
171.1,40.8
178.1,62.2
151.9,58.9
150.6,27.6
178.8,91.5
168.0,69.1
162.5,63.3
165.1,60.1
138.8,26.0
162.9,48.6
156.7,59.5
175.1,57.7
175.9,70.9
171.3,51.1
169.4,69.9
148.5,56.4
171.5,40.3
171.9,66.0
178.7,47.4
188.3,50.1
146.4,38.2
160.7,98.8
156.8,65.7
166.9,82.2
165.1,69.1
162.4,61.1
176.3,81.8
152.9,41.8
153.5,58.9
153.7,69.7
161.0,67.5
151.5,69.1
164.5,62.2
163.2,84.0
156.3,50.7
174.6,98.8
164.3,68.0
176.7,62.9
162.9,40.7
164.7,47.6
158.8,41.1
164.9,58.5
172.8,46.6
160.5,76.0
170.7,65.8
156.1,54.6
173.3,48.6
158.6,43.8
174.4,33.6
165.7,84.7
181.7,51.4
152.3,30.9
148.8,69.9
158.2,60.9
149.8,51.2
149.8,54.5
171.8,79.3
165.0,61.4
159.7,33.0
160.7,67.8
158.4,61.6
183.2,91.4
156.9,35.4
150.5,38.9
173.8,72.3
162.6,44.0
187.4,42.0
159.2,58.7
174.3,80.3
176.9,66.9
159.3,64.0
156.8,60.2
173.2,66.1
171.3,66.6
149.5,69.4
152.6,36.8
137.1,52.9
171.5,47.0
162.1,45.9
163.2,76.5
146.4,29.0
152.9,47.8
159.7,91.6
157.6,70.0
166.3,49.8
171.4,56.2
190.0,76.8
164.8,79.4
177.3,54.1
155.9,37.5
146.6,58.0
161.1,31.9
147.4,34.1
165.2,58.7
156.4,53.3
143.5,25.0
184.1,79.9
159.1,64.0
147.0,37.6
174.9,92.2
157.0,59.3
177.0,53.8
156.9,78.5
159.1,47.8
168.8,65.4
171.5,57.4
173.5,75.6
164.0,52.0
170.8,57.9
173.2,63.6
167.2,54.0
163.4,74.8
149.1,30.0
171.6,64.2
165.5,61.6
160.5,54.8
179.1,85.1
149.3,26.5
183.1,82.3
164.8,41.0
168.5,54.8
160.7,36.6
146.7,42.3
163.5,50.1
168.7,87.2
172.4,69.0
162.8,64.9
140.9,27.1
148.0,59.3
187.6,102.0
153.0,64.5
180.7,52.2
154.7,45.7
163.0,60.1
171.9,56.3
156.0,91.5
182.5,66.1
165.8,59.9
170.1,54.6
162.1,61.3
172.2,86.0
182.4,74.9
163.6,55.6
184.0,58.4
158.3,73.2
173.4,64.0
170.4,61.1
153.2,25.0
167.4,59.7
165.1,53.9
155.6,25.9
168.9,77.6
166.6,53.0
164.2,87.8
164.2,80.6
164.0,48.4
161.0,77.5
166.5,85.2
157.9,46.5
194.2,67.5
149.5,25.0
158.6,61.0
159.4,41.3
187.4,83.5
150.5,41.3
169.7,51.6
167.7,53.5
168.7,43.1
178.6,61.7
178.4,58.9
160.0,56.1
167.1,63.0
144.5,29.9
166.1,77.2
156.3,51.3
162.9,81.0
146.5,50.8
169.5,64.2
146.3,39.7
166.6,70.3
151.5,51.0
155.7,66.2
177.7,93.5
171.5,53.8
177.6,78.6
182.2,81.8
156.5,60.8
181.5,66.0
148.9,42.6
173.2,57.2
159.6,47.0
154.8,40.1
171.8,63.3
175.4,56.3
175.1,74.0
167.4,62.5
166.5,63.5
170.8,60.1
168.3,63.4
171.0,60.6
167.2,73.2
174.3,60.2
147.1,53.2
163.6,39.3
149.8,60.0
168.0,53.7
183.1,60.0
159.8,39.1
166.4,42.6
173.3,58.9
142.3,67.0
159.3,46.1
169.0,29.7
133.1,44.5
154.3,35.6
177.1,81.2
176.0,61.9
169.1,58.8
174.7,85.1
167.4,70.9
171.1,45.7
161.5,40.9
166.3,34.1
158.0,94.0
178.9,57.5
181.7,90.2
180.2,63.4
160.5,40.5
154.5,52.8
179.0,65.6
171.0,76.3
168.6,74.8
158.0,46.1
169.7,41.7
153.1,33.6
172.0,30.8
180.2,67.3
182.9,73.5
172.8,48.5
149.8,30.4
167.2,61.2
188.5,68.7
155.4,50.0
164.3,53.9
180.5,75.4
171.8,56.4
192.3,74.0
156.9,26.0
154.1,51.5
178.5,71.4
151.8,48.1
162.8,87.0
164.3,61.8
176.4,66.1
171.8,72.4
170.0,95.3
160.6,60.5
178.4,36.6
209.3,102.8
172.6,52.4
166.1,31.9
150.7,75.4
158.0,77.1
162.6,44.6
159.1,42.2
164.8,62.2
184.6,61.7
178.7,68.2
163.3,47.9
151.7,44.6
179.7,50.0
164.5,71.9
146.0,65.0
172.8,64.2
176.3,67.8
138.3,51.5
155.9,53.5
163.8,85.0
173.1,46.2
159.3,68.8
155.8,51.7
173.0,49.0
159.8,89.9
171.0,100.1
152.8,48.2
150.1,56.3
173.3,59.0
167.8,57.3
175.1,50.5
159.1,36.5
156.3,81.4
180.0,70.7
148.2,49.1
178.8,58.1
179.5,73.8
174.5,44.4
157.4,42.9
156.0,35.6
162.7,77.6
150.8,25.2
154.4,34.8
172.1,34.4
172.1,51.8
153.5,44.9
172.4,80.1
170.0,60.2
181.6,66.4
171.3,69.0
176.6,62.0
170.2,99.9
175.8,59.1
150.8,56.3
163.7,71.3
164.6,50.3
162.3,60.4
169.9,56.0
172.0,69.2
169.3,64.6
163.1,56.4
156.9,36.8
177.1,96.9
168.8,71.5
153.8,28.2
162.9,52.1
145.8,25.0
165.4,71.6
162.8,58.0
158.7,55.5
182.4,60.6
152.3,46.3
172.8,77.5
189.1,94.5
176.8,81.5
164.7,36.4
152.5,48.4
150.0,53.3
160.5,45.6
157.4,29.6
157.1,35.0
161.4,79.8
163.9,41.2
170.3,64.5
151.4,48.1
157.5,52.3
163.2,53.8
162.8,70.2
185.2,76.0
167.6,52.4
147.3,48.5
169.6,44.1
171.0,71.5
163.6,48.7
151.7,41.2
184.3,82.5
153.2,45.5
172.3,60.0
167.2,79.0
171.6,50.2
183.8,81.8
171.2,78.7
158.9,73.0
177.2,101.7
158.1,45.3
166.8,48.2
150.8,62.3
153.6,66.0
165.6,48.4
169.0,70.1
146.3,87.9
170.5,65.5
156.0,67.4
179.1,94.2
161.1,94.7
152.6,54.9
165.8,79.3
154.9,41.0
179.0,70.8
165.0,53.2
163.3,30.4
171.5,40.7
153.9,58.6
150.8,56.8
169.5,47.6
152.9,74.8
152.9,34.8
174.2,70.6
170.8,57.9
151.2,51.9
158.2,68.5
155.1,64.3
184.5,85.5
175.0,76.1
160.4,37.5
171.3,81.6
150.1,33.6
157.6,53.1
166.2,55.5
170.0,68.8
163.9,51.8
167.7,59.5
165.9,84.8
163.2,39.2
161.7,57.5
160.3,39.8
167.6,71.9
169.5,52.3
167.2,62.1
152.0,31.0
154.0,71.6
169.4,64.2
181.2,74.3
166.7,73.6
160.5,37.9
167.5,52.5
152.5,53.7
179.4,44.4
167.1,36.6
157.6,42.3
163.2,41.5
159.2,50.6
179.4,78.7
162.8,69.5
166.7,88.3
171.3,64.2
156.9,56.4
167.1,61.1
168.0,66.9
147.9,54.1
167.8,75.8
164.5,73.3
166.4,68.7
165.4,82.8
167.9,62.4
179.7,61.9
152.0,44.1
161.2,55.6
172.3,49.1
170.3,54.6
170.1,46.5
195.3,89.1
171.8,70.2
177.4,42.7
161.6,47.7
154.1,79.6
161.5,66.9
172.8,72.5
169.5,53.2
169.4,67.5
162.6,58.0
160.9,45.0
163.0,51.1
173.0,58.8
174.2,44.5
153.9,32.3
173.4,63.1
157.8,42.1
170.2,59.2
162.9,34.3
182.2,85.1
160.4,87.8
167.0,76.7
171.7,81.8
155.4,62.5
164.2,63.3
162.1,59.1
159.3,42.1
160.2,66.8
177.2,78.6
158.4,48.3
171.2,72.4
168.5,52.0
149.6,39.8
170.7,75.7
149.5,55.6
171.9,61.5
159.4,50.7
165.1,62.6
150.8,25.0
166.3,49.5
175.2,48.5
156.1,53.8
158.3,71.5
170.0,70.7
170.3,56.1
138.2,31.4
187.2,65.8
170.8,94.2
172.7,66.6
163.4,61.8
144.6,25.0
172.4,47.7
158.8,54.8
171.0,56.8
162.6,60.2
167.6,63.6
156.5,62.9
174.5,39.0
151.9,34.2
189.7,77.7
189.6,69.4
183.0,69.0
179.0,72.1
164.1,48.0
177.8,72.5
163.9,67.3
147.9,49.1
181.5,83.3
177.4,36.7
164.7,50.9
151.5,63.9
158.6,42.3
145.0,31.2
175.4,65.8
147.4,47.5
168.2,54.2
155.7,81.0
149.3,53.3
167.6,48.3
161.3,35.7
174.2,72.9
151.1,36.3
156.7,86.3
138.7,48.8
141.0,52.1
184.8,78.8
187.9,94.5
166.0,25.0
155.9,35.4
161.7,73.0
174.6,89.6
159.3,37.3
167.6,34.5
164.9,62.3
158.7,62.7
159.2,58.0
168.2,61.4
154.3,25.0
170.0,57.9
159.8,52.8
166.4,52.7
180.2,42.7
163.1,67.3
175.1,80.5
145.3,34.5
159.8,53.4
165.3,52.7
186.2,68.9
143.4,52.7
163.9,66.9
181.0,88.2
156.4,69.6
162.7,55.6
168.6,105.2
167.0,84.6
182.2,63.2
169.9,65.4
179.6,41.2
161.0,57.5
156.9,79.2
162.5,99.8
152.2,49.2
170.3,68.8
160.8,65.9
157.6,84.3
170.5,49.2
152.4,90.9
173.5,61.5
159.7,38.6
177.8,64.8
160.7,44.7
172.0,71.3
167.0,36.6
173.2,68.1
166.2,70.7
146.7,69.6
176.1,78.4
164.0,80.5
173.7,57.3
172.6,71.4
156.5,25.0
154.9,51.1
172.2,71.0
161.7,64.7
175.3,44.0
163.0,52.6
176.3,64.6
169.7,56.9
168.2,73.1
160.9,53.7
167.6,63.3
178.1,62.5
164.4,75.4
170.8,81.3
165.5,55.6
166.4,103.7
184.0,63.0
178.2,85.0
165.9,46.3
167.4,73.2
157.3,64.8
163.1,43.3
168.4,60.4
174.4,94.9
173.2,53.8
152.8,57.4
175.7,73.0
164.0,58.6
154.1,26.3
179.7,83.5
181.1,72.3
167.9,78.6
172.8,69.2
173.4,67.1
180.4,77.1
173.0,51.0
150.4,73.1
187.1,71.4
176.7,63.3
159.4,75.3
153.7,55.7
170.6,60.4
161.9,63.9
168.6,71.9
173.2,64.2
158.8,69.3
152.7,32.3
169.2,66.9
159.1,67.7
166.6,70.4
150.2,25.0
162.2,56.0
172.9,47.5
171.7,84.1
156.3,47.9
152.1,68.5
165.2,41.8
171.2,70.3
169.5,63.3
159.4,97.3
168.3,80.0
181.5,89.2
167.3,92.0
147.0,51.8
167.2,60.0
187.5,74.1
150.8,55.0
165.3,25.0
162.5,58.1
166.1,64.1
167.1,59.1
177.5,46.4
165.9,58.3
179.0,47.5
163.7,85.6
161.1,53.3
157.6,25.0
145.0,43.2
168.0,75.5
187.6,80.1
170.0,49.9
172.6,55.3
160.5,52.3
162.3,51.4
175.8,49.1
187.1,76.0
181.4,52.4
173.9,80.7
165.4,76.2
167.3,46.5
156.7,43.3
149.1,42.5
152.6,50.8
165.5,64.1
161.8,64.5
148.8,55.3
164.6,82.9
161.5,58.3
152.1,31.4
160.9,32.8
161.5,81.9
158.2,62.7
175.2,70.6
144.1,52.4
143.2,47.5
165.0,66.4
166.1,55.1
169.4,79.0
159.1,47.8
154.9,39.2
164.9,34.5
160.1,52.9
182.1,91.9
161.4,50.5
164.4,38.8
192.2,85.6
162.9,48.6
171.1,87.6
172.1,81.3
173.0,46.8
168.2,59.6
167.1,50.1
166.1,43.3
158.7,54.5
168.6,74.8
187.3,76.0
178.3,62.2
168.3,29.3
174.4,56.9
155.4,61.4
162.1,37.7
175.4,86.9
181.4,63.6
156.5,56.8
159.7,50.1
189.0,60.9
166.1,67.3
185.1,66.4
167.3,49.1
167.7,26.2
161.6,77.0
175.4,67.8
179.9,87.8
153.6,61.2
161.1,73.7
175.1,59.0
163.6,38.3
159.6,67.5
176.1,70.2
177.1,62.0
160.1,67.5
167.3,66.2
151.7,60.2
155.1,37.6
166.4,75.6
165.3,60.1
154.4,68.7
157.1,68.8
153.3,62.0
170.0,61.9
143.4,55.9
153.9,68.8
144.5,55.0
169.6,66.3
145.2,57.0
165.3,52.3
183.0,96.4
183.4,48.8
145.1,46.9
168.3,56.2
154.1,42.6
151.9,55.3
163.8,42.1
178.5,102.4
171.6,44.5
157.1,40.1
172.8,50.0
140.3,46.3
156.7,69.3
155.9,61.4
165.9,82.6
162.8,45.9
163.4,68.7
163.1,54.0
165.2,63.5
170.9,80.9
166.6,35.7
161.9,87.5
169.4,61.0
174.1,42.6
158.9,45.1
164.3,61.0
177.8,59.1
152.9,25.0
184.9,76.6
150.3,38.9
161.2,66.9
154.5,36.5
189.1,112.6
159.5,63.6
159.5,58.9
160.9,66.3
166.1,33.3
161.4,49.8
163.5,85.6
126.2,30.2
165.6,59.4
165.2,53.0
176.4,90.4
179.4,67.1
162.9,39.6
174.0,105.3
152.9,30.8
173.4,64.7
158.7,42.8
152.0,40.3
163.0,42.5
180.4,63.5
167.0,76.1
181.5,43.9
156.8,73.0
176.5,84.9
157.8,62.4
167.5,63.6
167.4,65.8
172.3,86.6
167.8,35.7
156.9,65.0
174.7,55.9
184.0,86.9
158.6,46.1
144.8,56.7
170.5,40.7
161.4,31.9
163.6,57.2
171.1,86.0
160.0,64.3
162.0,65.7
163.9,72.0
181.2,66.3
165.3,69.3
151.4,41.7
151.8,46.0
166.5,58.2
152.6,43.0
147.8,47.1
172.0,61.3
172.5,54.9
161.0,54.9
168.2,64.6
167.1,44.9
171.6,71.1
171.7,57.4
136.3,43.9
162.4,48.0
170.7,79.9
160.5,71.0
165.4,44.4
173.3,73.9
165.9,82.2
181.6,58.3
177.4,56.2
163.7,70.0
162.8,38.7
133.6,27.6
161.4,42.1
150.1,60.8
167.4,51.3
166.7,56.9
172.7,54.4
180.4,88.8
164.7,46.8
190.1,58.4
167.6,40.1
150.6,60.3
158.8,67.0
160.9,75.7
171.5,45.8
154.6,49.1
161.7,93.9
163.2,54.1
160.1,47.9
173.9,66.2
172.1,73.1
177.8,77.3
161.4,48.1
178.2,61.1
150.0,45.1
149.7,38.4
151.6,32.1
165.1,87.1
178.2,63.8
158.4,49.9
159.8,51.4
162.6,57.0
171.3,71.1
159.7,49.2
159.1,72.8
150.2,58.6
158.7,52.6
178.0,59.7
166.0,76.9
156.9,51.7
178.6,51.5
158.6,70.6
180.6,60.9
180.4,84.7
165.6,25.0
148.5,43.0
190.2,97.0
169.3,63.1
161.4,66.3
175.5,54.2
172.7,70.9
179.4,70.9
157.7,58.4
168.5,93.1
152.0,70.4
172.3,77.2
164.7,71.8
168.1,48.5
163.4,51.7
162.2,34.9
155.4,34.1
173.7,53.1
181.4,71.9
158.9,37.2
171.1,63.8
169.8,61.1
165.1,42.9
148.2,71.2
150.7,30.1
156.4,70.6
141.5,25.0
180.5,69.5
169.0,44.9
164.7,49.8
140.9,70.8
144.9,41.0
165.0,43.3
186.7,84.0
157.3,49.1
174.5,69.3
159.7,42.4
165.6,47.4
178.4,58.2
161.2,69.1
157.4,51.1
180.6,56.0
165.5,62.7
177.0,70.1
157.5,63.2
180.5,64.4
168.0,60.9
169.8,69.7
166.4,45.8
159.4,69.2
165.0,60.1
160.1,39.9
175.6,51.2
162.8,56.8
148.5,40.3
146.5,58.6
146.0,42.6
171.8,69.5
152.3,38.3
168.3,62.0
166.5,80.7
164.3,57.2
169.8,55.2
166.7,48.2
135.2,39.9
161.4,78.5
169.7,42.9
183.0,73.0
183.6,48.4
150.0,43.3
161.2,61.1
147.8,25.0
181.7,66.0
176.1,72.6
168.9,64.7
166.8,66.3
180.2,56.8
178.3,74.3
177.7,60.5
170.0,74.3
161.2,25.0
173.4,61.8
174.0,68.1
162.9,78.6
161.1,58.4
177.5,72.1
183.3,79.6
156.8,72.9
162.1,52.1
168.9,41.7
170.4,39.9
159.3,65.8
185.7,79.2
169.6,59.5
170.8,55.4
184.3,77.5
160.1,59.5
164.0,66.4
151.2,33.7
163.1,32.1
148.6,34.9
173.2,45.7
169.6,42.3
162.0,81.2
163.9,25.1
173.4,73.2
152.5,64.8
167.2,76.3
172.7,69.8
145.4,66.3
172.5,92.2
146.6,42.7
163.7,65.7
152.2,70.1
180.7,58.9
152.3,47.3
146.8,38.1
166.5,67.9
160.4,28.2
148.4,70.0
170.8,72.2
143.1,53.9
153.6,25.0
158.7,39.8
173.8,88.8
179.3,68.0
177.1,43.2
163.3,62.0
138.3,52.3
169.3,71.0
181.2,70.0
178.6,87.2
170.1,53.1
151.9,58.9
159.2,57.8
186.3,74.3
149.4,43.4
152.4,45.9
175.4,68.1
160.3,52.1
152.0,61.8
181.8,64.7
170.1,87.2
160.8,48.2
152.4,64.9
187.5,91.8
164.7,62.2
180.4,72.7
174.8,56.3
159.3,48.1
159.4,59.2
180.9,71.3
181.1,89.9
144.4,39.0
171.0,58.5
163.7,34.0
153.6,61.6
167.9,70.3
150.2,64.3
159.9,71.7
156.2,65.5
159.5,68.4
164.2,68.5
153.8,63.5
182.3,45.5
170.4,47.4
184.7,56.1
163.2,77.7
159.0,43.8
184.3,65.4
158.6,55.5
163.0,39.8
172.9,71.5
151.4,25.0
172.8,48.0
171.4,67.6
179.0,51.8
174.8,86.7
179.3,71.4
163.8,76.0
155.5,58.6
188.2,77.8
148.2,33.4
149.3,63.0
171.2,71.1
182.9,104.8
167.1,73.8
176.0,62.2
143.0,49.4
159.5,62.3
144.4,63.3
173.6,86.1
148.0,45.7
150.9,31.9
170.7,36.3
176.7,51.6
163.3,49.8
171.3,87.1
170.9,87.1
162.6,72.6
153.0,69.9
171.2,53.9
171.7,42.2
174.8,52.1
168.4,31.9
152.1,34.2
172.6,57.9
165.0,62.4
159.7,58.1
161.8,47.2
157.4,63.0
174.8,57.1
149.4,49.3
154.1,35.6
161.4,73.6
182.8,73.8
176.6,78.8
147.0,29.3
179.9,73.8
179.8,79.7
152.1,25.0
137.3,59.0
164.2,40.6
177.3,72.4
182.5,100.1
155.4,67.5
184.3,52.4
140.5,40.8
161.0,75.5
160.4,44.4
177.7,64.1
179.3,64.9
175.5,76.3
150.1,26.5
174.5,76.4
170.6,54.7
146.6,47.1
142.3,41.2
176.4,77.5
163.0,58.1
150.9,71.7
162.7,73.1
169.0,50.9
164.1,79.7
147.9,52.9
185.7,78.4
176.0,80.9
161.3,41.6
161.8,36.9
169.0,63.2
152.6,42.1
168.5,93.6
150.4,38.3
164.2,59.9
152.1,53.8
152.7,69.8
183.1,58.8
165.7,36.2
167.3,82.5
142.9,46.1
158.4,67.4
170.1,76.5
167.1,76.9
141.3,38.3
167.3,51.8
169.0,32.9
179.1,55.7
157.8,55.7
140.3,32.8
154.0,35.1
152.9,52.2
173.1,86.1
135.1,39.3
160.1,39.4
180.7,90.9
165.1,48.3
174.9,89.5
146.9,43.6
147.4,49.3
180.8,95.3
166.1,40.4
166.1,45.0
152.7,46.4
166.1,58.6
152.4,90.7
178.1,56.4
195.0,64.1
170.3,49.8
158.0,58.4
137.1,48.8
146.5,36.6
182.1,73.3
153.7,81.1
160.9,57.5
172.2,70.1
181.3,100.7
162.8,47.8
160.5,45.3
165.8,53.4
158.1,47.1
158.7,28.1
169.5,65.3
167.0,64.6
188.4,75.3
169.8,67.2
177.7,73.3
153.2,31.9
170.8,68.5
157.0,62.6
169.3,39.1
172.6,87.5
165.5,41.8
191.5,63.6
180.7,74.9
177.9,77.7
173.4,77.8
184.4,83.2
149.2,41.2
180.1,73.0
154.1,47.5
158.8,58.1
171.2,65.5
178.6,62.6
152.3,45.8
159.4,28.1
166.1,73.1
162.9,62.9
174.4,32.3
202.8,102.4
169.6,62.5
156.9,40.1
150.7,34.6
161.4,47.0
154.7,38.6
170.1,51.7
170.0,89.1
159.9,61.8
186.8,107.3
156.9,57.6
163.7,67.6
172.0,51.9
174.8,64.7
179.1,69.3
169.7,72.7
176.6,67.8
157.7,60.0
175.1,72.2
175.0,62.8
181.6,66.5
146.6,37.3
155.0,69.1
174.1,62.1
135.8,45.5
170.4,61.5
176.7,84.6
158.7,25.6
160.3,61.1
153.2,32.8
159.3,61.7
159.6,53.8
157.5,32.4
156.9,59.2
162.0,61.1
161.9,54.2
185.6,74.2
160.7,59.2
168.8,80.3
158.7,50.7
158.5,70.5
146.3,46.5
147.7,67.4
151.7,47.1
167.0,51.4
176.8,52.3
145.3,46.0
159.0,43.7
150.0,70.5
162.1,44.7
176.8,58.4
160.1,65.1
164.5,77.3
181.0,83.0
170.0,79.5
156.6,52.8
166.7,60.2
155.9,83.6
169.6,88.7
170.7,74.8
150.0,66.1
166.9,74.2
163.7,40.9
171.0,63.7
174.1,89.2
170.3,74.6
161.7,56.5
175.3,90.2
155.4,58.7
150.5,61.1
129.9,42.7
164.2,67.5
156.0,62.7
169.4,82.6
143.3,66.6
157.9,48.1
170.2,69.0
153.7,71.0
169.5,61.2
158.9,35.9
164.6,46.0
171.5,52.1
175.5,60.9
166.0,49.4
156.0,69.0
160.0,52.1
172.0,84.0
153.8,35.1
163.0,53.2
160.8,58.4
163.9,71.2
153.9,69.3
144.6,37.9
170.7,79.0
175.6,42.6
145.3,59.5
169.1,42.8
176.9,75.6
171.6,81.7
160.4,69.9
154.6,28.0
165.9,53.8
167.7,72.6
166.1,71.0
163.0,62.6
153.1,25.0
169.6,81.3
170.2,84.4
167.2,64.0
166.2,64.2
183.5,81.6
158.1,76.9
179.1,74.3
156.9,51.3
177.2,74.8
178.6,70.0
161.8,57.6
183.3,47.4
170.2,71.5
155.4,70.7
160.9,72.2
177.5,83.5
175.2,66.7
153.4,53.9
163.5,76.7
167.2,74.5
159.4,78.2
190.9,70.1
167.6,51.6
164.3,54.4
178.1,55.6
161.0,37.2
176.1,75.2
146.7,53.3
160.0,60.0
176.5,73.9
182.3,51.1
156.5,46.7
155.2,48.6
171.2,65.2
158.1,33.1
162.0,43.9
174.6,60.6
159.0,71.5
143.4,49.2
150.7,65.3
165.1,58.1
144.5,46.0
161.7,65.0
149.7,46.6
183.0,64.3
188.8,56.1
153.4,42.8
167.8,74.5
154.4,71.4
161.6,45.9
184.8,49.2
159.9,70.1
161.9,58.7
154.6,32.4
177.6,25.0
129.1,25.0
160.1,49.5
164.5,42.3
157.7,65.1
174.5,54.8
178.2,70.1
149.5,84.8
188.0,79.5
149.3,47.3
179.2,69.2
166.6,71.1
159.5,64.1
160.5,41.6
164.6,53.5
167.3,51.6
154.9,48.5
162.4,85.4
156.5,63.2
151.6,49.4
156.0,72.2
152.4,53.9
160.4,32.0
169.8,88.4
166.3,58.5
186.7,42.9
140.7,25.0
170.2,80.6
165.1,36.2
174.0,86.8
172.9,67.0
163.2,69.3
166.9,57.4
156.8,62.0
171.8,69.6
144.3,45.3
173.5,50.3
164.7,65.1
159.6,28.8
162.4,72.0
163.2,61.6
179.3,77.7
200.6,49.2
178.4,53.1
158.8,47.9
171.9,75.1
172.4,51.3
154.8,91.0
151.1,46.3
164.3,44.2
173.9,63.7
147.3,33.5
157.1,36.5
171.3,79.7
165.5,67.9
180.6,79.5
149.5,68.3
190.9,87.5
148.1,32.2
142.7,55.4
164.4,42.5
152.5,44.0
164.6,58.9
164.2,57.1
162.8,31.5
155.7,38.8
169.8,63.1
161.5,48.2
177.1,85.9
163.0,77.9
154.4,35.6
146.4,48.1
163.1,82.3
151.0,48.2
150.2,43.5
170.8,77.1
145.4,42.4
180.5,90.8
166.8,52.3
164.5,52.4
153.6,63.8
173.4,67.7
165.0,61.5
157.5,25.9
167.2,56.2
146.5,60.2
147.0,35.8
152.7,61.8
168.8,66.7
165.0,56.9
176.5,88.9
154.9,47.7
171.3,60.5
163.7,55.8
154.6,53.8
169.2,74.5
164.3,37.3
158.1,68.0
165.5,61.3
163.6,67.2
163.3,94.6
160.5,49.0
150.6,31.6
165.8,63.4
156.2,58.9
153.8,65.1
162.4,49.9
173.1,53.4
167.0,38.4
159.2,35.2
158.7,49.2
172.0,63.3
138.6,73.3
173.8,41.0
144.4,50.9
149.4,38.2
159.3,59.2
188.9,70.2
183.5,89.6
172.8,81.1
168.9,61.1
144.5,67.5
166.7,72.6
159.0,76.5
156.0,52.9
166.7,75.4
159.8,44.7
174.6,54.0
143.7,78.1
165.8,44.2
155.3,46.5
160.5,28.2
168.4,49.7
152.7,36.4
166.8,51.2
162.7,62.7
157.7,62.9
159.8,41.1
163.3,46.8
156.6,70.2
165.1,85.5
161.9,76.5
158.3,30.4
182.5,91.1
169.6,91.1
160.8,31.4
166.6,77.3
153.7,55.4
160.2,51.6
161.5,59.0
151.3,57.0
169.3,80.4
159.4,72.5
161.1,34.5
158.7,45.7
197.5,87.3
157.7,78.3
142.2,25.0
147.4,38.6
173.4,43.2
179.7,50.5
157.5,69.4
179.1,62.6
173.2,31.0
162.9,56.0
162.1,88.4
167.0,34.2
174.7,75.1
169.4,86.6
157.6,53.9
163.1,87.4
186.8,66.9
167.8,83.6
174.6,85.2
170.9,63.8
168.0,39.8
166.2,45.7
174.9,32.1
172.9,74.7
167.9,69.1
157.4,55.7
169.2,61.2
164.3,79.7
161.6,61.9
194.5,74.9
148.1,50.4
175.5,98.5
155.5,62.5
166.4,55.1
193.3,81.5
154.4,59.4
157.0,47.9
164.8,52.1
155.7,53.2
174.7,89.9
159.1,67.6
172.2,59.1
150.4,62.8
145.1,46.5
162.5,63.2
147.7,51.8
181.7,41.0
148.2,25.0
153.6,55.3
169.5,50.5
158.5,30.7
148.3,36.1
187.4,91.2
154.0,57.5
162.8,69.9
162.7,65.0
172.8,51.9
170.1,75.3
155.9,62.3
161.4,55.6
162.5,59.0
173.2,77.9
152.1,39.7
187.2,93.4
156.6,62.5
164.9,59.9
152.2,74.0
150.7,30.6
155.4,46.2
154.3,42.2
160.4,62.0
154.2,70.1
172.7,50.8
156.4,103.4
155.2,43.0
160.7,62.2
175.9,68.1
167.4,62.3
163.9,47.2
149.2,65.0
152.4,38.3
150.9,25.0
179.4,54.0
170.8,85.9
155.5,72.0
158.8,25.4
155.9,65.7
155.3,25.0
170.1,63.2
161.8,39.5
187.9,91.0
178.8,78.6
179.4,85.5
172.4,60.9
160.4,53.7
171.6,42.3
161.2,41.7
182.9,87.8
169.4,68.7
167.9,63.6
166.4,79.8
184.1,55.1
149.2,59.8
185.2,57.8
163.0,80.6
149.5,57.4
156.7,68.5
146.8,36.9
172.2,98.0
153.6,81.9
166.9,67.7
177.5,86.9
157.6,50.1
162.1,38.7
150.7,61.9
160.7,43.0
193.3,101.9
173.6,82.0
162.1,61.3
158.3,57.8
164.5,74.4
166.4,65.1
160.4,50.5
170.8,41.5
154.5,66.9
154.5,58.0
169.1,104.2
152.1,49.5
173.0,70.4
164.8,64.7
144.9,55.9
166.2,46.3
146.5,46.0
172.6,78.0
162.3,52.9
185.4,87.4
176.8,70.2
153.3,57.8
142.8,62.1
156.7,50.6
151.6,28.8
185.1,71.4
164.9,47.4
175.3,35.7
161.9,56.0
163.0,61.5
164.6,74.9
177.2,52.0
168.4,63.7
153.4,68.7
182.8,64.9
161.8,65.6
160.0,80.3
133.9,25.0
172.0,69.2
166.1,78.1
166.1,55.4
160.6,77.5
158.7,64.9
160.9,83.5
170.1,72.4
172.0,92.9
162.5,62.6
175.4,47.2
164.1,49.8
159.5,71.2
167.2,76.5
150.0,44.9
167.6,88.8
148.0,42.9
153.7,58.9
142.8,51.4
163.1,38.5
182.7,71.8
163.7,94.7
172.1,51.3
190.9,89.5
169.4,45.8
156.6,39.9
158.1,33.8
165.0,74.0
158.0,41.9
158.9,74.5
175.8,60.1
176.3,70.3
146.9,53.6
156.0,29.3
159.9,59.3
171.6,70.0
177.6,86.5
194.7,69.0
159.9,44.0
160.4,66.5
171.5,85.9
157.5,45.7
163.4,40.2
160.4,51.9
136.2,25.6
166.4,66.8
163.0,42.2
179.0,85.1
165.1,63.1
151.2,65.4
162.2,25.0
142.0,25.0
151.7,70.0
172.0,54.3
162.3,35.9
175.1,64.4
143.4,48.9
162.3,55.6
159.8,63.2
175.5,72.8
172.4,69.6
172.1,85.4
182.0,72.6
161.0,56.3
179.7,83.1
153.5,60.1
153.1,38.0
173.3,64.7
148.4,55.1
171.3,55.8
166.1,52.6
176.8,47.9
164.3,25.0
165.6,54.7
170.6,65.9
157.7,38.3
157.2,75.1
170.2,48.0
164.7,73.3
160.5,63.0
164.1,91.9
182.5,81.4
160.1,34.7
159.8,72.0
146.2,72.5
164.5,33.0
172.2,74.8
174.2,79.7
166.2,57.6
175.5,31.4
173.0,61.4
177.2,60.4
175.8,91.0
182.3,71.8
163.1,52.4
150.4,41.0
172.3,70.2
173.6,67.1
182.3,61.2
179.1,74.5
186.4,68.1
171.8,26.1
167.5,71.8
149.8,57.9
168.4,65.4
158.9,48.9
167.3,60.5
165.6,72.6
170.2,54.2
163.9,72.0
175.3,45.5
135.0,42.6
167.1,61.8
178.2,84.9
185.6,62.0
173.1,53.7
183.5,53.2
166.9,52.8
165.0,63.7
170.8,37.2
165.0,53.2
156.4,63.0
159.3,54.3
152.8,52.5
170.8,41.6
165.1,58.5
161.0,57.5
158.8,53.0
170.6,66.3
173.6,61.7
152.6,44.4
150.8,34.5
175.5,82.4
149.9,31.0
171.0,66.7
182.8,100.7
182.8,90.0
173.1,73.6
172.8,69.4
189.8,77.3
139.3,29.2
159.9,52.4
174.3,75.5
161.3,63.1
178.6,82.0
164.6,77.9
166.4,58.6
162.0,60.6
159.3,27.3
159.0,89.4
168.0,55.9
156.5,63.6
175.5,61.5
172.2,58.7
177.1,65.4
152.6,32.5
146.3,25.0
165.0,77.3
196.9,93.5
178.9,56.7
158.9,62.3
169.7,75.7
173.0,55.5
149.9,55.6
180.1,86.4
163.2,37.0
164.0,67.2
165.3,65.6
177.6,97.6
156.7,62.4
146.2,40.9
168.6,58.1
142.5,75.0
161.7,52.2
178.1,78.5
171.4,61.0
176.5,84.7
171.8,81.9
191.5,80.4
158.5,49.2
169.4,56.7
160.2,30.5
175.5,69.3
164.3,60.6
183.9,62.2
159.2,28.2
180.5,74.8
171.5,69.7
164.6,65.6
171.0,49.5
167.9,68.0
168.9,60.1
162.7,71.2
157.3,39.8
161.3,74.5
146.5,69.9
174.3,68.5
151.4,56.5
162.6,69.9
172.1,49.8
174.2,59.5
145.5,49.3
164.0,89.6
170.1,45.7
165.6,84.9
179.8,68.2
156.0,53.0
142.5,62.9
173.9,96.9
159.1,62.0
145.7,64.1
163.3,44.8
178.5,62.2
151.1,29.9
190.7,72.3
155.8,61.9
166.0,63.8
151.6,76.5
165.5,91.0
163.5,56.8
148.6,38.4
196.1,102.0
159.6,75.0
159.6,62.6
175.7,78.5
185.0,83.5
177.4,54.4
151.8,32.4
167.4,60.9
144.3,42.8
174.9,71.5
147.0,45.6
156.2,28.1
165.0,28.2
169.9,74.6
162.1,47.9
181.7,69.2
173.0,57.4
172.1,51.5
151.5,36.4
183.7,89.5
156.2,50.1
184.1,84.1
187.2,88.7
170.6,68.8
176.4,80.5
131.1,38.0
162.9,78.8
177.1,81.4
175.2,81.9
151.6,36.5
161.8,61.5
137.1,25.0
169.5,84.3
144.3,36.4
177.4,62.0
178.0,49.2
159.8,55.6
170.7,60.1
162.6,85.5
167.7,74.7
152.4,43.4
171.8,40.0
146.9,25.0
144.9,30.8
163.7,39.0
162.7,63.4
168.0,59.9
157.9,55.1
185.7,61.7
166.8,63.5
167.6,40.5
167.2,60.2
176.0,80.6
171.3,59.1
169.9,70.1
173.1,36.3
144.9,25.0
145.3,51.4
164.2,75.0
162.8,54.8
171.4,96.8
165.2,38.4
171.4,54.4
151.3,52.5
164.9,66.8
150.2,40.9
169.3,47.1
144.3,55.1
168.8,64.7
148.8,43.6
160.8,64.4
174.8,65.2
167.5,59.6
146.9,44.8
157.6,42.3
148.5,34.7
146.4,39.2
166.3,61.3
171.2,36.4
169.8,77.6
171.6,65.1
164.9,43.8
162.0,82.0
153.2,52.3
160.2,36.4
150.5,73.4
155.7,73.7
166.0,47.0
163.7,54.1
198.7,80.0
150.2,25.0
163.6,63.8
149.3,61.7
160.7,66.7
161.2,57.6
174.3,81.0
160.1,39.3
162.9,85.7
160.3,44.9
149.6,39.3
157.8,46.2
160.8,47.2
165.8,57.6
171.1,61.0
162.4,60.0
162.2,45.6
146.1,49.4
170.9,47.9
157.3,65.5
173.2,76.8
179.5,70.8
162.9,48.7
153.7,56.7
164.8,46.4
168.8,63.2
161.5,55.1
158.8,94.9
171.2,46.1
170.5,25.0
161.2,47.6
146.8,25.0
170.0,52.7
156.6,34.5
167.4,48.1
166.7,45.1
144.2,60.2
165.9,59.8
170.7,80.2
172.0,65.7
166.3,74.8
143.3,40.6
179.0,94.4
169.5,70.3
151.8,39.0
156.3,63.1
167.5,62.2
172.5,62.4
159.6,57.5
174.1,77.9
145.3,25.0
153.5,46.6
142.3,54.8
155.1,56.7
181.6,55.6
187.6,41.9
167.6,87.3
158.0,52.1
162.6,80.8
170.2,75.7
147.8,36.2
158.7,25.0
180.8,65.0
153.5,51.3
156.8,60.8
165.1,43.3
168.1,64.8
158.1,57.7
165.8,75.3
171.7,60.2
186.6,83.2
163.6,63.2
164.5,72.7
181.8,60.4
159.0,25.0
150.4,46.2
167.8,58.4
176.8,51.4
169.0,40.2
163.9,50.5
149.1,47.2
164.4,60.9
178.6,35.9
151.4,25.0
162.3,74.9
160.7,54.0
157.3,54.4
167.7,41.9
169.9,63.4
169.8,57.8
154.3,43.1
146.9,25.5
167.9,49.0
159.4,85.5
185.2,70.2
185.7,87.7
186.9,73.9
154.7,47.9
171.3,55.0
174.6,87.2
173.3,71.7
161.1,45.3
179.1,64.6
165.0,76.0
166.4,25.0
148.1,52.9
172.1,73.2
162.1,46.6
170.1,66.0
167.6,69.3
167.0,42.9
164.5,72.2
173.7,70.8
162.8,56.0
149.0,50.4
171.3,75.1
156.1,88.4
150.4,58.9
153.8,64.2
168.1,65.1
163.9,87.7
141.5,25.0
160.8,30.8
177.9,71.9
160.0,66.2
163.2,25.0
176.5,68.5
173.8,63.7
176.2,79.5
134.5,46.2
184.1,47.4
172.0,48.9
192.1,69.1
156.4,64.9
145.6,52.3
165.1,50.6
162.0,59.9
172.2,49.4
176.8,99.5
164.0,67.8
162.4,69.8
170.7,84.8
162.2,73.1
161.3,57.7
176.4,65.7
178.9,89.7
176.9,69.3
163.1,47.3
141.5,73.5
163.4,44.7
156.7,28.0
163.6,73.8
157.6,43.7
164.8,66.3
153.6,79.1
150.9,29.5
178.4,69.4
154.3,74.7
165.0,70.1
175.5,65.1
175.1,103.3
173.7,65.0
168.3,68.3
173.0,90.6
180.1,86.1
169.7,83.2
144.8,32.6
159.2,74.2
172.7,68.1
158.1,43.8
182.8,76.9
164.3,62.2
165.9,88.6
177.4,74.9
163.0,46.7
166.9,46.1
174.9,66.6
148.8,28.5
161.9,46.9
174.1,63.0
165.7,54.1
181.1,83.1
147.7,36.9
146.4,25.0
173.5,40.9
174.5,66.7
162.9,49.6
169.4,44.6
173.2,95.4
156.0,66.0
157.2,53.5
167.1,64.9
174.9,63.4
152.2,32.1
162.8,73.8
162.3,70.7
169.6,33.6
164.9,63.2
159.0,60.7
178.7,65.5
159.1,87.1
161.8,87.4
147.5,42.2
157.2,51.0
170.7,59.0
168.5,53.3
171.6,51.0
171.1,72.0
188.0,107.1
156.8,77.3
147.2,59.5
153.4,25.0
157.3,26.4
154.3,68.3
166.0,84.9
178.8,78.6
181.9,68.2
170.5,84.3
188.6,89.5
161.1,74.1
147.0,25.0
176.6,73.8
144.8,72.7
156.7,61.9
170.7,78.3
163.9,59.6
162.9,60.0
152.0,71.9
164.9,49.8
176.0,56.7
165.2,52.9
155.9,53.8
151.3,26.2
156.1,64.6
169.3,60.6
168.8,75.5
156.2,25.0
140.7,56.4
169.6,83.3
155.1,59.5
172.6,66.0
156.7,67.0
154.1,71.3
166.7,69.0
190.9,89.2
173.2,90.9
166.5,72.4
168.9,50.8
145.7,65.7
152.7,49.4
137.4,42.0
184.0,76.1
181.8,87.2
169.3,89.3
166.5,61.3
147.9,74.1
162.6,60.6
184.7,96.1
166.4,63.9
158.8,48.1
145.7,75.5
180.2,62.6
164.2,49.5
145.7,27.8
154.8,71.8
150.9,72.7
163.6,64.4
167.3,46.8
159.5,55.8
173.5,61.7
165.9,45.1
176.7,61.3
161.1,64.7
198.5,77.6
158.8,59.8
155.1,26.3
153.7,77.2
162.7,52.4
146.1,60.0
168.2,65.1
144.0,51.7
166.8,44.2
150.1,38.2
160.8,45.8
171.6,65.2
190.3,99.6
153.1,58.1
163.3,45.2
157.0,55.6
155.4,51.9
157.1,49.1
174.1,66.4
159.6,67.5
189.7,68.4
169.6,58.1
153.9,66.8
161.0,64.0
156.2,72.8
173.8,88.0
147.0,27.1
150.2,54.0
158.5,47.6
172.5,47.5
178.6,58.3
180.2,66.9
170.8,59.8
164.1,50.1
173.7,66.2
152.4,87.8
144.7,25.0
169.8,80.5
153.9,51.9
164.3,52.8
166.3,30.6
167.7,73.3
175.3,46.0
174.2,79.1
167.1,87.6
160.1,37.2
166.2,78.3
158.4,55.6
162.8,26.9
193.8,64.6
167.0,64.0
170.0,69.6
157.2,30.7
176.2,68.8
173.4,78.5
173.4,81.2
167.4,55.4
176.4,75.0
179.0,86.6
168.1,75.0
163.7,72.4
174.8,69.0
155.1,51.5
157.1,58.4
164.4,48.0
145.8,63.5
174.1,43.7
154.4,44.9
159.8,55.6
162.7,65.2
165.4,70.1
161.2,79.5
164.3,60.5
164.3,48.6
160.1,54.2
156.5,49.1
176.9,76.6
141.9,28.3
162.7,55.6
159.8,80.5
169.6,66.0
149.0,33.1
159.5,50.9
163.9,25.6
176.8,67.9
168.7,87.3
152.0,33.0
159.6,34.2
174.7,57.4
151.8,64.5
164.1,84.8
164.9,66.5
160.8,37.6
194.7,83.0
160.5,83.5
169.9,58.9
156.6,56.0
170.8,67.8
174.6,43.9
158.5,70.3
164.4,72.3
155.2,25.0
152.4,31.1
176.4,53.9
158.9,66.8
138.5,30.9
184.4,80.8
156.2,50.9
162.3,59.0
183.0,81.2
163.4,62.9
163.2,58.3
151.5,55.4
147.0,50.8
163.2,55.4
169.0,56.4
168.4,90.6
159.7,49.5
165.2,80.6
144.8,35.8
170.1,75.8
166.8,87.9
186.7,71.6
165.1,49.9
154.6,46.2
164.4,59.2
161.4,62.1
169.8,62.8
165.3,53.8
151.1,79.6
147.0,44.5
167.9,52.7
180.2,83.9
165.9,73.2
173.9,87.8
176.1,97.2
167.9,67.2
156.0,49.2
167.1,32.9
178.3,55.9
170.8,67.3
173.2,48.3
159.9,32.5
162.8,59.3
163.7,70.6
164.4,55.8
177.8,83.0
139.2,51.9
165.3,77.4
164.1,91.9
149.9,88.7
172.4,76.4
157.0,47.4
161.1,58.0
185.3,99.2
176.1,54.8
171.3,86.3
169.2,60.4
163.2,62.0
187.0,64.8
173.8,46.6
156.8,49.9
149.6,68.8
171.2,54.0
164.4,83.6
149.3,40.4
169.7,47.3
162.0,61.6
170.8,74.4
169.9,66.3
158.3,57.4
172.0,89.1
159.5,57.4
160.2,49.4
159.1,38.7
177.4,88.4
161.9,51.3
180.1,66.4
184.6,90.8
156.9,85.0
132.9,42.6
176.5,66.5
161.2,57.1
155.5,46.3
158.5,49.9
160.4,51.4
179.3,84.4
166.8,59.9
179.1,91.0
170.4,62.2
161.6,51.9
160.7,76.0
171.2,64.8
174.0,64.7
176.0,68.6
162.1,79.8
166.9,65.9
171.4,83.4
160.8,53.3
152.5,67.5
156.1,57.2
162.3,71.2
172.3,79.8
178.8,56.2
150.1,50.6
158.4,69.6
161.1,73.8
173.7,85.2
159.2,57.3
160.3,79.6
149.5,39.3
170.3,41.4
163.2,54.4
157.8,72.7
162.1,41.5
177.4,47.2
153.9,26.3
155.7,64.4
178.8,48.6
165.8,68.7
172.4,60.4
169.4,51.6
164.6,44.6
161.2,60.2
174.1,55.4
177.8,69.5
176.9,74.9
152.0,60.0
179.4,84.8
161.1,59.5
156.7,38.3
163.1,65.5
174.1,76.6
170.9,61.6
162.2,53.6
174.2,103.9
166.5,41.6
158.7,62.8
157.2,70.1
169.5,58.1
164.1,56.7
149.9,43.4
174.3,66.9
159.7,69.6
182.5,70.3
149.6,95.9
163.0,51.7
157.3,75.1
154.3,60.5
159.6,57.7
184.5,96.9
166.6,37.0
156.3,60.1
144.9,35.4
146.1,40.4
159.1,48.4
158.0,40.5
162.5,33.3
140.0,49.0
164.0,58.2
176.3,63.9
182.9,84.9
144.2,52.5
156.2,49.7
155.6,99.0
166.6,76.3
151.6,87.2
183.5,67.9
165.5,64.0
163.6,40.3
182.5,68.3
164.8,51.0
169.4,108.1
156.7,43.7
149.9,45.9
158.3,33.3
189.1,86.6
172.0,51.6
168.0,75.9
154.3,25.5
175.0,65.6
150.1,25.0
147.8,40.7
158.9,51.2
186.5,67.5
185.9,68.5
160.0,70.9
157.6,87.2
147.0,52.6
165.9,47.6
166.8,62.2
173.7,61.1
175.0,80.7
162.8,62.6
171.1,40.8
157.3,70.9
170.9,78.8
159.4,78.3
170.1,55.9
169.2,67.5
165.8,42.7
173.7,65.6
147.7,54.0
153.3,42.2
162.0,62.9
149.1,51.4
160.5,49.9
160.9,77.9
179.4,67.3
166.6,63.0
176.3,46.4
168.3,70.1
159.1,48.5
166.5,75.3
173.0,46.2
178.1,76.3
163.5,26.1
146.9,56.7
146.1,44.3
161.4,63.3
139.3,33.7
184.7,60.8
171.6,58.2
158.0,57.8
152.8,60.0
176.3,72.9
152.7,37.3
153.8,79.6
156.6,58.9
166.3,51.5
171.8,71.3
178.1,73.6
176.5,65.9
165.0,55.5
176.2,83.1
157.6,80.6
145.0,25.0
157.6,73.1
156.1,53.9
158.0,58.5
154.4,72.8
159.9,25.0
171.8,77.2
183.9,93.6
146.0,36.6
150.8,29.1
156.3,78.3
173.4,39.8
162.7,64.5
157.0,69.6
172.9,71.7
175.5,76.2
164.8,55.8
156.0,60.5
168.0,51.4
162.4,49.4
162.3,58.5
159.4,32.8
175.2,76.2
167.7,25.0
176.4,73.9
179.7,77.9
170.0,51.7
159.4,37.4
176.4,62.4
170.1,73.3
193.6,87.7
168.4,45.7
172.7,67.2
168.2,66.2
163.9,62.4
162.2,43.0
168.2,64.6
170.7,77.9
177.7,77.5
168.4,68.6
159.9,80.9
161.4,59.8
150.4,37.2
183.3,61.3
159.0,58.3
175.6,46.3
168.0,57.5
168.3,69.3
163.7,76.5
156.3,30.6
154.3,53.9
184.0,73.5
166.3,61.4
177.4,71.3
180.2,71.0
160.5,77.5
169.7,82.0
165.5,92.4
152.3,50.9
163.0,52.3
171.5,50.2
159.5,48.2
161.4,68.0
163.1,71.5
188.2,88.1
144.8,36.2
170.5,54.1
162.2,87.2
158.0,42.4
161.9,78.9
172.3,71.4
173.0,54.8
167.0,43.6
177.0,58.6
179.0,76.7
174.0,52.9
159.0,78.9
170.4,60.8
170.5,74.5
156.0,62.9
147.7,72.3
142.7,38.3
165.8,62.0
168.3,41.3
152.0,52.4
176.5,85.6
166.7,64.4
179.8,105.8
169.1,70.7
153.3,43.6
170.0,70.4
172.4,43.4
159.0,43.6
149.1,30.7
166.1,60.9
154.0,51.3
177.3,87.3
160.5,55.2
184.0,59.4
141.6,67.5
166.5,25.0
180.7,72.4
155.2,56.3
163.2,58.5
160.6,64.2
157.5,56.2
167.7,69.4
150.8,41.0
163.8,37.1
170.7,63.4
162.6,42.8
154.0,41.2
176.3,85.8
173.0,89.2
153.5,69.0
150.8,64.4
154.5,53.4
171.0,79.6
168.0,67.5
173.7,95.6
161.4,43.5
154.8,62.8
175.1,48.5
158.9,65.7
167.1,35.6
148.0,30.0
158.7,36.2
176.1,72.0
157.1,59.6
174.0,103.3
139.4,41.4
158.8,67.1
163.1,60.9
184.2,85.0
152.1,53.1
172.4,81.9
176.6,52.8
157.1,25.0
160.9,63.2
166.6,34.0
148.7,68.3
160.0,48.1
179.0,54.9
170.7,104.6
163.3,58.4
166.2,57.6
171.4,75.8
173.5,78.5
158.9,72.6
181.9,52.8
179.5,78.9
172.4,61.0
155.7,39.5
153.8,52.7
161.4,30.1
165.7,74.2
145.5,42.2
170.4,56.7
179.2,68.6
171.3,62.1
157.6,71.7
156.3,37.3
168.3,56.6
163.3,55.4
169.9,47.5
171.6,67.2
177.0,58.1
152.5,30.1
167.4,69.6
161.0,80.2
163.9,59.8
174.5,65.4
175.7,66.1
180.4,63.8
169.7,80.9
163.8,60.4
162.2,25.2
145.9,64.8
179.7,85.4
161.5,66.4
170.6,25.0
172.5,65.4
151.3,63.8
154.8,58.4
182.0,76.0
168.2,75.7
158.6,57.4
163.6,76.9
176.9,71.3
175.3,68.8
148.9,62.1
183.0,67.7
175.6,51.4
163.3,58.7
151.9,59.6
176.6,82.5
170.2,77.7
149.0,47.8
162.4,55.5
199.4,78.6
165.2,63.8
156.8,29.5
153.9,52.5
184.5,117.6
174.3,44.3
180.5,74.0
167.7,67.6
178.8,77.9
155.7,38.8
166.8,68.9
168.2,54.2
180.2,50.0
168.5,76.7
158.1,65.0
165.7,45.9
146.6,39.1
139.5,34.1
174.1,42.1
160.9,68.4
162.1,69.8
174.1,61.7
180.4,71.1
170.9,66.0
186.2,79.9
170.5,43.8
168.3,69.7
167.6,44.2
150.9,60.3
175.5,51.8
138.1,25.0
158.6,54.9
165.3,59.3
156.3,55.3
160.0,43.0
185.2,78.5
177.1,73.5
157.5,72.0
159.8,59.0
151.0,41.1
172.8,45.5
162.3,35.0
143.4,50.1
166.1,72.6
169.8,50.1
175.6,71.7
164.2,56.7
160.9,67.7
186.8,89.8
165.1,26.0
172.9,81.3
159.1,59.4
172.6,57.6
149.0,41.3
159.9,56.7
151.7,43.1
158.3,41.1
178.8,59.7
158.3,39.5
172.9,86.0
181.7,73.5
164.7,93.5
175.9,73.7
170.8,73.0
166.3,44.9
173.3,62.8
185.2,76.6
158.0,45.4
154.4,45.5
153.8,58.3
175.9,74.7
177.4,49.2
159.1,59.9
141.5,52.3
157.6,45.8
171.0,54.0
164.3,66.0
167.0,25.0
159.2,55.8
176.2,92.8
168.8,25.0
171.5,77.0
166.7,69.3
170.8,42.6
170.0,71.4
154.8,67.7
169.1,45.3
173.7,55.8
177.7,69.9
169.6,77.9
154.4,44.3
156.1,53.0
160.2,46.5
167.1,61.8
163.7,74.6
152.6,52.8
152.6,45.9
141.9,43.8
130.7,25.6
163.6,43.9
190.5,97.9
184.8,99.7
154.2,25.5
166.6,69.8
148.9,61.7
150.6,31.7
151.8,43.6
162.5,49.5
163.0,87.0
167.8,86.7
172.3,51.5
161.3,35.3
165.4,71.8
153.0,59.6
150.2,68.3
148.5,32.6
172.1,76.0
161.3,46.3
144.4,55.2
164.3,58.8
151.3,78.8
183.3,80.6
158.6,50.7
172.5,67.5
177.0,67.4
154.5,35.2
165.8,89.4
171.1,88.4
166.3,58.2
169.0,73.3
150.4,80.5
171.1,83.0
159.7,51.5
168.8,61.4
175.1,41.7
172.4,77.0
168.8,81.4
172.1,83.9
172.6,76.0
181.5,77.7
164.6,44.7
166.8,66.0
175.3,58.1
159.6,63.9
150.3,38.2
170.4,71.7
162.7,78.1
151.7,56.3
170.5,68.9
180.7,85.6
147.1,74.1
176.2,66.7
137.1,49.2
160.6,79.4
185.2,85.5
161.4,27.3
166.0,49.9
173.4,77.4
146.1,41.0
165.8,82.1
165.7,88.3
185.5,66.8
151.4,34.9
160.8,51.5
154.8,46.4
153.6,75.0
177.4,53.7
165.3,71.2
158.9,76.4
159.3,68.1
158.8,62.0
159.8,53.7
151.1,78.0
162.2,54.2
161.0,71.3
156.7,51.6
166.7,33.5
167.6,57.8
158.9,53.2
163.4,56.6
188.7,68.5
188.3,87.4
153.4,62.8
154.9,48.2
153.3,47.0
176.6,52.9
160.6,60.6
167.6,82.5
187.0,97.6
164.9,50.8
172.8,95.5
170.7,58.7
158.5,40.1
176.7,48.2
155.7,37.2
179.7,76.1
158.5,51.4
159.7,46.7
153.0,38.8
154.8,36.4
160.3,43.2
138.3,57.3
162.4,85.1
159.4,83.9
173.7,76.7
169.7,55.9
157.2,44.4
160.0,67.6
162.4,54.3
181.3,78.5
156.0,82.5
157.1,57.5
152.6,85.4
148.7,31.7
168.4,69.1
167.2,66.2
179.1,55.8
176.5,80.5
191.4,103.5
164.2,92.3
162.1,64.0
150.7,25.0
172.7,72.7
166.3,72.0
172.2,61.7
152.5,54.4
168.9,55.5
167.3,59.5
166.5,76.3
157.5,75.4
178.1,50.7
187.6,69.7
152.8,27.5
172.9,93.4
133.3,52.2
172.4,35.3
144.4,44.9
159.2,51.5
150.6,38.5
162.6,73.7
174.2,82.0
144.6,50.0
161.0,47.4
159.4,46.4
182.4,73.8
169.7,56.5
152.1,50.8
159.8,64.6
182.1,50.0
172.9,54.4
154.9,52.3
162.1,81.3
162.4,70.7
159.1,55.6
146.2,53.1
157.5,53.1
180.3,87.7
160.8,63.4
163.9,78.3
166.5,40.7
189.4,66.8
165.1,64.1
177.0,76.4
158.4,91.2
162.1,30.7
165.1,59.5
156.5,52.7
162.8,61.8
174.8,93.2
156.2,66.8
165.0,35.8
172.8,88.7
155.9,76.1
177.0,72.9
165.8,36.2
163.2,56.3
142.9,52.0
160.9,71.9
169.1,36.3
184.2,63.1
171.2,81.0
177.4,91.8
151.7,57.1
163.6,76.1
178.4,76.9
155.2,67.5
175.6,70.0
173.1,73.1
168.0,43.8
161.4,68.1
154.2,33.5
184.5,85.7
172.0,58.5
168.7,68.2
160.5,42.4
165.4,52.6
166.8,66.7
169.4,74.4
173.1,82.3
156.4,36.6
148.9,26.2
165.9,45.9
145.8,30.8
161.4,80.8
159.4,76.0
170.4,48.9
186.8,102.4
143.6,64.6
190.0,55.0
162.4,42.6
168.8,37.8
149.4,47.8
176.0,68.4
165.5,60.5
164.3,29.0
143.7,25.0
165.8,64.4
174.3,76.2
162.4,27.7
177.9,50.4
177.5,84.6
157.9,36.5
182.5,73.1
165.5,40.5
165.5,72.8
166.1,30.4
165.8,55.9
136.1,54.8
163.0,67.6
150.0,42.5
182.9,63.1
182.4,69.7
174.4,47.6
162.4,56.5
153.9,50.9
157.8,48.5
186.4,91.4
157.4,38.4
139.1,25.0
176.3,60.5
181.5,74.3
183.3,72.3
176.4,66.2
178.2,53.0
165.6,45.6
142.2,37.1
165.3,51.6
171.8,81.4
163.5,62.8
163.0,50.5
154.4,68.9
154.0,58.9
185.2,55.1
185.6,27.2
165.0,40.0
168.1,71.1
154.2,65.7
172.1,40.2
184.4,84.7
148.2,57.6
170.1,84.6
170.9,78.5
170.8,84.5
183.1,81.1
187.4,84.1
162.4,53.0
172.4,77.7
165.9,40.6
158.0,52.9
168.0,70.2
172.4,86.5
167.4,54.5
155.3,67.6
159.9,53.3
160.0,71.1
155.7,41.3
168.4,73.3
169.6,61.9
175.8,50.2
155.6,50.9
158.6,75.2
182.1,57.7
163.2,36.3
165.3,66.1
163.1,33.3
177.5,92.7
177.9,92.7
177.2,84.7
165.3,59.9
155.4,78.1
186.2,96.4
174.4,58.9
160.0,77.9
180.7,58.1
159.1,52.7
180.5,44.8
181.3,74.5
154.9,48.3
171.4,57.8
173.6,63.8
193.8,73.9
156.8,54.7
180.8,91.1
165.2,44.1
151.3,63.3
163.7,62.2
165.0,65.5
153.4,51.3
168.4,51.7
175.5,74.5
167.6,69.6
159.0,43.6
163.4,38.6
165.0,61.1
167.4,73.0
177.2,84.2
168.0,80.1
149.6,54.8
158.8,51.5
166.8,61.2
177.4,50.6
179.3,60.5
184.5,74.1
166.4,56.9
173.4,67.5
149.0,28.2
169.7,46.1
153.2,63.2
164.3,46.9
198.3,76.4
168.3,63.8
155.5,39.2
169.5,79.8
159.3,37.0
154.4,52.5
188.1,66.6
176.7,71.1
168.8,55.2
160.7,56.5
161.6,75.8
182.0,62.5
168.4,51.9
131.1,33.1
191.6,102.9
167.0,60.0
168.8,81.2
177.0,66.2
170.1,81.5
173.2,72.1
160.3,64.9
151.5,28.9
168.1,38.4
180.7,87.9
157.9,70.7
157.0,90.5
178.4,47.8
160.0,63.6
160.5,41.3
160.9,45.8
164.3,51.8
147.7,53.7
159.1,45.7
167.5,62.3
167.5,74.2
177.7,86.4
185.2,85.9
181.6,79.4
175.1,65.3
163.4,50.2
158.1,63.1
165.2,44.3
171.4,66.4
174.0,50.5
171.9,64.4
163.7,43.1
173.7,60.3
178.9,60.2
174.7,55.2
164.6,58.3
155.8,25.0
155.6,26.2
157.5,66.6
167.8,64.2
170.7,53.3
149.4,63.7
159.5,46.4
167.7,53.2
155.1,41.2
169.8,92.0
161.6,61.0
157.0,57.2
165.6,67.3
169.3,35.3
155.7,44.4
162.3,64.8
170.1,63.6
156.6,87.0
146.8,39.4
148.1,62.4
160.4,68.7
150.5,52.0
161.2,62.0
183.3,69.6
149.8,25.0
161.9,62.9
188.5,84.6
169.5,72.0
161.0,57.9
163.3,73.2
169.7,50.4
183.7,96.2
159.2,40.9
156.7,52.4
149.8,59.6
166.1,53.0
149.5,60.4
159.9,51.1
155.0,54.6
176.8,66.1
159.4,47.3
169.4,96.9
147.4,35.2
166.4,26.7
151.8,38.6
160.3,58.5
189.3,73.2
175.3,82.8
163.6,73.6
200.2,83.4
154.9,27.6
177.8,50.3
148.1,47.8
162.3,34.5
150.2,44.1
167.8,83.3
165.6,65.5
161.6,58.1
177.0,53.3
158.8,58.2
168.6,58.7
174.0,70.2
148.7,59.5
156.8,67.5
165.6,62.3
171.9,72.7
180.6,64.1
162.6,75.2
161.5,44.1
155.4,50.0
168.6,81.1
161.7,50.3
162.0,37.6
164.0,53.0
171.1,85.3
158.8,25.0
156.5,55.4
169.7,53.9
131.7,35.7
158.4,49.9
152.3,65.5
178.2,70.7
160.1,71.6
158.8,74.8
164.5,60.0
158.5,49.8
160.6,62.4
166.1,69.2
160.4,39.3
160.3,60.1
153.9,48.3
152.3,44.7
165.7,50.0
168.4,53.0
149.3,67.9
173.4,60.7
173.4,83.3
175.7,69.9
168.3,45.3
172.0,68.0
189.0,60.8
161.7,66.6
153.5,48.7
148.1,61.1
184.3,96.2
184.5,48.8
154.8,45.8
157.0,36.1
161.4,89.7
178.5,63.5
150.8,30.3
143.4,78.8
188.8,67.6
168.4,38.1
170.0,46.2
162.7,60.4
170.1,64.4
148.3,35.9
155.7,46.1
166.2,61.5
140.0,63.0
161.7,62.5
161.0,48.6
161.7,54.1
158.9,67.1
154.0,77.4
145.0,29.7
166.6,77.8
161.7,52.8
149.9,25.1
165.7,33.1
161.8,77.6
159.9,78.1
141.3,35.4
172.5,62.3
151.4,25.0
165.7,71.8
156.1,53.2
160.7,33.5
177.7,72.5
170.8,43.4
177.4,77.6
168.6,46.3
169.4,68.2
145.4,36.7
161.5,25.0
162.5,73.1
178.5,85.8
159.4,48.1
167.9,66.1
167.5,68.3
177.7,76.6
163.5,84.7
174.1,72.9
146.2,41.7
147.2,54.1
139.9,36.6
173.6,50.4
172.4,83.7
174.9,75.3
157.5,26.7
158.8,45.2
163.7,70.3
180.9,48.5
183.6,62.9
173.7,106.3
168.6,57.6
179.7,87.3
162.2,80.4
160.7,43.2
163.6,62.9
154.2,83.2
163.1,65.4
152.7,86.8
176.3,58.8
171.0,91.3
180.7,72.1
147.1,42.7
185.9,85.6
147.7,46.3
151.8,49.4
158.2,62.3
179.4,43.7
167.5,49.7
162.3,68.8
156.3,68.6
149.9,54.8
177.5,73.4
173.8,72.5
179.9,85.5
169.4,41.7
135.9,33.0
151.3,49.3
170.1,66.6
160.9,25.3
158.9,36.7
152.9,51.2
175.4,82.9
170.0,57.3
170.5,54.0
158.0,62.9
166.9,56.4
150.3,62.9
163.6,55.5
137.2,25.0
147.8,69.3
161.5,75.9
191.1,66.0
145.2,52.3
151.3,45.5
167.4,70.9
184.5,61.7
167.2,74.6
172.7,83.6
161.3,43.0
159.4,56.9
165.9,78.8
157.8,39.7
173.0,55.8
147.3,57.7
174.8,64.8
165.4,36.6
162.6,53.4
146.9,73.7
154.2,83.3
178.2,60.3
162.7,44.5
168.1,55.3
155.3,80.1
164.7,72.3
149.9,71.4
166.1,75.7
169.1,43.1
168.5,48.3
155.1,42.5
161.2,49.4
170.9,54.1
162.7,49.8
161.8,67.2
185.9,78.1
154.5,70.8
176.9,72.6
152.3,40.9
172.2,68.1
172.8,43.0
159.4,25.0
151.6,60.2
143.3,60.5
158.2,56.2
170.8,58.3
153.1,31.5
166.1,78.2
148.8,56.1
162.4,62.4
152.4,51.0
164.1,52.2
159.5,39.3
151.9,54.6
157.8,46.7
154.7,46.3
150.5,75.6
176.9,68.1
161.0,25.0
140.8,35.6
158.1,40.0
175.1,65.3
156.6,32.6
181.5,79.0
155.6,48.8
170.5,56.8
176.4,70.7
170.0,62.4
149.9,47.4
154.6,49.2
177.9,69.3
156.1,58.8
175.7,71.2
160.3,73.4
166.6,52.8
149.8,52.9
158.3,91.8
155.4,52.5
167.5,61.7
166.0,41.7
170.1,52.9
159.6,54.4
154.8,60.7
167.0,71.1
153.7,56.8
176.9,80.9
163.7,44.0
161.4,64.7
170.1,63.8
164.2,61.2
146.8,42.0
153.3,37.4
176.6,50.4
165.9,65.4
146.5,54.7
168.9,60.8
158.8,55.3
155.4,42.3
152.4,58.6
176.0,69.1
143.4,39.7
155.8,66.4
166.3,70.5
182.4,50.1
171.1,65.1
155.7,39.0
181.8,74.8
150.1,25.0
167.9,65.0
170.4,74.5
155.3,51.4
172.7,48.1
159.3,85.2
172.6,82.9
144.8,38.1
168.7,58.7
160.5,26.9
177.6,76.5
164.5,39.0
178.7,80.3
170.6,79.4
163.6,57.8
173.7,50.4
173.7,85.1
170.2,63.8
139.8,44.4
154.2,38.3
180.2,74.4
151.2,47.2
174.7,47.2
172.8,85.8
157.0,80.6
143.1,60.3
158.7,68.5
187.9,104.1
155.5,37.5
156.3,37.8
154.0,46.0
178.4,74.5
162.3,53.6
158.1,39.7
180.5,71.8
171.4,63.2
154.9,65.4
151.5,51.2
177.7,40.9
165.2,65.8
148.0,71.9
145.4,46.9
152.7,66.1
151.4,42.8
142.5,53.2
152.9,40.3
154.9,49.1
159.9,52.7
183.6,81.3
162.1,45.4
163.2,36.6
170.6,71.1
162.4,64.5
169.4,64.8
168.1,76.2
166.3,57.8
195.4,88.2
175.0,62.1
153.1,47.7
169.1,68.0
156.3,87.7
169.9,74.6
149.9,57.6
152.8,63.0
168.8,27.5
176.0,72.9
170.5,77.6
174.4,68.2
169.1,62.3
166.9,47.2
159.5,49.4
173.9,54.1
176.3,83.4
164.3,81.9
163.7,88.0
182.5,60.5
164.8,49.7
165.8,49.3
170.3,48.5
163.9,44.1
156.0,45.8
169.2,76.1
164.6,48.8
185.3,91.3
173.7,86.9
158.4,59.5
173.0,84.3
168.4,42.0
179.4,62.4
159.2,58.6
167.1,64.8
163.9,80.5
165.6,45.4
155.3,45.0
171.3,63.3
169.6,55.5
179.1,55.0
164.9,52.7
160.5,53.0
173.7,88.1
156.3,38.4
176.9,81.1
176.9,87.9
178.8,62.7
169.1,66.8
159.6,64.7
166.2,66.9
169.2,64.2
158.8,45.3
179.7,81.0
171.4,59.0
155.2,53.4
185.7,78.5
166.1,73.5
153.0,80.4
155.9,42.4
181.4,73.2
185.1,53.1
176.1,90.4
179.5,71.6
178.4,65.5
171.1,65.2
168.6,64.1
170.9,53.3
173.1,83.7
156.8,63.8
173.1,77.6
181.0,61.9
162.7,47.2
161.6,55.7
170.2,75.8
157.9,62.3
150.5,38.2
177.6,79.4
160.0,41.8
165.2,50.1
158.3,57.5
179.0,53.0
174.4,52.4
162.4,81.3
152.0,71.3
161.2,91.5
171.3,71.3
167.1,71.1
166.2,58.4
167.3,56.3
173.3,79.2
164.5,80.0
170.0,75.3
154.1,39.7
193.1,87.9
161.9,46.1
167.2,56.7
171.2,89.0
160.5,38.7
165.1,92.5
165.0,68.1
154.9,45.8
169.8,64.5
146.9,37.2
184.3,66.5
173.7,67.5
172.0,60.2
145.9,32.8
156.3,50.4
180.3,51.8
210.7,78.6
178.1,50.6
176.4,93.5
170.8,70.2
155.7,62.3
175.9,68.3
152.9,59.0
151.7,68.3
151.0,56.3
175.7,92.5
164.4,58.9
166.1,69.7
164.8,70.3
152.6,37.3
157.6,55.3
158.2,27.4
149.5,47.3
159.5,51.7
153.1,46.5
171.4,58.5
172.3,73.0
150.8,36.7
161.7,85.4
185.4,84.1
154.2,40.3
169.7,73.1
166.2,75.7
177.0,74.5
168.3,47.2
160.3,90.1
165.7,70.0
165.9,41.8
164.0,62.3
150.5,46.5
178.7,70.3
176.7,50.8
153.5,52.7
161.7,45.0
162.5,52.9
152.3,56.8
144.5,38.8
157.6,50.3
161.1,69.4
149.1,35.6
166.9,51.6
177.8,50.7
174.3,54.5
163.6,60.8
144.8,55.7
172.9,53.7
166.6,70.2
169.7,64.9
186.3,55.6
155.9,56.1
133.4,57.1
153.4,25.0
170.3,93.9
165.3,51.0
151.6,25.8
149.4,51.2
161.1,69.6
151.3,46.2
170.7,68.8
160.5,88.5
158.1,58.1
156.7,98.7
167.9,81.0
165.5,61.0
167.2,65.9
167.0,56.6
164.2,63.1
153.6,60.4
157.0,48.1
160.7,36.1
187.7,97.3
150.2,64.2
160.4,35.3
166.1,63.2
161.7,72.9
176.8,82.6
161.6,47.0
162.4,72.8
174.0,66.8
184.9,81.1
180.5,57.9
163.5,25.0
164.5,47.8
165.5,68.3
166.6,58.0
155.7,63.1
175.3,84.2
167.3,56.6
164.5,53.1
151.0,25.0
165.7,37.2
144.2,25.6
158.6,63.7
158.8,50.7
168.2,54.2
185.7,66.1
171.3,52.9
180.9,85.9
172.1,66.6
177.4,84.1
185.4,42.7
156.9,62.2
156.2,46.4
172.4,61.1
165.0,80.2
167.4,55.8
162.3,65.3
158.4,40.0
182.8,74.1
152.9,27.6
172.6,64.6
170.8,69.9
147.6,64.5
155.9,41.2
157.7,46.8
171.2,54.8
161.0,53.2
164.1,44.8
149.0,25.0
190.6,64.3
165.8,59.7
170.5,61.7
159.1,63.9
157.8,67.4
186.0,69.4
143.9,25.0
168.1,68.2
151.7,50.5
160.5,52.8
158.0,73.2
154.2,59.0
165.4,62.0
136.8,43.6
161.5,70.1
164.0,48.8
150.0,36.3
181.6,69.1
158.5,37.6
162.4,57.3
158.5,56.7
164.1,58.2
179.4,65.4
192.2,106.1
173.2,80.1
177.0,67.4
183.9,75.8
167.7,82.5
182.3,64.3
173.7,51.9
166.6,64.5
168.9,68.9
145.0,53.6
168.2,74.7
148.0,37.2
147.1,26.5
167.1,52.7
152.7,60.1
164.9,46.0
166.5,32.0
167.0,63.5
155.1,44.4
174.9,41.4
164.0,60.3
169.9,57.7
151.8,75.9
163.0,59.8
177.1,77.8
175.7,67.6
156.2,44.7
159.0,48.3
154.1,68.5
157.8,66.0
149.6,26.9
163.5,40.1
172.0,47.2
156.4,69.7
164.0,33.2
162.6,69.9
176.6,74.6
158.3,57.3
158.7,48.3
155.7,71.2
152.5,52.9
170.8,42.5
163.5,40.7
165.6,35.7
179.0,88.5
179.7,92.4
146.9,63.8
172.1,63.0
167.5,40.3
159.9,40.5
168.6,47.7
146.0,46.2
181.1,93.0
170.7,84.8
155.5,45.9
158.6,25.0
146.3,29.6
161.5,75.2
159.7,59.6
150.4,44.4
173.5,59.9
179.0,59.3
164.7,41.6
161.6,88.6
169.8,89.2
164.8,47.4
153.1,25.3
157.8,57.3
161.7,55.3
167.7,71.3
165.1,72.8
167.3,44.0
148.2,67.5
172.3,60.0
165.0,69.0
193.1,78.1
160.7,70.7
168.6,27.1
196.1,95.7
167.1,49.0
164.3,60.5
154.1,70.9
181.8,60.7
152.2,36.6
169.7,57.8
159.8,49.6
162.9,42.6
149.3,50.7
179.8,73.5
161.9,64.6
151.6,38.3
178.8,56.2
159.5,54.2
168.7,58.9
174.3,63.4
170.2,53.1
140.8,48.6
172.6,51.4
163.9,57.3
161.4,52.7
163.8,58.5
147.3,65.5
167.1,41.7
150.0,25.0
161.9,48.7
166.7,43.9
176.8,25.0
156.0,79.7
181.0,80.4
175.4,77.7
160.3,52.2
152.8,57.7
149.1,42.6
168.0,74.3
156.9,57.0
178.2,69.3
157.5,55.2
155.1,74.9
167.6,64.3
157.5,39.1
165.1,65.0
175.8,75.4
166.3,58.7
166.3,60.1
167.3,45.6
146.4,48.6
169.3,44.8
166.8,57.4
174.8,57.2
171.7,79.6
162.8,81.5
176.4,51.3
161.8,57.5
167.7,57.2
161.6,64.4
170.1,65.1
160.9,51.1
183.1,75.2
187.2,73.9
174.6,90.9
182.0,60.9
148.1,52.1
149.4,56.7
161.5,63.9
165.5,55.8
162.8,78.8
146.9,25.0
177.7,53.0
188.7,88.3
179.1,57.4
176.9,54.8
167.5,54.7
155.7,41.6
165.8,70.0
188.2,91.5
161.1,58.4
160.0,72.1
177.2,48.3
177.9,70.8
155.7,73.5
162.1,72.5
159.5,77.5
165.8,51.6
177.1,82.8
156.2,47.2
177.0,77.8
166.1,80.4
190.6,68.0
168.5,34.6
163.9,86.8
171.3,71.9
161.3,55.6
145.3,44.0
162.4,26.5
162.2,61.0
147.5,39.9
164.2,60.1
142.3,45.0
161.2,25.0
167.7,69.2
166.1,63.5
160.5,61.5
164.1,56.5
156.4,54.5
165.1,62.6
165.6,64.5
155.1,60.1
167.9,66.3
167.9,89.7
163.2,47.7
191.6,75.2
163.5,84.2
161.9,55.4
160.4,70.5
154.3,54.4
172.5,62.1
157.5,69.3
158.8,63.2
159.1,32.7
154.2,54.9
145.7,31.8
159.9,75.3
174.6,93.4
167.2,89.6
182.2,78.4
173.3,59.1
170.8,69.0
185.7,61.8
163.9,94.3
165.7,78.3
164.9,64.4
182.0,87.8
165.0,52.5
157.9,38.2
171.5,31.5
156.0,54.8
170.9,61.1
169.6,71.0
162.9,58.6
171.2,71.6
148.6,60.8
166.8,39.3
159.9,69.3
196.5,78.8
166.7,68.9
158.4,70.6
149.8,64.8
179.4,72.7
161.1,59.8
156.3,67.1
168.7,40.1
172.1,50.9
172.0,60.9
165.2,40.1
166.8,57.1
167.6,56.9
168.7,63.9
169.7,62.5
177.0,85.0
165.6,68.9
156.0,52.5
163.4,53.7
173.3,65.4
145.3,46.0
145.4,84.3
175.1,45.6
181.7,58.8
151.1,34.1
166.1,64.7
160.6,60.2
162.1,49.2
168.4,75.8
150.8,55.6
152.8,65.5
161.7,75.6
163.4,26.8
152.6,61.5
173.7,47.0
160.4,60.3
160.4,55.5
168.1,61.7
163.6,40.8
174.2,82.2
154.7,33.3
149.6,60.5
161.6,36.0
165.7,60.1
151.4,77.5
149.7,84.7
167.0,37.1
156.7,43.4
149.0,41.0
175.6,101.7
158.1,53.9
177.6,85.5
165.3,64.6
168.2,44.3
162.7,30.3
135.8,31.4
152.5,85.9
163.6,62.8
169.0,78.7
145.3,25.2
164.4,54.6
152.7,63.0
167.6,45.4
164.8,58.8
173.2,52.8
176.7,81.1
170.0,69.6
174.5,77.2
161.1,70.2
196.1,81.1
151.6,65.6
159.2,46.9
174.9,76.7
173.3,36.5
170.4,52.7
172.4,100.1
142.1,53.6
182.5,82.4
162.8,45.9
178.7,53.8
142.6,40.8
167.8,61.0
158.8,84.2
171.3,79.8
168.5,64.1
169.0,63.8
153.4,63.1
164.4,39.7
163.0,29.6
170.4,75.1
175.9,69.1
166.7,41.4
151.0,25.0
166.2,74.2
193.7,74.7
183.1,79.8
132.3,34.5
165.7,59.9
175.3,58.7
163.0,57.3
159.9,64.9
162.1,53.6
171.1,59.4
152.4,60.2
178.1,79.9
164.4,42.4
154.7,52.2
177.4,61.4
148.0,48.4
158.9,77.1
158.7,60.8
188.6,110.7
157.5,57.8
141.3,41.4
158.6,55.0
170.0,65.7
173.6,71.2
190.0,64.6
180.5,68.2
167.1,50.5
155.2,68.4
182.9,44.7
160.9,59.3
157.8,32.0
160.4,63.1
151.2,44.3
159.9,29.0
162.4,72.2
173.0,28.1
160.7,56.4
151.1,60.6
147.4,68.4
167.3,37.4
165.8,52.7
158.9,71.8
159.9,73.5
169.3,82.2
180.3,109.9
156.4,46.2
166.0,66.2
175.5,62.6
156.5,25.0
164.8,58.4
164.6,29.7
150.6,42.1
166.9,39.2
165.3,66.7
171.1,52.7
151.9,25.0
165.1,73.0
180.2,62.4
187.9,71.2
179.1,55.9
152.1,68.1
170.0,67.6
159.7,46.9
168.1,33.5
156.5,91.5
146.2,76.7
161.2,78.8
172.9,55.3
168.2,54.7
169.4,69.2
167.4,48.2
169.4,48.3
170.8,86.1
162.0,56.9
165.9,43.8
184.2,88.9
166.6,52.4
165.5,30.5
166.1,43.7
162.6,50.4
160.2,59.8
167.3,64.1
159.4,74.3
163.4,55.2
156.3,46.8
166.2,79.4
171.4,79.3
162.7,55.0
142.9,49.3
171.5,57.6
166.3,43.4
154.1,85.2
173.5,58.1
149.6,53.7
176.5,45.8
164.4,70.5
140.0,25.1
167.0,86.5
160.5,83.7
158.9,64.0
156.9,55.9
163.6,56.1
159.7,55.4
144.6,52.1
179.0,71.8
162.3,72.7
156.9,40.4
152.6,74.1
173.5,59.9
150.7,38.8
166.5,66.4
158.6,61.7
159.2,29.7
152.9,44.2
158.2,25.0
165.1,49.8
167.6,52.3
156.4,58.2
164.0,47.4
174.8,58.9
146.7,66.9
164.9,90.8
154.5,38.7
153.4,67.1
167.9,67.8
159.0,29.5
151.6,38.7
179.6,25.5
175.1,72.3
143.7,29.3
148.8,50.7
171.5,103.3
161.9,81.5
181.5,61.0
171.8,49.8
168.3,81.7
153.8,36.9
170.4,78.8
151.0,91.2
179.4,80.9
169.6,81.1
155.9,69.5
173.9,58.1
189.7,83.5
162.6,43.8
171.1,83.7
160.2,40.2
165.9,71.1
148.4,65.4
165.0,52.5
165.5,49.4
184.8,72.6
145.3,33.0
161.9,60.0
179.2,56.9
162.3,45.3
163.1,66.7
155.8,62.7
154.7,48.3
144.9,25.0
158.1,72.5
154.1,45.5
166.3,91.8
156.3,51.8
159.7,58.2
160.0,49.9
164.5,63.2
159.2,107.9
153.3,46.5
165.9,79.7
176.7,70.1
166.4,78.5
158.3,26.1
163.6,88.1
142.4,49.8
163.5,54.8
160.6,70.3
154.7,54.8
156.7,36.8
160.5,25.0
175.9,95.5
177.0,65.6
154.8,43.5
159.3,47.8
159.6,78.0
173.9,59.2
166.6,70.7
166.0,55.6
170.9,45.4
158.4,68.7
180.0,87.8
165.0,49.7
155.6,52.7
162.5,59.5
178.6,76.8
160.3,86.1
175.4,62.9
158.1,50.1
156.6,51.3
172.3,51.1
155.4,27.3
174.0,68.7
168.9,70.6
155.4,53.2
164.2,58.4
159.0,42.1
168.8,66.5
185.8,78.5
160.9,64.1
170.9,69.1
165.3,66.0
165.3,79.9
163.2,67.2
155.6,60.5
168.7,36.5
161.8,73.4
155.0,48.4
176.2,69.5
166.1,41.6
162.5,89.4
179.7,34.0
144.8,68.5
179.0,76.9
155.3,25.0
167.3,92.1
158.5,63.0
154.8,25.0
179.5,64.5
185.4,83.7
162.6,83.8
168.7,56.5
165.6,25.0
184.0,96.4
141.8,51.7
169.1,29.5
157.0,59.4
139.1,49.3
161.0,52.2
185.3,63.2
157.8,45.6
173.7,61.5
178.2,75.2
164.9,71.6
166.3,28.6
146.1,50.8
157.1,61.6
175.0,69.9
165.7,54.3
169.0,84.2
166.5,81.1
189.1,73.2
160.3,55.3
182.7,85.0
166.5,80.2
183.6,62.0
151.5,34.8
167.0,65.5
160.7,39.9
166.5,31.8
178.4,57.7
169.2,69.2
178.4,93.3
157.6,44.0
155.9,51.6
165.2,62.4
164.6,49.9
163.0,47.5
154.5,57.5
178.2,51.9
161.0,45.5
180.7,68.8
165.1,64.8
172.1,42.5
171.1,62.5
155.9,34.1
169.0,52.6
186.2,88.1
167.8,60.8
174.9,92.3
172.6,64.5
168.4,76.9
167.1,73.3
171.0,64.1
173.4,46.4
150.1,48.0
167.7,53.9
163.0,49.9
160.7,59.1
179.3,48.9
156.9,41.1
149.7,34.1
173.8,62.6
149.4,37.6
143.8,35.0
175.0,69.4
166.7,54.5
170.2,63.8
160.1,39.7
149.8,36.9
152.0,81.4
162.0,47.3
151.0,25.0
168.4,67.5
159.9,45.6
167.0,65.0
166.7,59.8
169.3,71.3
170.5,62.5
161.2,53.8
167.0,78.6
167.6,28.5
138.3,25.0
172.1,52.8
166.6,35.7
171.2,57.3
150.8,41.4
161.5,72.0
153.0,50.2
173.2,62.8
149.5,43.5
154.8,36.9
170.9,77.6
158.1,73.1
154.8,34.5
175.0,91.7
175.4,57.6
172.9,54.5
174.3,74.0
162.5,66.5
162.7,57.2
157.9,49.6
166.8,78.8
159.2,46.4
160.2,55.5
171.6,90.2
178.0,49.7
169.4,56.2
184.7,90.5
157.2,62.3
144.8,59.5
172.9,45.9
156.5,58.7
162.0,53.5
145.5,80.7
155.1,65.1
148.5,48.2
160.2,60.8
160.7,57.6
166.0,71.1
178.6,57.4
172.4,85.9
147.2,27.8
171.7,67.9
166.2,48.4
163.9,59.8
164.8,74.5
167.3,35.9
157.4,52.0
163.0,36.9
178.0,65.5
157.3,32.8
153.7,54.4
164.3,53.0
152.6,62.4
146.0,65.4
161.2,57.3
180.9,85.4
164.6,80.3
167.0,47.5
141.6,65.6
169.8,62.9
166.0,46.0
157.7,59.2
167.0,60.3
166.9,40.2
153.3,35.2
168.7,87.1
178.2,74.0
162.5,80.3
155.5,46.9
163.0,46.5
174.4,41.7
151.5,65.0
171.4,70.8
157.5,48.5
167.7,50.0
158.8,72.4
158.8,52.8
181.8,70.2
149.5,40.2
170.3,57.7
184.0,82.8
172.5,44.2
150.4,50.9
150.9,64.4
156.7,52.8
166.7,77.0
167.5,81.8
151.0,63.7
155.4,45.1
156.1,53.1
163.0,63.6
186.8,69.7
154.7,45.1
154.3,43.9
152.5,89.3
172.0,61.0
164.5,75.6
155.1,39.9
161.0,82.6
156.3,48.1
168.3,63.1
194.5,55.8
171.1,81.1
164.0,79.2
157.7,36.9
150.2,67.3
173.1,45.8
172.5,74.9
159.9,51.9
178.3,90.0
165.2,63.8
173.5,80.2
168.3,80.9
163.1,54.1
154.5,52.1
163.4,42.1
174.3,62.3
159.4,84.8
169.8,74.8
153.1,35.9
173.6,90.8
168.4,68.3
151.8,63.1
162.5,65.5
175.2,73.9
151.2,25.0
153.2,68.3
164.2,25.5
188.5,93.4
157.6,56.1
170.4,76.4
167.9,64.4
158.5,70.9
166.8,61.4
160.1,60.6
161.1,63.1
146.7,75.5
164.7,68.7
174.9,47.5
165.6,51.9
177.0,77.9
171.4,83.5
164.3,48.6
158.1,88.6
159.7,58.7
148.8,55.0
162.1,39.0
166.6,77.8
183.9,67.7
170.8,53.0
155.5,48.4
149.2,69.7
162.7,65.2
173.9,53.2
162.6,50.2
171.0,85.4
163.0,54.9
172.9,74.2
147.4,59.9
182.6,25.0
152.8,70.3
173.7,53.6
162.0,52.3
163.7,82.1
162.3,79.7
167.8,69.3
170.0,74.5
176.6,83.3
180.5,93.1
168.7,85.9
183.9,76.0
166.0,49.6
176.9,65.0
169.7,65.3
159.0,54.8
167.0,46.2
170.5,70.5
164.6,36.1
169.5,64.5
174.5,69.2
164.7,61.4
132.6,51.5
183.5,84.8
161.7,90.9
155.9,45.7
152.6,55.4
161.3,60.5
158.8,58.0
156.9,35.2
157.5,36.8
170.8,64.3
187.3,53.6
174.0,61.6
177.3,59.5
160.8,52.4
166.2,77.7
169.7,47.2
157.7,67.8
160.3,48.0
174.4,60.2
177.0,75.9
165.7,56.3
151.9,37.3
161.7,52.0
149.1,25.0
165.8,66.2
167.8,25.0
162.0,71.1
167.7,71.1
169.6,87.3
167.8,94.7
151.8,64.7
162.2,48.5
169.5,95.8
182.4,55.3
162.0,29.2
171.1,92.2
174.7,76.1
162.8,30.2
177.6,49.1
178.2,78.1
180.2,58.4
170.0,52.7
191.0,109.7
158.2,87.3
188.4,80.3
173.5,63.9
179.7,84.6
161.5,48.9
174.3,33.4
180.7,30.4
153.0,50.4
163.2,71.8
141.4,44.3
163.0,70.6
156.0,67.2
162.6,79.0
197.2,88.3
183.9,78.5
149.2,48.4
171.1,60.5
173.8,42.9
161.3,74.8
167.0,55.6
168.0,55.5
150.2,41.5
153.7,31.8
166.9,60.0
166.1,68.4
157.2,43.8
156.3,69.3
164.0,53.7
174.7,44.2
164.2,79.9
182.9,76.5
157.3,67.4
167.1,74.7
161.1,42.9
171.5,56.9
156.4,69.3
186.2,103.8
146.4,48.1
183.9,65.0
166.0,85.9
171.1,55.0
179.7,76.0
174.4,60.5
157.0,58.2
171.6,50.6
185.5,70.1
155.2,43.6
188.3,87.9
169.2,65.5
160.2,69.7
155.2,40.6
162.5,55.0
143.5,54.7
160.4,69.5
162.1,36.1
153.2,56.4
173.2,53.8
162.6,71.8
158.0,82.8
161.4,25.0
168.9,52.9
165.8,64.4
157.3,54.4
166.4,75.0
164.4,60.7
152.5,43.2
161.8,42.3
171.4,46.8
171.3,53.4
162.5,49.6
172.4,71.2
154.2,50.0
154.6,42.8
162.2,42.8
181.5,61.9
166.8,52.7
162.0,46.5
182.0,83.0
161.8,78.1
189.6,61.4
159.4,72.7
153.9,62.5
163.2,61.3
162.3,80.8
156.1,51.1
193.6,88.5
168.5,64.3
170.1,64.4
159.9,63.1
158.6,56.1
176.3,75.4
146.6,37.2
152.4,41.5
162.3,47.8
179.9,65.7
160.9,72.1
169.6,56.3
165.3,69.9
179.3,74.7
147.6,41.3
173.1,85.6
162.8,69.4
175.2,67.5
156.0,52.3
165.3,61.5
163.9,36.1
154.0,39.8
150.9,57.0
158.6,31.6
166.4,49.7
156.7,48.1
161.4,100.8
144.3,55.9
160.9,73.4
176.3,56.3
172.8,71.1
164.0,32.8
167.7,56.9
155.9,61.0
182.9,52.3
187.7,83.4
166.8,68.4
193.5,73.3
157.5,42.1
151.2,39.6
157.2,49.2
162.6,53.4
190.4,87.4
161.9,49.7
155.5,77.3
155.1,76.9
177.5,72.9
176.0,63.0
159.7,48.1
144.4,50.6
152.6,58.6
183.9,71.4
172.6,59.6
165.7,65.7
185.6,76.8
186.5,68.0
164.6,61.3
164.8,50.7
158.6,44.1
161.9,57.6
148.7,40.0
148.6,37.6
146.1,62.6
176.9,63.0
147.8,75.7
186.4,85.9
157.0,41.9
184.1,92.0
161.0,46.3
147.8,77.6
179.1,74.0
180.4,79.8
155.0,53.3
161.4,61.3
155.0,49.4
163.7,45.0
166.2,65.9
161.1,72.5
145.0,28.4
158.6,78.5
172.7,74.7
162.7,51.7
161.4,50.5
154.8,80.7
158.3,69.2
180.5,88.8
152.5,47.4
172.9,74.1
165.5,65.5
167.7,59.2
156.9,55.8
161.1,73.8
164.9,83.8
159.3,52.0
168.6,42.9
170.0,88.3
188.9,103.3
168.1,68.1
144.0,72.5
177.8,74.5
162.8,44.6
187.1,57.4
181.2,52.4
159.4,56.0
172.9,58.8
158.5,46.6
165.0,58.3
172.4,78.3
177.2,60.9
174.8,56.5
165.8,53.3
192.3,95.2
161.0,56.0
147.3,51.9
149.4,72.4
181.2,114.9
164.2,68.9
166.7,69.3
159.0,37.9
160.0,61.9
156.3,54.7
170.2,77.1
163.9,53.2
169.8,66.4
168.7,71.7
160.3,85.0
149.0,72.3
148.0,67.2
198.3,97.4
181.3,65.8
179.7,82.0
157.6,43.0
165.1,56.9
156.0,80.2
150.6,57.9
158.5,58.7
179.6,76.3
174.2,65.4
154.3,25.0
161.5,38.4
173.2,75.3
158.7,41.6
165.9,58.9
169.4,44.7
169.3,52.3
167.8,61.9
157.8,68.6
158.9,72.4
152.5,40.2
147.8,52.7
163.7,37.6
174.0,67.4
149.8,63.7
168.0,61.1
173.6,86.1
144.8,58.7
162.0,61.4
183.1,70.0
171.1,56.4
144.4,25.0
172.2,45.8
156.8,69.0
172.6,88.2
157.4,38.3
164.4,60.5
159.1,32.1
165.0,45.3
158.8,59.3
162.5,50.3
152.1,25.0
170.4,89.7
166.9,60.6
147.2,31.1
175.9,70.0
163.1,57.3
166.8,67.5
173.4,61.1
168.6,67.3
177.8,83.7
161.8,37.8
176.4,58.0
166.4,73.5
170.6,55.7
169.4,61.9
178.6,63.2
172.9,59.7
160.1,49.0
157.9,36.0
164.5,66.4
156.6,69.9
153.4,49.1
141.6,58.3
148.0,40.8
186.8,68.5
157.8,60.9
185.9,82.5
169.4,61.5
164.5,69.6
148.5,29.2
165.1,55.4
185.8,90.4
182.1,87.4
168.0,74.6
152.4,66.4
154.5,46.9
155.6,27.7
179.1,66.7
182.9,83.2
167.2,73.5
161.7,49.6
182.0,58.4
154.2,39.3
165.6,52.2
170.1,35.2
155.5,45.3
158.0,55.6
157.1,52.9
180.6,66.8
186.1,65.8
166.3,52.2
162.0,49.4
158.4,65.8
165.0,59.9
158.9,103.1
163.9,54.1
169.5,69.8
160.5,52.1
162.9,53.4
163.0,81.9
161.5,72.3
160.1,30.1
173.4,50.8
145.5,44.5
182.3,65.4
166.5,38.4
171.7,66.6
173.0,37.7
157.2,56.3
154.9,63.8
153.6,65.0
162.3,55.8
172.7,88.3
158.6,60.3
171.7,77.5
139.0,31.4
160.8,79.7
177.8,69.5
163.1,82.2
155.9,73.8
157.8,58.6
131.7,44.2
153.9,49.4
176.6,56.3
158.6,64.3
159.9,64.4
139.4,25.0
147.1,46.3
178.1,82.8
171.8,86.9
150.7,60.9
158.1,32.2
164.7,43.8
151.8,45.5
143.0,65.9
163.2,49.5
171.3,80.4
171.5,55.4
174.6,75.1
147.9,34.0
165.6,57.5
162.0,40.8
164.0,80.8
162.7,47.8
157.7,31.5
131.8,25.0
177.8,68.3
168.6,55.7
148.7,58.4
170.2,60.2
160.1,73.9
160.4,50.8
156.5,69.3
170.9,50.0
156.2,31.1
152.9,39.1
177.4,52.3
163.0,39.9
163.4,64.9
172.6,61.6
157.7,56.8
159.9,64.1
168.4,37.1
148.0,56.8
167.4,43.6
156.7,45.4
174.4,38.5
171.0,74.2
169.6,37.9
147.3,29.7
163.9,42.2
152.1,48.9
164.6,57.2
139.5,55.0
148.1,46.7
178.1,84.3
169.1,68.6
161.1,42.9
155.0,42.8
153.1,74.2
167.2,79.9
161.2,69.5
182.0,87.2
163.0,65.4
165.6,65.4
149.7,50.1
161.0,82.5
166.9,54.3
160.9,60.6
159.7,30.5
168.6,41.1
181.7,99.8
166.6,70.3
177.6,66.2
171.8,66.1
176.9,48.5
158.3,48.7
162.7,36.4
162.8,53.9
171.0,74.5
173.7,73.2
166.4,84.7
174.6,71.5
158.8,25.0
174.7,96.4
176.2,55.7
172.5,67.9
166.5,62.5
172.8,69.3
155.2,53.7
167.2,62.5
168.3,42.5
150.4,88.6
170.2,73.5
151.3,51.1
160.3,84.2
165.4,44.1
157.0,67.2
165.9,52.2
165.7,66.5
156.0,59.9
171.2,29.5
156.6,32.5
190.2,103.4
163.8,55.2
152.1,80.9
154.2,71.9
177.6,66.1
160.5,52.0
150.0,74.2
174.4,98.5
160.4,52.3
172.2,88.3
175.3,83.0
168.0,80.1
191.4,82.1
146.0,36.8
156.0,37.7
162.2,38.3
189.9,108.0
184.8,75.3
179.2,53.5
156.3,68.8
157.5,47.4
155.9,43.7
156.4,84.8
181.4,52.4
162.3,61.5
163.8,50.1
173.5,55.0
146.7,25.4
165.6,61.2
152.9,38.3
161.8,66.4
158.5,54.6
158.0,50.2
167.5,48.7
167.4,83.1
162.6,69.2
169.1,52.7
155.4,32.8
172.5,37.1
162.7,75.3
159.7,69.7
156.3,69.4
162.3,56.2
185.6,87.9
164.3,74.8
152.4,50.1
175.1,62.1
159.8,41.5
168.1,68.6
158.3,63.5
179.1,64.5
158.5,50.9
180.4,68.3
153.5,63.7
161.8,37.0
180.4,55.0
166.8,45.0
190.0,77.2
162.0,62.5
167.8,45.9
186.0,89.7
148.3,70.4
147.0,53.7
156.2,70.6
173.9,52.8
147.3,34.4
171.6,72.5
170.8,63.6
187.2,63.7
176.5,89.9
169.0,67.3
180.0,81.8
170.9,54.2
159.9,81.5
152.4,48.8
158.7,70.7
164.6,50.8
166.9,63.8
141.5,52.4
162.6,88.1
165.3,53.5
171.0,67.4
182.9,82.5
167.0,40.2
155.0,25.0
145.0,31.3
172.6,80.0
155.4,78.9
174.5,53.2
180.4,53.3
148.0,71.2
171.1,55.9
179.2,65.1
176.2,90.2
141.9,63.7
155.6,67.3
150.9,25.0
170.8,45.3
169.5,80.0
135.3,45.1
161.7,45.9
173.8,61.3
166.6,77.7
166.6,84.0
161.0,56.9
153.4,41.4
164.8,55.6
165.6,80.5
171.8,84.8
172.7,68.5
165.9,52.6
177.0,85.2
160.9,81.3
149.1,27.1
170.2,60.3
166.4,78.2
170.5,65.0
151.1,42.9
184.7,77.8
172.8,71.3
161.8,40.7
154.7,54.0
176.8,74.3
152.9,44.1
189.9,67.6
158.3,47.0
183.9,59.9
163.0,71.2
182.4,58.4
156.9,57.0
165.2,54.4
173.9,55.9
172.3,85.9
177.1,67.0
159.6,46.0
165.9,49.1
178.7,75.4
157.2,66.8
171.3,83.6
162.6,55.6
167.3,58.1
165.9,62.5
156.3,56.3
162.1,46.3
166.6,83.0
163.9,59.4
182.3,81.1
176.1,74.6
168.2,68.3
156.6,38.9
155.9,53.4
186.7,110.9
153.9,75.9
166.3,63.2
169.0,57.3
161.6,25.0
154.0,44.7
156.4,52.6
159.0,50.9
157.2,50.6
179.6,80.3
164.9,44.8
159.2,59.9
166.2,59.1
172.3,52.1
161.2,82.3
174.9,78.5
151.0,38.4
177.9,77.4
164.9,39.0
164.5,49.6
157.4,74.4
151.5,55.8
146.7,51.4
156.6,68.8
171.5,73.8
154.4,48.5
148.0,62.2
155.0,27.5
160.8,46.8
161.2,55.7
163.6,67.1
176.4,63.6
178.7,43.5
187.1,48.1
147.1,46.6
155.6,46.1
172.7,52.0
160.0,40.2
174.5,69.0
167.3,81.1
182.4,75.2
176.5,88.2
176.7,63.1
160.5,63.3
163.9,79.4
161.6,55.1
148.4,48.9
181.2,66.6
173.2,74.9
161.2,70.7
179.4,76.0
158.1,51.5
144.8,25.0
176.1,67.5
150.9,47.2
162.8,61.9
167.3,63.3
169.2,86.6
174.3,56.4
171.4,41.0
171.0,47.2
156.3,44.2
168.2,78.5
148.4,29.0
182.2,55.6
149.6,55.4
161.2,69.9
150.5,26.6
157.0,27.6
165.1,48.2
159.2,65.6
177.6,71.5
167.5,50.5
159.9,67.3
163.5,60.7
178.4,68.4
175.0,43.2
152.5,39.6
157.5,83.9
170.2,58.7
168.9,48.4
153.4,46.1
173.2,67.8
155.2,66.2
179.3,80.1
170.8,54.0
152.5,70.3
159.2,68.0
159.0,48.9
166.8,59.3
162.8,67.3
152.4,67.2
149.7,26.5
171.0,65.4
168.1,61.7
166.2,52.2
168.0,53.4
158.2,70.9
167.0,69.4
192.9,113.5
177.9,61.1
161.8,59.7
159.2,60.4
133.5,52.7
176.8,89.1
173.7,67.7
159.0,39.2
149.3,38.3
152.3,53.2
169.9,80.3
164.0,37.5
172.6,48.0
166.0,71.9
175.6,48.5
169.1,46.0
174.1,83.7
142.0,41.0
151.4,46.0
161.0,77.5
176.9,52.9
185.7,56.9
163.2,83.0
158.3,58.6
143.5,55.5
174.5,62.3
158.9,54.0
197.5,75.3
156.9,58.9
188.2,90.4
173.2,69.0
153.7,67.9
167.6,71.7
173.5,50.5
162.5,55.9
174.2,60.0
174.0,77.9
171.6,71.7
164.8,61.7
152.1,66.1
164.2,31.3
166.9,52.3
144.4,38.1
166.9,65.0
163.9,67.4
150.7,50.0
161.3,37.5
161.6,63.5
186.2,78.2
167.4,39.6
176.4,64.0
163.7,64.6
144.4,70.7
172.4,49.0
157.8,66.6
161.3,41.1
153.4,32.7
165.8,42.3
176.7,77.8
175.3,69.5
182.4,68.5
184.0,81.4
142.5,45.3
151.9,52.4
145.1,41.8
172.0,49.6
157.4,79.9
159.6,77.1
162.6,82.0
169.2,54.9
148.7,38.4
151.2,44.0
165.0,76.0
178.2,69.8
164.7,51.5
156.3,59.2
141.4,32.9
175.5,47.4
156.9,56.1
152.4,43.3
146.1,46.8
149.2,25.0
154.4,39.1
162.4,57.3
151.7,27.9
167.0,39.2
162.3,58.5
189.4,89.5
146.3,33.7
166.8,57.3
166.9,57.7
153.7,28.5
166.0,78.4
173.5,63.5
166.1,58.1
180.2,77.1
141.0,25.0
155.7,67.2
181.2,88.0
175.0,69.5
170.9,71.2
178.6,65.3
143.9,58.5
173.8,54.1
176.7,68.2
157.8,55.2
193.9,82.2
167.2,77.5
140.9,76.5
169.2,61.3
157.1,61.3
177.8,57.5
171.0,79.8
158.4,47.5
181.5,119.7
175.3,42.6
155.9,85.7
163.3,73.6
170.7,47.3
161.0,91.8
161.3,43.3
165.4,55.5
153.3,32.2
140.4,41.2
167.6,61.0
143.1,57.5
154.1,88.8
145.5,38.9
146.9,25.0
169.7,73.1
162.6,49.9
162.2,85.1
150.5,49.3
157.8,43.4
169.1,47.7
164.4,68.8
174.0,62.5
175.6,89.9
162.2,54.7
144.6,67.2
156.7,33.3
163.9,33.0
156.5,66.3
153.4,44.8
165.8,56.5
191.7,65.7
159.6,39.8
165.0,69.4
150.6,49.6
178.7,54.3
174.6,78.9
173.9,84.1
180.0,69.6
160.3,71.6
161.7,42.5
183.8,83.0
172.0,67.5
140.6,31.6
170.0,94.4
158.6,58.8
174.9,58.4
169.5,63.5
145.9,33.8
168.0,44.7
167.3,54.8
169.0,57.1
171.3,52.5
181.5,91.2
169.6,51.8
165.3,46.1
177.6,51.6
189.7,59.9
175.1,82.8
167.3,65.4
169.8,73.8
167.8,77.2
165.2,55.0
188.8,100.5
156.8,44.7
177.7,53.0
163.6,64.5
148.7,50.8
162.9,60.5
159.0,70.8
171.4,66.2
166.0,65.3
153.8,72.4
181.2,76.2
177.0,76.3
182.4,52.0
167.6,117.6
164.6,35.7
172.7,57.6
158.6,46.8
166.4,92.6
163.1,49.5
148.9,55.4
166.4,52.5
160.1,40.8
162.3,66.5
169.0,52.1
179.0,73.6
155.7,62.7
161.3,85.8
156.6,35.0
155.9,51.2
158.5,53.6
162.8,58.4
171.4,103.2
168.5,59.9
153.4,25.0
179.2,67.7
175.4,65.9
155.1,49.3
178.5,59.3
168.6,42.7
163.3,91.0
168.9,67.6
164.7,56.8
171.0,96.2
167.1,48.4
161.3,66.3
142.7,26.1
170.8,75.4
160.9,39.9
173.6,73.3
170.3,93.1
161.2,58.6
176.3,35.5
167.3,62.1
166.8,68.4
163.5,72.3
183.5,96.2
157.2,77.2
161.5,55.4
151.4,40.5
173.0,49.1
158.6,47.2
159.8,63.3
159.3,35.6
165.7,46.5
151.2,58.8
140.3,33.6
170.0,69.2
141.8,32.0
174.4,71.2
182.1,61.4
163.2,30.1
179.3,85.1
164.7,49.3
182.6,69.6
160.0,45.9
139.0,50.7
164.1,64.3
183.8,82.4
170.9,56.0
159.3,55.1
168.6,68.8
175.7,91.1
164.1,63.8
193.9,67.7
159.3,59.9
176.0,65.7
173.4,36.2
157.3,26.8
160.3,55.6
176.2,68.6
166.6,56.6
168.7,75.9
147.0,33.5
172.2,44.5
168.2,49.8
164.3,50.2
169.0,61.9
160.5,44.7
158.5,25.0
162.3,25.0
159.9,58.1
189.0,61.6
175.0,37.3
154.3,61.8
187.4,100.4
160.2,55.1
165.3,64.2
174.9,71.4
143.3,25.0
162.4,71.3
158.7,74.0
167.3,89.1
169.1,56.3
164.2,42.3
163.6,79.3
176.7,76.2
168.3,75.4
165.5,50.5
166.6,65.2
185.2,59.7
166.9,61.2
159.3,50.6
144.0,80.8
149.2,57.2
159.9,25.0
163.8,59.0
158.9,61.1
168.9,55.6
158.7,38.9
154.9,62.7
171.7,50.5
180.1,80.0
152.8,35.7
167.7,53.8
144.0,60.0
148.8,56.0
158.5,55.8
177.5,68.9
156.4,55.2
156.0,41.7
165.4,37.4
165.4,68.7
156.4,76.7
186.8,85.9
162.1,61.6
166.2,42.7
160.6,69.9
169.8,70.7
178.6,81.6
183.3,89.4
156.6,77.8
177.1,52.3
171.0,45.0
175.7,70.2
164.0,45.3
162.9,42.0
175.3,85.9
175.5,52.6
182.2,72.9
167.2,37.0
163.8,60.0
137.9,59.6
147.3,65.9
160.7,72.5
152.9,50.2
174.0,83.2
150.6,56.3
159.5,49.4
159.9,62.0
178.3,83.2
158.3,35.2
170.0,47.7
167.2,59.3
174.9,49.0
174.4,48.3
164.6,53.3
146.3,62.0
162.5,72.7
164.8,64.6
168.1,64.9
156.9,85.5
177.5,61.3
165.1,63.6
154.9,43.9
160.0,37.0
186.2,94.1
172.3,60.7
176.5,79.0
153.5,48.2
157.4,73.2
157.5,39.6
167.0,78.8
163.1,71.9
159.6,29.1
161.0,49.3
156.3,69.0
163.0,83.0
177.2,79.8
148.4,42.5
168.8,48.2
180.2,79.9
163.0,52.1
159.2,50.0
175.2,64.1
154.2,65.5
164.8,86.8
153.6,67.3
144.4,46.0
163.3,45.2
151.1,60.2
164.9,84.8
177.3,84.2
185.4,78.7
166.0,53.3
176.2,73.5
169.4,80.4
160.8,60.4
143.8,44.0
182.9,63.3
153.5,90.7
180.2,58.1
170.9,49.5
154.3,54.8
168.4,59.4
188.5,93.5
181.9,88.6
159.4,37.7
157.2,43.0
166.1,47.6
163.2,70.3
178.2,76.3
173.1,60.4
146.4,50.4
170.0,46.7
163.0,47.3
165.4,40.7
167.7,64.1
178.2,72.0
175.8,53.2
156.8,60.4
164.4,75.3
160.1,40.9
146.5,42.3
163.8,66.7
185.3,75.4
146.2,26.4
164.7,53.1
164.4,52.3
168.2,59.7
154.4,50.5
149.3,72.5
149.8,46.3
179.6,45.2
154.2,53.7
159.5,82.2
188.2,75.4
156.9,47.6
168.8,58.1
176.7,77.5
176.2,63.6
150.4,27.0
157.2,44.3
168.3,61.4
186.2,84.3
156.6,45.2
159.6,51.6
169.6,64.0
171.8,53.3
172.5,64.1
155.7,60.3
159.1,37.9
167.4,66.2
178.9,54.0
162.4,42.0
164.8,49.8
153.7,72.5
185.5,50.0
166.7,54.2
176.9,68.4
165.3,77.6
165.9,89.8
148.5,42.2
141.3,52.0
178.8,68.9
165.9,59.0
167.3,65.7
151.3,26.6
155.1,52.2
176.7,75.4
184.1,61.7
158.2,61.9
172.4,39.5
167.1,62.8
163.7,79.1
185.4,72.3
160.0,41.7
178.6,48.8
169.2,68.8
164.8,73.7
180.1,70.5
168.2,55.3
163.9,30.2
180.2,73.3
178.7,59.9
178.2,60.4
122.2,57.1
169.8,36.4
167.3,36.6
164.6,63.1
171.7,59.1
167.9,54.2
172.5,69.5
162.1,61.6
181.5,57.9
173.6,57.4
171.0,65.0
170.4,66.4
177.7,76.7
176.2,59.6
163.8,64.2
175.9,82.3
166.9,62.0
186.1,74.6
177.1,65.4
158.1,45.7
190.6,65.9
141.9,39.8
172.0,71.9
157.3,41.1
185.7,74.7
167.8,59.1
156.3,80.4
162.1,68.6
157.1,64.9
161.6,71.3
161.4,49.1
156.7,74.7
168.0,64.5
169.3,62.4
154.0,34.0
146.8,41.4
168.4,35.9
170.9,60.5
173.0,57.2
171.1,58.4
182.3,52.3
176.0,78.7
194.5,92.1
199.1,112.6
145.7,71.6
140.8,46.0
164.9,75.2
170.5,67.9
164.2,52.9
172.7,61.5
162.0,67.3
157.4,115.8
159.0,73.1
162.8,62.0
174.3,74.1
159.6,63.2
161.8,56.3
171.3,75.9
162.8,56.0
177.3,54.0
154.9,60.0
152.5,60.4
168.4,60.2
169.4,67.8
155.5,67.6
179.8,70.3
186.2,69.5
158.1,44.3
181.4,68.6
138.8,65.4
176.8,65.8
155.6,58.6
175.7,63.1
154.4,46.3
164.2,46.2
156.1,55.1
162.6,50.4
185.1,94.5
163.8,57.4
188.2,77.3
160.8,54.2
181.4,78.0
147.1,70.0
161.8,42.0
159.1,59.9
181.9,49.3
167.0,79.7
142.0,42.8
150.6,27.5
153.9,32.9
175.3,79.8
173.9,41.5
161.7,61.7
159.0,49.2
172.9,62.8
152.6,41.1
170.0,49.3
169.1,55.6
162.0,66.3
169.4,58.7
166.1,67.0
170.5,60.3
150.3,58.9
171.8,71.1
176.3,60.3
168.5,48.2
171.6,79.1
163.8,46.8
174.8,74.7
165.7,60.9
152.4,44.1
174.0,73.1
147.0,68.1
168.1,71.6
160.8,58.8
160.1,80.7
166.9,36.2
157.2,37.7
170.6,57.1
165.6,81.6
158.2,69.2
179.7,45.3
167.3,55.0
171.9,45.2
180.6,71.1
180.4,85.1
171.4,79.2
161.7,61.5
149.3,42.6
167.3,60.1
177.0,79.2
168.9,98.0
127.1,25.0
174.6,90.9
175.2,71.2
161.7,69.8
175.9,70.8
171.9,86.1
157.5,59.5
179.0,60.7
151.1,57.0
164.4,76.3
163.3,58.7
155.9,25.0
168.3,60.6
179.4,72.3
178.7,69.6
173.0,58.4
146.3,67.0
150.3,25.0
166.8,62.6
164.6,61.2
159.5,87.4
186.0,75.9
166.2,67.4
171.0,66.2
175.9,69.5
165.6,86.8
193.5,65.7
154.7,42.6
158.3,66.5
154.6,56.5
182.2,68.8
173.8,65.4
159.0,69.3
155.5,60.5
180.2,60.8
169.0,66.4
180.5,70.9
164.3,66.5
170.6,59.2
168.3,44.2
158.1,65.1
163.4,67.0
152.0,72.0
170.4,44.2
173.4,65.1
175.9,64.6
172.3,59.4
163.6,35.8
182.1,56.9
174.8,71.3
180.3,64.0
181.0,59.6
163.6,80.4
169.3,98.6
173.5,65.4
152.4,28.5
152.6,57.2
150.7,25.0
163.8,38.8
161.3,63.5
149.2,28.2
166.6,56.7
163.9,36.9
178.0,70.6
187.1,93.9
170.0,54.4
157.3,54.2
172.1,52.9
165.1,48.8
162.4,45.5
155.5,65.0
159.9,35.0
163.0,53.5
173.8,72.6
170.6,77.7
185.1,82.0
172.4,64.3
169.7,54.8
161.6,71.4
153.6,38.9
158.7,42.6
157.3,74.7
136.8,46.6
153.9,58.0
182.6,82.4
169.1,61.5
160.9,35.4
169.4,66.9
143.5,45.0
168.1,49.3
179.1,54.2
163.7,58.2
145.5,26.2
160.4,54.5
179.1,66.6
167.8,60.2
149.4,55.1
191.0,89.6
151.2,39.6
162.3,71.0
153.6,48.6
153.6,78.2
160.0,47.6
172.0,40.9
179.2,83.1
160.8,63.2
153.9,70.1
170.3,68.4
170.6,99.1
167.6,59.0
168.0,77.8
163.8,51.1
166.1,68.1
163.0,68.6
176.8,81.2
189.5,90.7
167.0,25.0
164.9,58.8
167.8,53.3
157.8,49.1
173.4,61.9
169.9,78.1
160.4,59.6
174.9,59.7
165.2,38.0
154.3,75.4
168.9,53.0
167.6,59.8
175.6,99.9
174.1,57.4
163.8,54.9
159.8,59.7
165.0,35.8
169.0,37.0
170.3,56.6
168.3,55.6
164.0,61.2
176.0,53.5
157.6,61.1
192.3,49.0
173.4,65.1
152.6,56.6
167.0,66.3
173.5,63.8
161.2,47.2
148.6,45.7
153.6,70.4
171.0,55.3
145.7,61.4
149.1,65.9
170.9,38.2
162.6,56.2
157.3,39.8
159.6,33.5
148.8,60.6
170.3,70.9
156.1,57.6
159.1,39.4
168.8,65.9
162.2,38.2
157.2,55.6
143.1,35.1
169.0,78.6
165.9,55.1
159.3,59.3
153.6,55.4
165.1,58.9
170.3,65.4
166.1,65.2
183.0,60.2
172.8,71.7
163.8,72.0
173.1,71.9
165.5,55.0
165.5,62.9
179.3,65.2
155.1,51.2
165.3,42.3
178.1,90.5
168.4,91.4
160.9,46.4
146.2,58.8
140.0,65.0
187.8,63.3
168.4,30.0
158.6,78.1
168.8,62.6
154.6,44.8
161.4,58.0
154.6,47.1
149.5,93.5
141.8,36.3
147.4,52.7
176.2,87.7
154.1,71.6
170.9,80.7
175.5,61.4
165.2,57.7
161.7,25.0
166.5,59.8
160.4,57.1
178.2,81.0
185.6,102.8
180.9,82.7
141.3,60.0
160.2,56.2
165.0,79.2
170.1,63.8
146.0,64.0
145.8,58.8
179.4,76.7
158.8,32.4
148.6,65.0
152.9,57.1
169.3,73.6
156.0,58.2
167.7,69.1
154.2,71.8
145.8,39.7
180.7,78.8
169.4,51.5
161.3,65.9
159.3,59.6
181.1,62.7
171.5,66.1
177.6,60.9
158.6,49.7
165.6,65.6
169.4,67.2
158.9,26.8
163.9,64.7
158.6,50.8
169.4,56.9
150.5,32.9
171.3,63.9
168.4,54.6
162.8,77.4
169.9,37.3
161.0,42.6
157.6,39.2
171.0,68.2
171.5,82.3
159.4,63.5
158.5,38.8
163.0,52.0
158.9,43.4
181.8,80.3
168.5,55.7
165.2,38.8
154.7,61.4
173.1,84.9
158.3,52.4
157.8,56.6
173.5,43.6
169.3,32.1
137.5,25.0
163.3,58.0
166.4,56.3
161.3,65.4
166.8,58.2
145.1,61.1
133.9,52.5
154.3,47.5
168.1,47.1
129.5,25.0
155.7,74.9
143.8,31.4
162.3,35.5
186.5,78.5
162.6,35.9
163.8,61.0
174.2,61.7
165.2,73.9
162.6,70.7
175.2,84.1
170.2,66.8
168.2,49.3
163.5,43.2
161.2,49.2
175.1,97.4
161.3,53.5
178.5,72.5
153.5,74.6
180.8,75.7
170.2,52.5
154.3,63.4
170.6,57.6
157.8,59.2
165.4,67.8
159.6,48.7
163.5,61.6
175.4,91.6
170.7,54.7
152.6,71.0
153.3,42.8
168.0,89.1
168.8,49.8
157.6,48.7
182.5,95.9
173.9,89.9
158.1,67.3
157.1,38.0
162.5,59.3
161.3,57.3
178.8,57.5
175.8,78.5
165.4,48.5
172.5,46.1
174.1,42.3
165.6,86.0
169.4,55.5
171.5,57.4
170.4,48.4
156.4,74.4
157.5,33.9
161.8,39.6
157.2,49.6
148.8,48.4
172.4,75.3
168.8,52.6
150.3,72.8
162.3,48.0
163.0,43.3
167.0,44.8
153.1,40.0
150.1,32.0
170.7,75.4
148.1,33.3
162.4,56.1
161.4,41.9
163.6,41.3
167.8,78.5
182.6,97.4
147.4,66.8
174.6,45.0
137.4,25.0
180.3,101.2
142.5,40.9
191.8,60.3
160.7,73.1
179.2,71.7
176.9,77.4
160.2,25.0
161.0,52.2
155.8,67.6
173.7,56.7
160.3,75.1
156.0,33.8
170.9,62.6
155.1,77.6
161.4,40.0
166.2,64.8
157.9,63.7
159.6,57.4
181.9,69.0
162.8,45.1
161.0,60.0
163.1,57.0
170.0,42.0
153.6,68.4
169.7,49.7
167.8,40.8
145.3,37.5
184.7,61.7
181.1,68.3
156.2,35.0
152.7,58.0
167.5,82.4
149.3,50.6
180.0,49.6
159.8,42.5
182.8,76.9
155.9,25.0
163.8,40.5
178.9,45.7
161.4,59.1
168.0,94.5
177.0,50.0
158.9,67.8
151.1,41.8
149.0,29.0
171.4,88.1
169.3,95.4
176.7,74.9
162.0,63.2
149.3,49.9
139.1,40.4
196.5,90.1
170.8,74.3
166.5,85.9
168.1,54.3
149.3,50.9
156.3,52.4
184.2,90.0
172.2,101.3
156.6,69.8
151.5,62.5
159.3,69.5
161.5,76.4
187.5,113.6
162.9,33.1
151.9,59.8
164.4,25.0
167.9,76.3
150.9,58.4
169.4,54.9
178.3,29.9
166.5,60.8
156.2,57.0
159.2,54.8
146.8,38.1
163.5,45.4
168.4,61.6
155.1,40.9
186.3,88.5
173.7,65.2
145.3,25.0
145.5,49.2
154.2,58.5
182.3,97.4
174.8,81.1
182.9,60.1
165.1,81.4
162.7,37.4
151.3,50.8
168.8,74.0
162.8,80.2
162.4,86.4
182.8,92.6
163.6,56.8
179.6,79.7
147.5,51.3
194.6,72.6
160.9,55.2
172.8,92.6
174.5,76.7
159.5,86.9
174.0,50.4
174.6,61.3
157.2,60.6
157.3,65.6
165.5,58.5
163.7,71.0
180.3,83.4
172.7,44.8
164.2,70.6
171.7,80.9
142.5,49.1
158.2,27.5
168.2,58.1
177.3,75.7
167.2,48.5
181.0,85.9
174.5,78.0
159.6,58.1
163.5,59.0
169.5,66.1
160.1,56.3
181.8,53.5
152.8,44.9
168.5,63.5
173.1,87.2
161.6,67.8
159.1,77.8
164.2,38.2
173.9,61.2
159.5,87.1
153.2,40.5
177.7,58.0
169.4,59.0
176.1,98.5
173.4,56.0
189.0,86.9
177.3,75.0
157.0,25.3
170.2,63.5
158.9,47.2
160.0,66.5
149.5,75.2
161.9,52.5
171.0,59.2
164.3,97.1
152.9,40.8
148.2,28.2
188.2,98.6
168.6,61.8
155.9,57.7
170.1,97.1
189.1,57.6
171.8,62.0
134.3,25.0
194.2,88.0
144.7,37.7
162.7,40.7
152.5,62.2
156.9,54.3
168.1,43.4
142.2,26.6
164.0,62.3
177.6,44.3
155.7,56.8
149.7,69.4
163.5,68.8
161.3,47.9
158.5,59.4
151.9,32.0
170.7,66.2
171.5,59.8
153.3,36.1
154.8,62.1
166.5,31.3
154.4,34.6
167.0,45.3
181.1,64.6
164.3,78.9
151.7,61.9
169.3,64.6
163.0,59.4
163.3,58.5
170.2,84.3
172.6,38.3
165.4,71.8
164.3,51.8
187.7,85.1
178.2,77.5
174.2,77.7
166.4,84.7
153.9,31.6
177.4,84.3
166.6,60.1
158.7,48.5
162.3,88.5
154.4,63.0
176.6,62.4
172.5,79.8
167.0,60.7
164.5,53.1
157.5,45.5
141.6,48.7
149.5,39.9
156.8,56.4
155.2,66.3
168.2,63.9
173.9,96.2
163.6,59.1
180.5,91.9
156.4,68.5
163.5,81.7
164.4,89.1
177.0,42.5
166.2,64.7
166.5,59.3
146.8,49.1
155.1,47.0
177.1,60.8
142.2,28.0
179.8,72.6
170.5,78.0
156.8,46.7
155.8,48.5
185.9,65.5
180.5,56.8
163.7,55.4
166.5,66.1
157.9,73.7
166.5,43.1
157.6,54.2
164.1,76.9
184.9,57.5
163.9,78.1
153.5,45.2
150.0,60.2
166.4,57.6
156.6,60.9
167.7,86.0
147.2,45.8
172.6,80.5
153.3,55.8
165.5,48.5
161.3,55.0
183.9,71.3
166.9,40.1
186.4,83.3
171.2,74.3
180.7,84.0
162.7,79.7
168.8,77.0
178.4,61.0
175.0,61.5
170.8,76.8
161.4,63.2
163.3,58.4
177.5,56.2
179.8,63.2
158.5,64.0
156.8,25.0
155.1,25.0
174.1,77.1
154.8,44.7
174.0,73.6
171.0,88.0
159.0,40.4
182.2,48.0
148.9,44.6
183.3,63.6
168.5,62.1
142.2,52.6
182.5,78.2
175.7,68.6
160.3,72.4
154.4,62.5
147.7,45.3
191.6,90.3
154.8,29.6
151.1,66.2
167.9,62.4
147.0,29.5
154.2,46.1
175.9,83.7
170.1,52.1
160.7,63.0
165.2,73.2
160.1,56.8
164.3,46.4
156.6,53.0
158.6,34.2
158.3,47.8
157.0,37.6
176.5,67.8
173.5,47.2
154.7,53.9
151.9,67.7
163.3,76.6
188.7,59.7
153.7,42.0
163.2,71.4
166.0,71.2
163.8,49.8
160.0,49.0
177.7,70.7
170.0,36.1
174.3,74.7
171.5,80.9
174.8,61.4
182.4,51.9
179.6,92.2
190.6,83.2
178.4,80.6
157.6,34.9
174.3,47.1
172.8,71.9
186.1,91.6
154.4,35.5
171.1,62.9
157.5,30.8
170.6,53.5
162.6,54.3
170.3,71.1
149.5,25.0
173.7,86.2
167.3,59.0
166.7,80.5
186.5,87.0
160.8,69.7
168.8,93.0
166.1,49.0
167.2,63.5
189.4,64.1
165.7,58.9
158.8,66.3
185.6,92.7
161.6,51.7
147.3,29.7
156.9,55.2
151.3,37.6
145.2,37.7
161.0,67.1
164.2,66.6
178.0,82.2
171.9,60.0
171.4,79.8
155.2,53.2
174.7,62.9
180.3,55.0
169.3,31.7
169.6,39.9
151.1,53.5
176.6,55.0
184.6,50.3
168.6,56.2
158.5,59.4
163.2,64.8
160.4,56.2
161.0,56.1
172.1,57.1
168.1,71.7
176.0,65.5
169.1,61.7
155.5,68.8
159.5,67.8
158.8,52.7
162.9,53.5
184.7,70.1
186.5,46.2
174.2,83.2
166.3,50.6
150.0,62.3
167.4,62.3
156.3,74.6
182.9,81.6
147.3,61.4
169.2,54.1
155.4,33.8
164.9,62.0
172.3,36.6
176.2,61.3
164.3,41.6
173.4,53.5
157.7,63.7
167.7,69.8
176.0,65.7
168.7,67.4
159.2,47.6
161.9,94.1
176.2,72.8
153.0,42.6
154.6,65.7
171.6,83.4
160.2,44.8
149.0,27.6
179.9,52.9
152.9,41.4
162.8,57.5
158.2,30.6
161.7,51.3
155.3,49.9
172.9,70.6
166.2,70.0
175.8,74.0
158.3,82.0
188.5,94.6
144.0,49.0
147.6,33.3
184.3,64.6
170.2,42.3
168.8,65.0
169.7,68.4
171.3,77.9
168.3,66.3
154.4,68.2
174.0,82.7
172.3,49.9
180.7,64.1
184.4,74.6
168.6,52.0
151.5,46.8
184.5,79.4
153.8,50.2
168.7,62.6
162.2,43.7
160.3,64.1
173.4,72.7
167.7,50.4
170.6,44.7
156.0,72.0
163.1,84.7
156.5,57.4
162.8,52.9
163.7,74.6
185.3,82.6
162.1,54.7
141.6,58.6
180.3,59.4
169.9,53.2
163.6,64.3
160.2,58.2
154.6,62.1
186.3,94.3
165.6,37.0
145.9,47.4
168.6,91.1
178.3,61.0
166.7,50.4
155.1,25.0
154.1,53.8
154.9,61.5
181.7,81.3
164.2,43.8
146.5,47.1
169.2,66.3
166.6,61.8
160.1,39.9
153.8,53.2
153.3,39.5
177.0,40.8
167.7,72.1
170.3,65.9
167.7,70.7
168.6,54.5
159.8,65.6
162.7,73.6
177.8,95.9
180.6,83.9
151.6,56.3
162.7,37.5
174.2,65.2
185.7,54.5
184.6,62.7
156.2,83.0
179.0,55.2
165.6,25.2
176.5,80.7
173.7,56.3
151.1,61.7
171.0,46.8
176.1,61.8
164.8,77.7
162.3,38.1
147.7,45.5
172.5,69.8
167.3,50.8
154.9,56.4
161.4,57.6
166.7,69.2
158.9,83.1
165.0,100.0
145.8,53.7
179.8,69.5
165.2,66.6
152.9,48.0
137.9,25.0
176.3,67.7
171.1,80.7
167.3,39.6
174.5,52.2
174.5,58.2
167.1,67.0
162.2,93.5
160.4,44.5
169.6,64.7
180.4,71.7
163.9,54.6
181.2,71.6
169.1,55.9
169.2,104.1
191.5,91.9
183.2,67.0
183.5,91.8
156.2,57.5
189.1,79.6
164.1,56.5
162.5,54.3
141.2,25.6
168.6,37.4
153.1,57.1
169.5,60.3
152.2,64.1
184.8,61.8
171.1,47.9
190.1,91.1
153.7,47.6
182.0,85.7
145.2,46.9
167.3,89.7
158.1,66.3
160.1,62.5
159.3,67.8
154.9,48.7
151.1,25.6
160.1,61.8
166.3,89.9
177.8,35.2
168.2,69.3
177.8,46.5
148.7,48.3
160.2,57.7
172.8,76.9
168.8,65.8
155.5,73.8
175.3,85.1
159.2,52.8
156.4,70.3
170.4,59.2
165.1,52.7
159.2,37.7
158.9,75.2
153.2,47.2
160.6,25.0
177.1,77.1
167.7,55.4
175.5,63.3
170.7,60.6
158.3,50.1
146.9,88.4
154.8,77.7
157.6,65.1
156.8,57.7
175.8,84.9
175.7,71.6
189.3,91.1
156.6,62.3
182.6,75.3
182.5,87.4
162.4,51.8
170.2,64.6
178.6,55.5
164.4,46.5
163.5,25.0
158.1,61.8
139.0,53.5
165.8,76.7
157.2,37.8
153.2,58.2
169.6,63.3
149.0,59.9
173.9,56.7
170.3,58.8
160.6,33.4
164.3,48.6
151.9,50.8
173.3,68.6
167.1,36.1
167.9,54.3
170.5,66.4
157.9,76.0
148.3,35.7
175.5,75.1
172.6,57.1
159.1,49.0
169.5,50.0
178.8,54.7
177.5,62.2
158.8,71.2
148.6,37.3
150.5,36.2
161.6,60.6
181.1,72.2
157.0,53.2
158.4,59.0
158.2,39.9
159.2,42.2
164.9,74.6
150.9,47.9
176.9,77.8
163.4,77.1
192.3,94.0
152.1,30.3
182.5,71.5
180.3,87.1
160.5,64.5
160.7,59.5
154.9,28.2
155.0,43.6
165.0,60.9
165.2,38.7
147.4,59.7
190.2,77.8
162.1,28.1
165.7,51.9
158.1,50.7
162.1,55.8
161.1,78.4
165.0,68.5
164.8,39.3
173.9,44.2
167.5,57.7
172.7,67.5
164.9,74.7
167.5,87.7
162.3,84.7
176.0,61.5
168.5,76.5
163.3,65.0
162.9,42.0
163.8,30.7
165.3,62.3
164.4,37.0
158.9,42.7
173.4,55.9
174.1,70.0
184.6,94.2
158.4,55.4
172.3,57.3
144.0,25.0
174.1,73.6
149.0,49.3
154.2,44.0
168.7,80.1
158.2,37.2
156.7,43.7
159.7,52.4
173.0,57.4
154.7,60.9
164.4,66.4
160.8,72.7
174.0,74.2
174.3,65.1
144.8,41.0
176.5,75.4
158.3,52.3
167.6,62.5
154.7,60.3
169.1,65.0
193.1,86.6
166.4,49.1
159.9,76.5
162.4,41.5
148.8,55.3
180.9,64.7
168.4,78.7
153.5,65.1
153.8,52.0
165.2,83.3
175.3,64.8
152.3,64.3
177.2,58.2
164.0,65.2
154.8,38.7
159.9,56.5
184.2,73.9
149.7,62.5
156.9,44.1
175.5,113.8
167.4,40.9
156.3,57.2
175.6,72.2
176.1,76.3
168.6,54.8
158.3,58.7
160.0,47.8
168.1,90.3
150.6,40.3
179.6,68.7
183.7,64.3
162.4,46.0
168.9,41.8
178.0,79.8
186.5,66.4
182.1,61.0
145.9,32.4
161.5,62.0
170.5,64.3
159.6,56.4
184.6,63.6
182.9,80.1
156.0,43.6
163.2,59.7
156.8,52.0
162.9,33.0
162.5,88.5
175.5,76.4
155.2,55.7
136.2,45.9
147.4,78.6
153.7,69.0
157.8,60.0
167.1,50.8
153.1,43.3
151.7,25.0
154.8,47.2
152.7,61.2
158.9,65.1
158.4,64.5
172.6,57.8
154.1,60.5
161.1,69.4
159.0,25.0
173.9,71.1
163.3,89.9
176.6,64.2
152.3,25.0
164.5,47.3
158.7,28.2
151.5,41.0
164.3,41.0
184.1,88.5
155.6,65.0
163.6,64.0
150.6,68.3
148.9,40.3
156.3,54.9
160.1,89.3
160.5,65.5
162.5,66.8
146.9,35.9
158.1,48.8
170.5,48.9
150.1,74.8
161.1,33.7
168.2,76.0
156.4,62.5
168.8,38.6
148.3,65.5
174.8,63.3
169.0,43.0
165.6,65.8
177.4,56.9
161.4,54.2
158.2,47.5
180.1,58.2
185.2,57.7
157.4,66.4
163.7,63.9
176.5,72.4
164.1,53.8
171.5,65.5
173.6,55.2
158.8,44.2
169.6,88.9
164.9,73.1
151.6,42.1
154.1,29.8
157.8,29.3
175.2,58.0
175.6,69.4
173.2,67.8
169.8,65.7
169.5,68.3
168.1,46.6
169.5,85.8
170.2,60.8
149.6,53.6
156.3,43.9
153.7,56.6
177.2,100.2
183.2,59.0
141.1,27.1
182.2,60.1
166.0,55.6
176.1,60.4
170.6,48.4
180.8,71.2
167.3,85.0
150.0,47.3
163.8,57.6
170.7,69.2
162.6,67.9
172.2,85.9
164.3,63.0
158.4,55.2
153.1,36.7
160.7,67.9
167.3,48.9
143.4,32.1
156.4,56.7
143.0,68.1
158.2,66.0
178.2,69.3
152.0,36.1
172.7,88.5
196.3,84.0
181.0,67.7
166.5,69.3
174.4,60.2
149.9,38.2
147.7,38.1
165.3,50.2
169.4,46.2
177.0,50.4
158.7,70.0
167.1,71.5
166.8,48.8
163.6,72.2
164.2,64.0
155.6,48.4
168.1,43.8
167.1,66.6
160.2,84.4
172.3,65.5
176.3,83.4
172.5,62.3
153.5,65.7
166.1,58.4
155.0,25.0
166.1,49.8
155.0,54.9
179.0,86.8
173.6,64.0
177.7,69.9
176.6,59.8
162.0,81.2
160.3,79.1
184.2,64.5
163.2,35.8
150.1,25.0
176.1,77.3
166.6,63.1
181.6,60.8
167.7,65.9
164.8,41.3
181.8,84.6
148.1,42.5
158.6,39.1
155.2,47.5
140.9,37.6
174.6,72.5
158.9,73.0
175.0,84.1
169.3,65.4
171.7,62.0
160.0,47.8
156.6,27.4
166.0,60.3
175.1,54.7
164.4,77.8
157.3,51.4
151.8,61.9
167.2,54.3
158.9,45.4
164.2,68.4
162.4,62.2
160.1,61.2
168.2,60.9
171.1,76.2
186.6,86.3
173.3,33.4
182.5,69.4
156.0,68.8
147.4,32.5
164.8,34.4
174.4,64.9
172.7,73.4
178.3,63.1
137.1,60.7
178.8,98.0
168.7,33.7
148.0,42.4
173.0,31.6
166.9,71.2
169.2,52.8
176.0,61.0
169.7,80.6
148.8,28.8
163.4,35.1
147.2,25.0
172.1,84.2
180.4,87.2
151.3,46.0
157.6,35.5
155.3,65.6
160.0,97.6
169.5,59.7
160.1,38.4
172.2,83.8
176.7,51.7
177.1,63.5
152.7,25.0
180.2,66.9
181.1,53.0
182.1,91.8
163.3,44.0
156.7,65.7
154.2,50.7
152.9,53.3
165.1,67.8
174.3,66.1
179.4,61.1
159.7,43.9
164.6,67.2
163.9,30.5
158.0,80.1
173.1,67.9
169.0,57.8
166.6,65.0
168.9,53.9
171.8,62.2
171.7,47.9
155.8,59.0
174.9,66.1
167.8,64.8
160.2,78.7
167.6,49.7
168.8,60.7
176.9,44.1
153.5,60.1
179.6,70.7
165.3,60.3
159.4,53.6
159.1,47.0
154.0,89.6
145.8,47.4
172.5,69.9
186.8,59.7
147.2,60.9
154.5,50.7
173.3,72.7
164.5,73.1
174.2,65.2
163.9,48.9
158.6,25.0
162.5,52.3
138.8,32.1
152.4,34.0
175.4,89.5
178.1,84.5
180.5,44.2
169.8,65.8
140.2,31.0
158.0,60.4
179.6,58.9
182.9,65.5
180.0,85.7
162.4,70.3
150.6,72.6
164.6,56.3
165.2,38.2
182.2,86.9
167.5,75.6
165.2,69.5
165.8,49.3
169.4,47.1
171.9,73.0
157.0,41.0
153.4,47.1
180.1,114.9
146.9,79.4
183.0,85.6
144.0,35.7
158.6,44.5
175.7,78.6
165.0,82.4
150.5,42.2
169.7,56.5
165.7,61.7
162.6,37.3
158.1,34.6
164.6,42.0
158.6,63.5
191.8,85.0
162.4,75.0
160.9,30.9
159.0,32.9
184.5,81.8
147.0,34.4
169.0,50.8
162.4,73.2
149.3,40.8
156.0,47.0
168.5,58.7
155.5,50.3
167.9,72.3
184.0,56.3
166.9,58.4
149.0,66.3
155.7,85.3
161.9,37.3
161.1,62.1
166.7,58.3
168.4,60.9
184.0,62.7
165.0,71.2
152.3,61.6
177.7,107.3
178.9,50.6
167.6,35.5
162.3,88.8
171.8,64.2
162.7,51.4
142.4,47.4
171.2,43.6
174.8,72.9
180.9,70.8
157.0,70.3
167.5,74.6
167.7,76.0
165.9,63.4
166.3,84.9
165.4,68.8
167.3,53.6
173.1,53.8
178.4,59.6
156.7,62.8
163.1,38.6
160.4,58.9
158.8,43.0
147.2,28.9
165.3,43.7
170.3,63.4
163.3,70.1
164.9,49.7
169.6,32.1
180.5,119.0
160.4,73.4
152.1,64.9
164.0,83.6
185.7,77.3
152.2,49.0
172.2,85.5
177.7,89.7
139.0,51.7
169.5,76.5
171.6,46.2
162.1,53.9
157.9,80.4
158.5,67.3
161.4,35.4
161.7,49.5
159.6,79.2
161.2,64.0
178.1,72.5
151.6,53.8
145.8,45.5
178.3,62.1
162.9,45.9
160.7,72.0
163.8,62.6
167.3,72.2
159.2,64.0
170.6,85.1
154.4,59.3
161.7,69.9
140.6,46.0
177.9,55.4
163.1,55.1
172.4,74.2
170.2,73.9
171.0,86.1
164.9,52.9
169.3,66.4
154.4,50.5
152.1,75.3
163.9,64.7
157.5,60.5
180.7,71.3
169.1,59.6
157.1,32.6
162.0,38.8
166.5,63.6
164.3,60.2
168.0,64.9
165.8,74.6
149.7,50.7
141.3,38.7
160.9,53.8
171.2,68.1
161.0,51.3
178.6,86.1
164.5,59.4
179.9,75.0
177.7,57.2
176.6,84.6
151.8,72.3
165.2,39.6
178.5,76.1
168.0,60.5
171.1,68.7
149.7,56.1
186.1,42.7
156.3,65.1
143.1,61.7
161.1,75.5
138.1,27.8
153.1,51.1
193.1,74.0
160.8,28.2
149.3,39.7
165.3,43.8
155.1,58.0
174.5,42.5
155.2,38.3
168.0,54.3
152.4,62.6
193.6,124.1
170.5,68.5
163.4,43.3
161.8,47.4
158.9,65.4
156.6,33.8
156.3,70.2
183.5,78.1
158.9,53.7
141.6,25.0
152.2,64.8
175.2,56.1
162.2,60.2
163.5,56.5
177.9,45.8
156.5,50.4
172.0,46.9
157.7,44.9
171.3,71.1
160.7,67.3
162.3,57.7
174.0,53.4
173.2,56.3
163.2,48.6
159.8,25.0
182.6,74.4
171.5,39.7
160.7,58.0
157.8,32.9
176.3,50.3
166.3,70.8
163.2,59.0
166.3,32.5
168.7,54.2
164.4,63.4
178.2,60.6
178.9,65.2
170.9,67.9
180.1,72.0
165.1,45.1
172.6,65.9
176.0,63.9
176.2,94.2
175.1,65.9
171.9,67.1
186.5,80.4
159.1,50.8
163.3,47.9
162.6,65.1
161.0,64.0
143.1,76.3
180.1,82.5
153.7,63.4
166.9,72.0
149.4,38.7
171.8,46.1
156.4,38.7
152.5,61.5
167.1,82.8
157.3,65.4
158.7,52.9
166.9,86.4
173.8,59.8
156.0,36.3
154.1,56.0
165.3,79.5
170.9,51.6
181.1,46.6
153.2,52.2
161.5,69.0
177.9,25.2
186.7,91.3
154.1,31.7
156.9,65.0
169.2,33.0
158.6,33.2
156.6,63.3
167.7,80.1
182.0,72.8
150.6,85.8
181.5,57.1
158.7,39.9
168.8,58.2
182.5,68.0
168.6,66.8
161.7,46.4
172.9,74.3
163.1,66.7
170.7,88.3
162.7,50.9
174.5,72.0
149.7,58.4
153.9,52.0
149.5,46.0
164.4,28.5
148.2,49.6
157.4,63.4
152.8,50.5
181.3,60.6
154.1,27.1
150.8,56.9
167.7,62.4
183.6,95.0
163.7,37.2
164.6,52.5
179.2,50.8
174.7,82.5
169.7,81.9
158.6,84.2
170.0,71.4
150.0,61.4
158.1,61.6
180.7,80.5
179.3,71.5
169.8,72.7
143.8,77.6
151.7,53.9
157.5,55.0
163.1,61.5
151.2,48.1
162.3,61.6
184.4,72.1
169.4,80.3
167.4,77.3
153.8,84.5
147.0,47.2
151.5,54.8
146.5,50.9
165.8,63.5
169.2,79.9
154.4,28.1
166.6,68.0
181.2,102.1
186.5,97.0
173.5,84.9
163.1,71.1
173.1,57.0
179.9,59.9
142.9,33.8
181.3,55.2
159.0,69.8
159.1,77.7
161.1,63.6
168.5,74.6
152.8,55.8
161.9,66.2
170.8,32.4
167.4,66.4
169.2,56.6
161.4,56.7
172.6,68.9
176.6,57.9
176.0,52.0
169.7,52.2
175.3,45.9
174.6,49.7
194.4,67.9
178.4,48.5
164.0,67.1
155.0,39.3
162.1,29.9
161.4,51.3
170.6,47.4
157.3,76.3
178.1,71.8
149.7,27.3
147.0,56.1
163.5,60.1
155.7,49.8
151.2,73.9
158.0,40.3
156.6,69.5
165.1,53.8
158.2,54.8
159.1,44.4
164.9,49.6
176.2,61.7
181.2,43.7
166.6,66.3
167.5,63.4
163.0,36.0
170.3,73.7
169.3,84.9
179.6,61.0
144.2,34.0
162.4,74.7
168.7,68.7
164.7,57.6
154.7,64.8
150.7,54.1
173.9,87.9
156.7,53.8
145.7,53.1
174.4,83.4
170.0,26.9
163.7,76.0
154.9,45.2
163.8,66.5
178.4,95.0
147.2,43.1
147.8,41.2
158.1,54.2
164.7,37.9
159.5,89.0
172.1,64.5
177.0,93.6
168.1,57.1
171.2,65.0
168.0,76.3
165.1,43.4
150.8,48.5
153.7,65.6
150.1,46.4
163.4,51.5
167.6,78.5
149.1,69.9
165.8,83.9
155.4,43.0
153.2,43.0
158.1,47.9
152.7,62.1
171.7,46.9
163.2,41.5
174.0,55.9
160.1,42.3
160.5,70.0
185.6,88.0
147.1,40.4
179.1,67.7
183.2,35.7
173.4,59.3
161.4,75.9
180.7,64.2
161.5,41.0
157.2,75.0
160.7,40.1
158.7,78.6
154.6,95.9
177.2,67.4
156.5,72.5
164.7,34.6
149.1,25.0
165.3,48.2
152.3,63.4
152.0,50.9
163.8,56.2
176.6,49.3
169.8,61.6
170.6,54.4
163.6,45.0
161.3,42.1
173.7,69.3
158.8,44.7
174.2,66.6
178.6,43.6
155.7,60.9
157.4,58.1
159.0,52.1
148.9,51.2
159.8,70.2
179.3,49.0
153.5,52.8
179.6,51.4
160.2,57.8
188.3,74.1
157.5,54.2
163.4,71.5
155.0,65.1
157.4,70.8
179.7,65.1
170.2,74.3
176.3,76.0
150.5,44.3
172.2,67.0
154.3,50.4
150.3,70.6
167.6,74.0
167.5,56.7
165.6,54.2
172.9,80.1
174.6,87.2
181.2,76.9
151.9,60.6
181.5,92.0
185.7,73.2
161.0,58.3
146.6,54.6
149.8,42.9
159.9,81.7
187.2,70.5
165.2,61.0
158.2,83.8
157.5,26.6
150.5,53.0
174.6,57.2
164.0,59.2
188.1,59.7
171.9,59.5
174.1,67.1
162.3,61.6
153.0,64.9
155.4,25.0
149.9,47.6
175.0,64.8
160.8,55.9
175.5,68.2
166.5,48.5
161.8,34.4
152.1,54.2
168.3,47.4
162.6,64.2
174.9,53.3
157.1,64.7
171.8,64.1
183.0,73.9
168.0,58.4
173.6,60.2
171.3,61.1
185.9,93.7
169.1,39.9
172.7,55.9
164.6,75.5
156.5,66.2
151.7,70.8
178.9,69.6
153.9,32.3
173.2,49.4
169.6,58.8
175.1,78.9
159.3,52.0
156.3,48.8
169.2,68.9
161.8,58.0
151.5,43.9
186.3,61.4
156.3,67.9
154.1,67.9
162.3,42.1
178.8,64.3
141.2,53.8
177.9,52.5
155.0,58.3
167.9,57.1
157.6,36.4
186.9,103.5
166.4,55.8
157.2,62.2
161.7,40.7
166.0,83.9
167.0,90.5
169.8,40.9
165.0,57.4
149.9,69.3
161.3,50.2
171.7,71.0
157.6,29.5
172.4,53.6
165.3,64.7
162.6,49.3
178.1,64.4
145.9,25.0
157.6,64.4
178.6,50.0
185.1,98.5
190.1,69.3
165.6,72.3
170.0,74.1
174.0,51.8
179.0,61.9
168.4,55.6
175.2,61.7
170.1,44.2
170.7,72.1
154.9,42.5
161.4,55.6
159.2,70.9
151.9,59.4
146.8,38.1
160.3,72.2
162.1,67.8
166.2,50.1
171.1,56.7
167.1,76.4
162.2,69.5
154.9,30.3
174.6,52.0
163.9,69.5
160.2,38.9
162.9,70.5
156.9,83.2
159.2,61.3
158.8,41.6
161.8,60.3
172.2,80.8
169.5,64.7
182.0,80.1
178.3,58.0
186.5,65.7
171.2,78.0
171.0,53.6
159.6,25.0
174.1,62.1
157.8,59.5
148.8,64.6
181.8,97.4
151.3,51.6
169.8,73.3
155.3,54.9
177.4,74.5
178.9,67.6
170.8,70.0
178.7,59.3
165.1,89.7
189.6,43.2
173.2,74.6
155.1,57.7
165.8,66.0
163.3,40.9
162.2,32.7
146.8,56.5
169.3,83.1
149.8,52.6
137.2,53.5
161.2,50.3
156.7,59.0
155.5,71.6
130.9,33.0
155.6,71.1
163.1,34.0
158.0,45.7
169.3,71.2
180.3,100.1
170.7,64.3
176.3,52.9
177.2,97.3
153.8,50.1
169.8,73.4
175.9,63.1
160.2,58.6
156.3,45.3
170.8,98.1
148.7,66.5
153.0,78.0
157.7,42.9
170.0,36.2
167.4,57.3
176.4,106.2
154.9,47.9
154.3,68.1
170.8,48.8
156.2,41.3
158.4,54.0
144.6,77.6
168.2,78.7
182.0,42.0
153.7,62.0
176.2,51.1
164.3,49.2
145.6,54.3
155.2,73.9
154.5,72.7
161.5,62.4
169.6,68.5
185.3,95.8
149.3,25.4
159.7,83.5
155.1,41.9
151.1,54.1
166.0,53.2
165.0,42.6
145.0,53.2
165.2,63.6
151.7,49.1
165.1,57.7
179.0,93.4
170.1,96.5
167.0,80.1
159.2,59.9
165.7,35.9
171.2,73.9
170.1,73.7
163.9,70.7
167.4,44.5
150.5,62.6
156.9,77.6
172.8,50.9
174.3,77.1
166.0,48.5
181.3,70.7
170.6,49.8
162.4,52.8
151.6,45.4
180.8,78.1
173.5,79.6
184.8,93.4
188.8,68.7
150.8,55.5
150.9,33.6
133.5,37.6
175.1,68.1
172.2,51.4
166.1,69.1
151.5,48.2
164.0,61.5
167.0,79.7
173.6,59.9
168.0,74.8
172.3,87.0
163.6,79.6
178.0,66.9
171.9,50.5
151.9,40.1
180.3,47.7
178.5,80.4
170.1,74.9
168.1,63.9
183.2,53.2
147.0,42.1
178.7,90.9
159.8,65.3
177.0,80.7
166.3,110.5
151.3,55.3
159.5,25.0
176.2,51.8
162.7,62.8
158.2,55.3
158.1,52.4
172.1,62.8
184.3,62.9
141.5,49.6
195.8,105.3
167.2,87.5
171.4,90.2
160.2,42.1
165.0,59.6
167.1,56.7
153.5,60.7
156.1,52.4
178.0,66.3
147.9,70.0
169.9,64.9
160.9,58.8
154.4,58.7
186.7,86.8
154.5,62.7
152.6,74.5
162.9,39.1
156.5,58.8
165.1,58.4
166.7,56.6
167.6,73.2
163.6,78.4
157.3,45.5
172.1,90.4
163.8,37.5
159.5,64.9
181.3,58.9
163.7,49.3
177.0,69.8
178.5,64.1
179.2,27.7
172.6,74.7
165.0,71.6
164.3,57.0
162.3,54.4
141.2,38.2
172.9,40.1
167.7,34.6
174.1,78.7
163.7,74.9
172.3,74.3
149.8,55.1
152.1,62.7
137.8,52.5
163.5,47.0
156.5,57.2
155.1,48.5
168.7,58.4
160.3,73.6
149.2,72.6
193.0,46.7
164.6,55.8
153.1,46.9
157.6,72.1
163.1,36.8
163.1,25.0
179.3,83.1
164.1,73.7
185.4,48.9
160.2,54.6
169.7,86.3
176.2,52.2
178.1,71.3
179.4,78.4
162.0,36.3
164.9,51.4
137.7,25.0
162.8,55.9
177.0,57.1
174.9,70.4
164.0,68.7
183.7,95.1
160.8,91.9
157.1,57.4
159.9,51.5
152.7,45.6
171.8,50.5
168.2,68.9
171.7,57.4
160.4,64.4
164.4,45.4
141.0,36.8
169.1,69.4
166.1,58.8
152.9,25.0
163.8,58.8
162.2,45.8
184.4,92.5
153.3,66.3
168.6,28.3
153.0,63.5
158.9,61.4
168.0,39.9
162.7,71.4
164.9,40.6
168.7,79.8
159.6,46.3
174.7,44.4
161.6,89.3
163.9,35.9
169.0,50.7
167.5,52.6
172.1,58.3
168.5,72.9
170.2,64.6
161.4,72.4
153.2,57.2
149.3,25.0
146.6,55.5
184.4,78.3
140.7,34.2
178.1,100.9
156.0,62.6
178.1,83.9
140.8,58.2
162.4,51.7
181.0,81.6
172.8,70.5
161.3,48.9
143.6,27.1
150.5,50.2
180.3,80.3
161.2,57.4
164.2,56.6
168.1,62.6
150.7,45.6
169.5,86.4
160.4,60.6
168.2,55.0
158.6,28.2
147.7,45.0
160.3,47.9
172.0,55.9
169.3,77.2
165.3,61.3
174.9,42.0
162.8,67.6
165.6,36.6
159.7,66.5
175.5,60.7
168.2,63.5
158.9,55.2
148.6,46.4
177.2,72.2
156.8,55.3
165.8,88.5
190.9,83.5
173.8,70.2
182.7,62.8
159.1,61.4
176.8,53.4
165.3,77.4
169.0,40.6
187.2,64.5
161.9,33.3
165.2,66.3
155.1,46.5
174.8,77.5
158.8,40.9
176.2,76.3
146.9,56.1
171.0,67.5
157.9,55.3
173.0,67.9
164.9,46.1
159.1,39.6
160.7,65.0
155.6,47.8
174.2,73.6
153.5,75.1
162.1,50.9
168.8,53.7
182.7,68.6
164.9,60.4
162.3,67.2
168.0,61.7
142.2,75.7
151.8,57.0
160.9,68.6
157.2,53.8
147.4,63.0
174.4,63.9
167.9,52.3
166.5,74.6
157.4,53.6
165.9,64.2
170.7,78.8
162.1,59.9
169.9,61.3
156.2,45.7
166.1,76.6
177.6,64.2
178.6,69.4
179.6,75.3
168.1,66.4
165.3,75.4
160.1,55.3
145.1,67.0
150.2,45.9
163.2,64.1
163.8,56.3
180.5,103.1
179.5,65.6
157.4,50.6
174.0,68.3
159.8,52.1
172.5,70.2
173.9,84.9
178.7,72.4
159.6,58.8
176.2,64.8
144.4,38.3
179.3,72.1
164.7,59.8
165.0,77.5
142.6,30.3
160.7,78.6
179.9,69.0
160.3,58.8
172.8,49.8
165.4,68.6
176.7,54.3
167.1,67.0
154.8,56.8
165.6,55.5
182.6,42.4
170.5,96.3
163.7,43.2
189.8,83.4
177.8,58.6
174.0,82.3
168.5,56.8
173.0,54.6
173.4,75.1
141.0,25.0
169.3,56.9
163.2,69.0
159.5,78.6
162.9,43.9
147.9,38.9
145.1,51.6
178.7,40.3
170.1,84.0
138.5,27.2
158.7,48.8
174.7,71.0
161.9,58.4
178.7,55.8
176.5,94.4
150.1,25.0
163.4,41.9
160.1,46.8
149.7,35.1
149.0,67.1
156.1,28.8
157.9,78.2
168.1,58.0
176.5,48.1
170.7,32.6
173.3,62.8
162.1,47.3
171.6,68.4
163.4,52.0
160.1,70.8
185.9,73.9
139.4,36.4
144.4,60.5
169.2,66.4
162.1,69.4
149.2,66.2
153.4,47.4
154.8,53.3
174.8,79.9
178.3,33.2
183.0,72.2
147.5,44.5
150.0,55.1
149.2,37.0
179.2,87.1
169.6,52.2
165.9,53.7
167.5,51.8
164.4,77.9
152.7,25.0
170.6,90.9
163.0,80.5
151.8,42.2
171.3,80.0
160.3,58.5
167.5,86.5
163.6,73.2
174.8,100.1
167.4,38.2
155.3,55.9
168.5,36.6
168.9,55.0
170.6,97.8
176.4,75.5
158.2,69.8
172.3,73.1
146.0,53.7
163.7,51.1
162.0,47.1
180.9,63.8
163.3,25.0
171.7,63.6
145.6,50.2
161.1,47.8
155.7,51.4
192.2,89.2
157.7,68.0
165.8,42.5
166.4,49.0
147.5,59.2
159.2,64.6
169.5,83.3
165.9,80.1
139.7,79.2
158.8,51.1
176.2,92.0
171.5,50.9
178.4,105.9
154.2,59.1
179.1,78.7
164.5,74.4
182.5,53.0
165.0,43.8
142.5,46.4
174.3,72.1
160.1,87.6
160.9,42.7
149.0,72.0
182.8,69.6
159.3,51.6
182.3,70.7
160.3,51.9
154.8,60.0
179.5,65.0
164.2,38.2
164.3,55.4
150.9,56.9
160.0,35.3
169.7,72.1
150.7,67.7
159.1,77.9
160.4,61.6
165.7,33.4
181.3,82.0
161.7,72.0
157.4,44.1
195.2,82.7
160.2,63.7
162.9,85.2
161.1,53.2
162.0,71.1
165.9,65.3
175.1,70.5
169.4,83.1
176.8,56.3
176.5,72.0
167.3,62.0
169.1,40.3
177.2,87.6
152.8,63.8
192.5,82.0
159.4,52.0
161.1,57.1
151.7,61.2
152.0,51.6
175.7,57.9
190.0,71.6
158.8,55.3
168.8,48.7
167.4,66.7
176.0,56.3
189.4,64.6
181.7,120.6
162.4,87.1
170.8,66.4
171.9,77.8
164.8,75.0
152.9,50.3
156.2,57.9
177.6,65.5
178.8,89.1
162.7,77.3
167.9,85.4
178.2,73.8
146.3,79.6
160.1,55.2
187.2,107.8
168.3,55.4
152.6,31.8
166.3,91.3
176.2,78.2
137.0,49.1
166.9,55.9
160.9,44.3
146.9,36.2
165.9,62.6
163.5,56.6
164.7,30.6
161.2,82.6
153.8,45.7
149.0,67.4
157.4,43.9
174.5,69.3
167.6,76.4
164.2,71.9
153.6,47.9
160.9,64.6
173.1,76.1
170.6,61.8
159.8,39.4
136.3,31.5
157.6,48.9
159.7,56.5
155.0,76.8
160.5,70.3
174.0,54.4
164.6,87.1
175.9,66.9
148.4,58.5
161.6,43.4
143.7,38.6
160.3,72.1
153.5,38.7
179.1,71.4
169.5,70.3
176.2,52.9
160.3,29.9
153.8,65.6
153.4,94.7
167.9,68.9
184.9,85.0
169.5,50.0
160.9,79.0
162.9,52.7
164.7,77.1
187.3,86.3
178.6,79.6
167.9,70.9
166.2,69.2
168.3,66.6
170.4,78.4
160.5,45.7
155.7,49.8
176.4,90.4
165.2,62.7
175.4,62.8
183.1,89.3
170.7,76.7
168.9,43.3
200.2,99.1
167.3,63.6
153.0,62.2
161.9,57.8
182.1,79.9
150.8,25.0
156.7,40.6
177.2,80.2
162.0,97.1
163.8,64.5
176.8,58.4
157.1,56.3
148.8,35.3
149.7,68.1
171.4,65.4
167.9,77.8
157.4,52.2
152.3,68.1
162.0,33.4
177.3,69.5
155.8,61.5
157.7,50.7
151.9,56.2
161.0,62.1
168.7,78.4
188.3,87.3
167.4,67.5
164.4,72.7
174.5,46.7
172.7,54.3
158.6,34.6
190.3,87.9
164.7,65.9
167.6,82.6
171.1,69.7
168.8,53.2
181.8,74.7
158.5,27.1
173.6,60.2
166.8,26.0
175.8,72.9
162.6,54.0
161.1,55.1
173.1,51.9
168.9,52.8
156.0,63.9
179.8,49.6
173.1,73.5
164.2,47.1
159.8,31.0
169.0,81.2
172.3,85.2
147.5,39.7
169.1,54.7
172.2,61.5
139.1,30.4
167.2,52.0
172.6,72.3
171.4,95.7
173.8,61.2
161.4,72.7
153.6,57.2
145.2,25.0
177.0,68.6
172.7,63.4
177.9,91.6
157.0,76.8
173.8,72.1
148.5,66.7
155.4,51.0
166.4,77.7
172.3,66.8
183.5,90.5
162.4,76.0
155.5,63.9
154.9,41.7
157.4,48.2
189.4,90.2
173.3,79.5
177.2,71.5
162.4,53.3
165.0,62.8
172.7,61.4
159.4,51.8
161.8,87.0
157.6,47.5
160.1,64.0
165.5,62.6
156.0,35.1
168.1,43.3
168.1,61.0
163.0,29.2
155.9,80.9
166.2,55.3
159.4,49.3
165.5,78.6
177.1,66.9
151.2,60.1
188.9,69.9
164.2,60.0
169.5,77.8
156.7,41.1
177.6,77.3
163.6,25.0
160.7,75.8
158.7,47.0
162.0,56.5
169.6,61.8
166.9,46.7
164.6,43.8
157.2,62.2
156.5,62.4
159.9,43.0
170.1,71.7
172.3,73.7
173.8,60.8
165.0,40.5
169.2,62.4
163.1,64.0
145.8,45.9
162.6,49.3
160.9,63.9
153.6,70.9
158.8,43.9
166.5,56.5
152.5,92.3
157.2,58.7
182.0,53.9
147.4,40.6
163.0,47.1
152.2,56.6
156.7,58.7
162.8,48.8
154.1,80.1
171.3,65.8
179.9,64.3
174.3,48.5
176.3,54.9
149.8,30.7
162.3,55.1
170.1,50.4
174.6,78.8
184.3,65.9
176.8,81.3
174.9,74.6
194.0,92.5
166.1,74.1
161.8,87.5
167.0,48.6
154.9,65.5
165.7,66.4
146.0,62.8
159.2,57.4
163.7,76.6
175.4,48.3
177.2,54.0
154.4,43.9
187.8,76.5
166.6,61.8
167.6,50.7
147.2,32.8
158.2,45.2
176.5,42.9
166.9,56.9
166.2,59.9
167.5,68.3
149.1,51.4
163.9,86.0
180.5,83.9
177.0,79.9
163.6,64.4
182.2,81.1
151.1,47.0
154.3,53.9
185.5,104.5
171.4,63.5
161.8,37.6
164.4,69.9
156.1,66.8
168.0,64.4
167.2,33.3
165.2,79.4
152.2,54.4
167.9,57.4
159.2,73.6
154.2,25.0
178.9,72.1
188.9,70.4
186.4,98.8
172.2,68.8
162.1,44.8
164.2,76.4
169.5,26.3
160.4,64.2
179.5,51.9
142.6,37.8
161.7,53.9
173.8,80.1
155.7,86.4
162.4,31.3
171.5,71.4
181.7,105.7
150.8,41.4
150.0,39.9
154.6,56.1
148.1,60.7
148.9,58.6
154.3,47.0
178.6,58.1
161.6,77.2
165.3,48.5
154.5,25.0
172.0,43.3
185.6,67.2
155.2,75.4
184.0,56.6
169.0,85.7
165.2,79.6
169.4,66.5
169.3,25.0
185.4,57.9
170.7,54.6
171.0,90.3
160.4,48.0
174.2,55.2
154.5,55.3
166.2,39.6
196.7,84.8
137.5,29.6
167.6,102.1
168.0,48.3
162.5,87.0
162.8,41.2
166.0,64.6
162.2,65.4
167.4,63.8
159.6,57.3
187.2,90.1
162.2,64.2
171.3,61.9
157.6,44.6
175.3,65.1
173.1,63.2
169.6,60.3
153.7,53.1
156.7,32.9
183.5,58.7
156.6,66.4
172.0,31.4
154.6,70.5
176.1,59.8
157.4,79.6
154.4,70.8
157.2,49.4
158.9,52.2
169.5,87.1
165.8,79.5
153.0,66.1
164.7,76.8
152.4,34.8
172.1,68.2
174.1,55.1
164.7,43.0
168.0,64.5
184.3,68.5
163.3,56.1
154.6,45.1
171.4,45.8
152.5,76.6
162.7,60.6
158.4,33.6
157.3,57.2
162.2,80.7
174.9,81.7
177.2,61.3
175.2,60.1
168.7,48.3
162.2,46.7
139.1,32.6
169.0,40.8
139.9,36.4
143.8,50.7
163.2,52.4
167.9,65.3
160.0,80.7
181.9,100.3
170.1,62.6
162.3,71.1
180.2,69.0
182.2,65.7
170.6,47.3
156.5,55.2
158.9,71.8
149.1,29.8
164.5,55.3
153.4,46.8
161.4,61.0
167.9,65.9
143.2,53.2
151.1,78.7
159.4,42.9
164.4,45.6
159.6,59.7
162.0,79.5
157.2,32.5
149.1,53.8
159.1,52.7
162.7,71.0
161.6,66.9
166.2,61.5
169.6,70.6
172.5,55.6
158.0,66.9
147.7,68.8
179.0,72.0
169.2,56.9
154.5,50.3
168.1,74.0
176.7,68.1
184.0,56.5
167.8,76.2
176.7,53.9
151.7,57.0
164.6,31.6
161.3,58.9
168.8,61.6
182.7,43.9
167.7,66.9
154.7,36.1
151.1,51.5
183.1,67.6
170.7,41.9
169.9,47.8
161.2,42.7
167.9,76.8
154.1,64.8
169.3,95.9
152.1,43.2
161.0,48.9
157.9,56.9
129.2,31.4
161.2,48.4
155.1,53.7
162.7,68.8
165.0,28.2
184.4,66.3
168.4,41.3
168.7,60.3
170.5,70.4
174.6,83.8
170.0,57.1
168.1,63.8
172.8,40.5
138.3,29.2
188.0,80.8
182.5,52.9
167.4,80.2
149.5,57.0
178.3,56.4
157.4,32.2
170.9,53.4
150.9,36.6
189.5,60.7
149.1,27.8
165.8,57.0
141.7,55.1
164.5,48.9
160.3,63.2
177.5,64.4
160.3,65.7
177.5,57.5
153.7,56.2
161.9,59.5
162.1,78.3
170.5,72.3
169.1,66.7
172.9,43.8
167.9,54.2
172.3,53.3
155.1,40.6
169.3,63.3
182.7,77.0
146.5,51.4
170.4,82.8
172.4,72.7
181.1,53.7
173.0,68.9
166.1,69.5
169.7,82.3
156.9,51.9
160.7,54.7
150.3,65.9
181.4,75.0
170.0,39.6
154.9,25.6
168.0,89.7
177.8,43.8
175.9,65.6
154.8,66.0
130.5,25.0
169.3,46.9
155.2,34.3
171.8,92.0
175.5,98.0
177.2,58.1
184.2,83.3
178.6,74.8
184.2,70.5
180.2,47.0
181.1,106.8
164.6,32.3
150.8,53.2
192.3,71.6
165.7,75.5
178.5,82.8
158.9,40.9
175.6,56.0
138.1,25.0
160.5,59.6
163.9,69.8
170.1,57.0
176.8,65.1
153.0,80.1
172.3,79.3
178.5,90.3
190.8,46.5
172.8,73.9
159.9,60.1
151.0,31.4
185.1,59.7
173.1,62.7
164.8,39.6
147.2,35.7
154.8,45.8
171.9,73.6
168.9,52.2
143.6,38.7
172.0,80.4
147.7,25.0
179.9,74.6
167.3,67.4
159.9,62.5
175.9,60.5
168.9,46.8
179.6,93.7
165.9,47.7
166.5,44.3
161.9,57.9
167.9,50.9
183.7,90.0
159.5,52.0
172.1,82.9
155.3,59.8
142.3,38.7
167.3,78.3
169.1,53.1
163.8,54.2
148.5,56.5
168.3,65.7
167.9,51.9
155.2,30.0
150.1,49.3
162.2,47.0
172.2,65.7
169.6,57.0
155.3,42.3
166.5,57.0
174.8,66.1
152.1,61.3
165.7,66.7
179.7,102.5
151.0,52.3
177.7,59.4
182.8,71.0
162.6,66.7
161.2,72.2
176.4,88.6
163.0,43.2
139.1,61.8
163.9,58.4
170.2,49.8
173.1,62.9
155.3,71.2
162.0,64.6
175.7,49.8
164.3,41.3
148.2,29.8
178.6,59.2
162.6,59.4
177.0,52.0
149.6,42.8
163.7,80.0
170.6,88.3
164.0,82.5
152.0,25.0
138.7,67.5
181.8,74.1
167.7,63.1
177.8,85.0
175.2,78.1
171.6,36.7
161.5,48.2
170.4,58.4
180.8,51.9
165.9,75.5
185.9,97.6
148.5,48.4
147.3,52.2
175.9,67.9
156.0,55.0
187.5,94.1
179.7,44.6
182.5,80.5
174.7,67.3
154.9,42.1
146.7,39.8
181.4,99.9
148.5,28.6
182.4,70.7
172.4,89.8
164.2,40.2
169.9,56.6
170.1,64.3
162.8,64.5
180.7,70.6
180.3,58.1
166.7,67.9
158.4,53.7
179.4,80.2
142.8,58.7
169.9,41.2
173.1,81.4
155.9,49.6
175.7,80.3
164.7,67.1
159.0,83.4
175.6,67.9
153.1,45.5
174.6,59.3
143.2,29.6
168.1,74.3
165.5,43.7
159.1,67.7
169.3,59.7
164.1,32.8
176.6,90.9
171.2,25.0
170.0,62.3
168.2,65.8
159.8,25.0
161.7,64.1
167.7,51.8
163.1,54.8
177.2,89.2
166.0,62.8
169.1,57.7
149.6,46.7
175.4,94.3
158.6,61.4
153.5,38.6
183.1,66.4
172.7,47.7
175.7,61.2
170.0,87.7
164.0,56.7
161.9,37.6
173.6,72.7
177.5,63.4
164.2,67.8
187.8,74.0
162.8,80.0
149.7,35.6
146.1,29.5
146.4,61.2
160.4,26.6
162.4,55.5
172.5,77.5
164.7,26.8
174.3,67.8
165.5,37.8
165.1,32.3
158.6,39.4
180.6,69.0
148.2,37.7
168.3,78.9
163.0,59.7
173.6,59.0
164.8,40.1
165.1,63.3
162.1,88.7
180.3,61.0
165.0,51.1
186.7,60.7
168.0,79.9
165.2,74.0
163.4,52.0
171.2,55.5
158.5,41.1
166.6,56.7
165.1,75.3
168.6,63.1
168.9,82.0
169.4,52.3
166.0,26.0
182.3,112.2
169.6,66.5
193.7,94.2
165.5,48.5
175.5,47.4
157.0,56.6
180.4,41.7
157.3,50.4
170.0,78.9
162.1,64.5
170.0,67.4
162.4,84.2
156.3,59.4
162.0,29.2
182.0,70.6
170.1,92.6
150.8,45.4
177.0,96.9
155.2,68.3
173.2,59.9
171.1,48.2
171.8,70.0
185.4,94.7
155.9,29.8
171.7,66.7
178.9,39.8
157.9,49.8
156.8,29.3
161.8,66.1
168.6,52.2
149.5,66.5
171.1,56.3
149.5,39.7
179.2,46.4
170.7,69.9
186.0,83.5
172.4,79.5
161.6,67.3
156.2,59.7
167.6,70.8
164.7,70.1
178.0,83.4
154.8,29.8
187.2,70.2
179.0,46.2
162.8,63.3
184.8,99.6
156.4,67.2
167.3,52.4
151.0,57.7
185.3,80.8
146.9,51.0
149.2,29.4
158.0,74.7
179.5,53.2
175.5,62.3
166.3,75.3
176.2,62.7
163.7,60.2
169.6,65.1
183.2,74.8
162.3,59.7
156.6,57.1
170.2,64.8
173.1,52.5
166.2,37.5
176.0,83.1
162.8,74.0
166.4,66.0
169.1,67.9
168.2,48.5
182.7,36.9
169.1,59.2
161.7,29.0
170.8,67.0
176.1,87.8
173.5,57.0
172.9,57.4
148.5,33.4
137.6,42.3
179.0,70.0
169.8,48.2
164.8,73.4
172.6,106.1
186.2,94.1
180.5,70.1
175.6,66.0
155.2,45.3
156.7,46.0
138.7,56.7
172.0,80.1
177.2,51.5
178.1,75.3
172.4,82.1
163.3,53.4
158.8,52.3
155.9,63.9
163.2,69.5
154.2,58.8
184.3,78.6
150.7,55.8
162.8,54.2
143.7,28.7
168.3,38.9
165.0,68.8
161.1,58.7
154.7,59.5
165.0,47.5
159.0,57.2
163.5,60.0
186.5,95.7
166.9,74.1
170.9,53.1
159.9,63.8
156.4,42.6
164.7,25.0
192.5,107.4
161.8,52.0
169.0,78.4
155.9,43.5
134.7,27.8
156.3,45.6
191.2,84.2
171.5,67.4
183.1,81.2
161.2,49.7
139.1,43.2
152.8,38.7
169.4,85.1
167.6,42.1
164.9,47.5
159.2,49.4
175.3,103.5
159.5,67.5
168.4,49.6
167.1,73.8
160.9,64.7
155.3,57.2
160.3,67.0
185.6,76.7
177.2,71.7
176.2,45.0
156.3,75.4
149.2,42.3
177.1,50.4
175.0,59.8
166.5,54.0
160.9,45.0
148.9,60.4
174.5,81.6
178.0,40.4
157.5,46.9
156.6,47.3
178.7,67.6
157.9,80.5
184.6,62.7
163.8,82.5
160.7,54.7
165.5,83.8
160.7,52.2
177.4,62.8
174.7,66.8
177.0,88.3
167.0,63.8
160.0,59.4
164.9,69.4
160.3,43.3
181.1,77.2
176.0,58.7
164.0,81.2
154.8,59.0
181.9,83.2
166.5,30.4
163.6,69.5
182.0,70.2
159.4,34.3
161.5,58.8
162.5,35.3
150.5,59.0
168.5,84.0
156.6,27.1
158.7,55.0
157.3,51.9
158.5,25.5
155.8,67.1
167.7,71.3
163.3,89.1
165.5,67.7
190.9,67.0
163.3,66.4
171.7,84.1
172.9,58.8
164.3,72.2
168.0,26.8
165.2,82.2
167.2,73.5
158.5,25.0
159.6,61.8
165.2,30.2
143.3,36.0
181.5,82.6
188.8,76.4
166.9,80.1
172.3,66.3
176.9,68.3
150.4,66.3
175.2,62.5
160.3,56.2
190.2,81.2
162.9,57.4
175.0,84.8
163.0,48.5
189.2,66.3
159.4,39.9
177.8,37.4
171.9,87.3
169.4,49.7
167.5,58.2
157.7,78.1
136.6,38.9
176.8,76.5
159.6,34.7
177.9,90.6
168.9,60.9
178.2,54.6
173.8,51.2
137.9,67.2
171.8,56.1
161.2,42.2
177.8,63.1
171.5,65.4
171.6,67.1
162.0,64.4
155.0,56.4
160.2,66.2
145.2,42.3
158.5,86.4
148.9,41.4
149.2,69.2
166.3,51.8
170.9,42.8
164.7,34.6
159.5,60.5
154.6,70.0
161.5,40.1
156.0,40.3
164.3,65.2
148.3,48.3
172.7,56.8
158.8,36.3
169.1,67.6
174.8,77.0
168.6,69.9
173.8,66.8
142.3,28.7
159.6,60.7
177.1,72.6
170.6,44.3
185.3,71.0
183.7,79.8
168.3,61.1
162.2,28.5
154.5,42.9
159.8,45.6
160.5,65.1
158.5,94.2
154.9,54.8
169.4,45.2
183.7,71.8
175.3,67.7
161.5,68.7
176.2,86.9
168.8,83.6
164.6,67.6
163.9,59.1
162.8,80.6
172.2,60.0
166.5,61.8
157.0,50.6
156.5,25.0
168.4,81.4
169.7,73.5
161.6,25.0
152.5,66.2
178.8,65.8
176.4,83.3
143.1,46.2
179.7,50.7
162.7,58.6
167.1,47.9
177.5,51.0
183.2,86.8
176.0,74.0
167.7,84.3
149.9,43.5
142.7,30.4
174.7,76.7
179.8,58.6
156.0,48.9
162.0,65.6
158.9,53.6
158.6,48.0
176.8,47.7
167.4,75.7
162.5,52.6
194.2,92.3
149.2,56.3
171.0,80.7
153.5,48.3
163.3,53.4
166.6,44.5
174.3,58.7
162.1,62.9
161.0,44.7
161.9,62.4
153.1,73.6
172.0,58.4
168.1,42.4
169.8,57.2
164.2,38.0
162.9,78.4
177.9,70.9
176.2,57.4
180.6,63.3
169.1,45.2
179.9,86.4
160.4,84.2
162.8,35.9
178.1,85.5
174.3,63.1
161.8,76.6
153.5,25.0
162.8,61.7
157.5,48.4
184.0,84.3
173.4,67.0
156.6,54.3
153.5,50.3
156.4,77.3
158.9,52.9
163.2,71.5
177.3,78.6
154.4,65.8
190.2,64.4
154.6,63.2
149.5,54.2
183.6,56.3
179.5,67.7
163.0,92.9
169.2,57.1
169.5,57.7
166.5,67.8
150.7,41.9
137.7,43.8
155.7,46.6
185.0,81.3
185.4,74.7
162.1,87.1
154.5,53.2
168.1,58.8
169.8,78.9
171.6,43.9
137.2,66.8
199.7,72.9
177.5,87.2
162.8,80.2
157.1,46.4
175.9,61.6
170.4,62.3
166.0,70.0
170.0,48.6
163.8,57.4
169.4,58.4
173.0,48.6
168.8,47.0
168.2,64.2
180.3,73.2
147.4,36.4
156.2,54.9
165.3,50.4
157.0,73.8
160.6,55.2
179.2,87.1
163.4,33.3
144.9,51.0
160.3,65.5
165.6,58.3
165.4,52.1
171.1,62.1
170.2,74.9
163.5,40.6
151.9,61.3
160.1,61.2
158.1,51.1
161.9,54.4
172.6,66.5
169.4,88.0
174.1,71.9
160.8,42.7
181.6,66.0
172.4,48.2
166.2,32.4
171.6,47.4
157.6,56.4
141.8,63.3
158.3,70.1
173.2,48.7
165.9,48.6
163.5,44.7
155.7,25.0
143.5,42.8
180.7,83.9
162.7,54.5
160.3,37.5
157.6,42.0
178.8,65.4
174.7,78.7
154.4,49.7
177.8,79.1
163.4,57.5
158.3,58.7
161.8,43.5
156.4,43.5
150.5,31.0
173.5,75.3
162.6,53.8
171.8,25.0
168.2,69.4
171.0,79.0
142.5,32.5
155.5,60.4
171.3,61.4
151.0,25.0
169.1,92.2
149.7,46.2
165.2,63.0
182.7,64.1
173.5,61.8
144.6,48.5
174.3,51.2
185.0,100.7
195.8,96.9
170.2,71.5
150.0,47.4
169.8,52.0
182.6,88.8
162.9,67.6
176.5,62.5
155.8,37.1
169.1,39.3
137.6,42.1
154.5,48.8
164.9,77.6
161.0,71.9
150.7,50.5
159.5,54.8
168.6,45.3
164.1,75.1
165.7,59.5
173.1,75.0
161.2,74.8
180.0,62.8
154.1,39.8
186.2,113.3
177.2,78.0
161.1,52.9
161.8,76.2
167.3,56.9
171.6,69.7
177.0,60.4
150.3,49.4
169.8,59.3
141.7,32.9
163.0,62.1
181.0,62.5
149.4,57.7
147.4,43.2
167.4,35.9
180.3,80.8
168.6,72.1
144.0,79.5
146.5,47.5
166.1,63.4
152.0,58.0
166.5,76.3
167.2,75.8
159.6,60.8
185.0,74.8
171.5,77.3
178.3,68.8
175.1,48.1
163.3,36.2
162.9,54.0
161.7,59.3
172.5,102.5
157.8,53.0
184.0,75.2
156.8,48.0
167.4,70.9
162.5,62.3
160.0,46.8
188.9,63.3
160.2,50.4
161.6,44.8
157.7,51.2
165.5,62.3
163.9,51.6
152.7,73.1
160.3,73.9
171.7,61.4
176.3,53.9
165.3,59.6
165.6,58.4
161.0,56.1
159.5,50.0
154.9,37.0
147.9,48.6
157.3,49.2
174.9,63.4
160.3,58.0
161.2,56.1
161.0,58.1
178.7,64.3
154.8,58.1
168.0,51.4
164.2,43.0
165.7,47.1
167.7,51.7
165.6,41.0
173.7,41.0
164.7,67.2
184.2,93.7
165.5,68.6
146.3,39.8
172.0,39.4
169.3,65.9
165.4,36.0
162.1,56.5
141.7,32.2
143.6,25.0
183.1,96.0
158.6,36.5
175.6,62.5
147.4,45.8
153.5,44.8
172.5,72.4
163.9,48.0
170.9,70.0
164.9,64.6
162.7,37.6
157.5,58.1
151.9,34.9
180.4,54.1
182.2,77.4
153.6,45.8
152.9,57.0
161.2,62.9
168.7,41.2
163.0,69.6
170.5,68.2
164.5,50.7
163.7,56.9
191.5,92.3
159.2,51.0
183.0,105.4
180.9,94.4
170.5,65.7
143.8,42.1
165.3,57.4
159.3,46.8
165.2,61.9
153.3,62.0
173.3,45.8
175.8,77.7
177.9,83.6
160.8,65.5
153.3,49.8
168.9,70.7
184.3,94.2
165.8,59.6
170.0,63.9
162.4,90.0
159.5,60.6
172.2,50.2
163.8,72.1
169.4,69.2
170.6,54.2
168.8,46.1
171.1,68.0
155.6,52.4
154.9,34.2
164.5,58.2
164.8,57.5
159.3,54.9
167.7,69.2
175.0,40.9
178.1,53.1
180.5,64.4
150.5,69.7
152.2,86.5
161.8,57.7
165.9,61.2
162.4,25.0
158.9,69.1
161.7,64.2
170.3,68.1
150.4,31.1
190.8,109.8
165.2,82.9
176.6,73.0
158.6,70.2
171.3,65.3
166.1,73.0
174.4,47.3
162.8,25.0
182.1,53.9
148.6,36.5
175.4,58.1
166.3,67.6
153.8,48.2
186.5,76.1
185.3,57.8
142.2,25.4
166.9,61.9
172.8,57.5
169.9,63.5
181.7,80.8
179.4,95.4
167.9,61.7
190.0,106.7
175.3,73.7
161.1,67.5
158.9,71.4
178.7,81.0
156.3,41.7
160.5,72.9
162.4,52.4
168.9,67.3
162.9,60.4
150.5,67.0
177.8,75.4
160.6,35.9
187.2,108.5
168.3,74.9
178.9,62.2
171.9,48.0
179.5,85.1
171.3,49.3
167.6,73.8
177.0,85.0
192.3,71.6
162.0,46.7
173.7,59.4
164.9,45.0
170.6,67.4
165.5,65.8
141.3,54.8
162.8,45.8
176.0,80.7
156.6,39.1
175.1,80.1
167.0,39.1
162.9,81.9
175.0,59.5
172.5,74.4
169.6,73.5
176.2,49.2
167.2,74.1
146.9,39.2
160.8,52.3
145.2,36.3
172.2,89.5
174.9,49.7
175.4,74.1
170.4,54.5
175.6,84.2
147.7,82.8
163.8,49.6
149.4,51.2
161.1,51.3
182.8,89.1
177.0,65.2
172.3,78.9
163.0,52.5
154.1,85.9
167.1,28.5
177.2,74.7
169.5,63.1
147.6,47.2
166.2,65.0
144.0,46.5
173.8,69.8
157.4,60.6
151.5,76.8
174.0,25.1
171.2,92.2
167.6,100.2
189.1,52.4
172.0,65.8
157.9,75.4
170.7,77.9
161.9,82.8
178.9,76.0
168.1,31.7
169.2,82.5
149.1,58.5
165.7,82.4
164.4,36.4
153.7,33.8
162.6,58.4
169.8,83.4
165.0,84.0
149.5,38.3
162.0,51.6
159.9,99.3
167.1,53.2
165.9,70.7
160.5,49.9
160.0,63.5
165.7,47.4
175.6,55.3
168.1,56.6
180.7,63.6
177.5,64.7
181.5,80.3
180.1,99.7
182.2,64.2
152.3,36.2
172.1,65.3
178.4,57.2
180.4,47.1
156.5,69.9
172.2,66.5
165.8,63.2
185.3,46.6
149.7,40.6
156.5,32.7
145.1,46.0
166.6,63.1
189.9,81.3
164.5,49.5
166.1,47.9
171.1,61.5
163.7,64.3
169.0,54.2
169.3,49.0
155.7,39.9
164.0,49.3
173.2,59.2
175.2,51.1
179.3,64.0
168.7,81.1
168.9,58.4
173.3,47.5
158.5,25.0
158.0,82.5
163.6,76.0
151.0,54.4
169.5,80.6
176.5,76.5
157.2,53.2
169.8,44.8
158.1,83.6
153.8,45.5
187.6,71.7
154.0,52.7
150.9,50.9
167.4,70.2
168.0,69.0
172.3,56.7
187.0,77.3
156.5,62.0
158.6,45.4
182.7,95.1
175.3,67.3
173.8,90.4
158.5,34.4
177.4,79.0
173.8,53.1
167.1,51.9
158.6,68.9
166.2,57.3
183.1,112.7
153.0,59.2
156.2,43.2
158.1,62.8
160.5,53.1
164.8,72.3
175.5,63.4
170.1,69.7
165.7,63.4
168.0,63.3
171.9,80.6
146.5,25.0
176.8,70.2
155.9,43.0
160.1,36.2
168.7,50.1
164.2,50.0
170.4,60.3
166.6,66.1
161.8,65.7
181.8,66.6
172.8,89.5
168.3,56.8
172.6,36.4
157.2,49.2
188.9,79.2
153.0,25.0
166.2,78.9
161.8,56.1
161.4,40.0
160.0,41.9
156.5,65.3
178.1,83.0
151.7,40.9
175.8,47.7
172.1,67.1
160.8,61.6
170.9,72.7
163.3,50.2
152.9,49.6
153.0,51.8
172.2,79.7
171.6,84.8
167.7,85.9
160.7,76.3
162.9,85.6
161.4,72.5
145.8,37.9
165.7,83.4
170.7,43.5
165.7,95.9
184.5,60.2
153.9,65.5
157.7,76.4
166.5,67.9
167.7,31.1
144.1,31.5
171.6,70.2
167.7,71.4
141.7,41.5
163.7,60.1
156.1,31.6
160.0,82.9
150.3,44.0
169.6,75.1
184.4,95.8
167.9,44.7
141.2,45.8
168.1,66.4
162.9,54.5
152.9,65.3
168.9,52.7
174.7,68.0
157.6,49.1
146.9,82.4
142.9,35.0
157.7,65.9
163.3,85.6
159.3,42.1
157.5,56.0
171.2,49.7
170.1,33.5
167.2,49.7
174.0,58.0
157.8,47.1
153.0,47.0
159.3,55.9
158.5,37.3
142.4,49.9
159.0,73.8
177.2,89.0
173.8,62.6
170.8,77.6
166.4,50.7
180.9,66.9
153.3,57.7
154.4,47.4
177.4,50.3
165.3,72.6
157.6,42.2
171.1,56.6
160.2,72.3
155.8,61.5
155.5,55.8
168.5,40.5
167.3,44.1
181.7,78.6
161.8,67.1
161.6,61.3
180.8,64.8
175.8,60.4
166.6,64.3
147.8,29.3
156.1,55.0
153.4,30.9
165.4,44.4
159.4,58.6
182.6,82.1
147.7,53.1
152.2,34.3
167.7,33.8
170.7,64.0
136.5,25.0
145.9,61.0
162.1,41.6
179.9,104.7
185.8,61.5
160.4,63.6
163.1,47.5
155.8,50.9
172.0,67.8
181.8,85.6
178.8,85.6
164.7,70.6
155.8,69.0
165.1,50.7
180.2,81.2
160.6,51.6
145.0,61.1
161.0,58.8
161.9,67.0
145.0,50.6
167.6,73.2
170.6,51.9
185.5,52.1
150.3,64.6
173.0,86.0
175.6,66.1
170.7,76.3
153.9,27.7
153.3,42.4
166.1,61.9
166.0,34.6
158.8,32.6
179.2,73.0
160.6,47.7
144.2,40.5
162.5,52.0
170.3,44.5
168.8,59.4
168.7,62.4
181.4,63.7
152.7,43.8
160.3,53.5
182.0,85.2
143.4,43.8
164.4,30.6
178.5,52.2
178.4,84.0
172.3,55.0
172.5,64.2
153.5,80.7
180.1,80.8
151.8,25.0
152.5,72.8
169.3,65.3
159.6,61.6
167.3,66.1
169.7,77.1
184.6,73.7
169.8,41.2
158.2,59.9
172.4,44.7
155.9,80.7
175.0,62.0
165.7,59.6
169.4,53.0
145.4,51.6
140.2,50.1
148.5,38.3
184.2,81.4
152.4,52.1
173.1,64.4
157.9,43.6
162.4,92.7
164.5,77.3
183.1,84.7
171.4,81.6
169.2,67.5
179.3,65.5
158.0,25.0
176.8,50.4
174.9,99.8
174.8,84.6
163.3,61.7
160.2,32.8
155.4,62.7
156.1,49.5
154.9,63.3
169.0,46.2
162.5,50.7
169.7,76.7
170.4,92.8
153.3,41.9
153.0,36.5
162.5,73.4
156.5,35.0
155.3,35.2
183.7,78.2
148.1,79.6
187.3,64.4
168.2,56.7
175.8,69.7
174.6,59.9
171.8,38.4
183.3,85.9
153.1,54.4
163.3,64.2
155.6,51.2
146.3,69.8
157.7,47.2
185.6,59.6
163.1,83.5
186.8,43.8
187.9,75.4
197.9,85.1
186.0,74.4
190.9,56.9
168.6,44.7
167.5,76.1
168.2,83.1
165.0,53.6
166.6,47.1
173.3,39.3
159.9,70.3
149.8,64.4
169.0,25.0
157.4,25.0
158.5,57.3
163.4,62.8
160.9,49.8
177.2,68.6
163.2,54.9
177.8,69.9
167.3,48.0
164.0,59.0
166.7,51.0
150.8,38.7
168.7,34.6
174.3,64.2
175.9,80.1
150.1,44.7
148.3,43.1
159.1,74.5
180.2,86.8
167.4,87.7
156.5,87.7
149.0,49.7
157.5,37.2
156.7,46.2
175.3,76.2
176.1,89.9
153.5,36.1
173.3,69.9
172.2,53.3
152.0,48.6
164.1,56.8
168.7,68.4
166.8,91.7
146.2,54.1
166.4,54.5
172.0,56.2
182.4,70.3
157.6,41.6
159.0,57.7
162.7,25.0
168.2,59.1
166.1,58.7
171.6,47.4
152.6,45.5
169.4,79.9
156.8,72.0
163.4,50.8
183.8,82.2
149.6,26.8
161.9,53.2
151.0,53.6
166.7,84.0
176.5,86.5
166.9,64.4
163.7,45.3
179.6,91.4
168.6,57.5
174.0,73.3
172.9,63.9
133.4,69.0
164.2,50.1
153.1,65.3
155.9,52.2
181.2,80.8
160.9,81.2
185.8,45.9
149.5,48.2
153.1,38.1
173.4,72.8
161.2,67.6
168.4,55.3
163.8,51.2
163.4,61.8
161.7,38.4
167.0,66.3
172.1,52.9
182.8,84.5
162.8,38.5
160.7,48.3
159.3,44.5
181.2,67.7
172.6,86.2
144.1,58.4
143.6,38.2
155.9,46.2
167.5,75.0
164.6,42.2
170.7,64.4
163.1,49.4
180.4,69.0
173.5,78.4
165.9,50.5
177.6,84.0
146.9,80.4
164.1,68.3
166.5,59.7
171.6,82.2
146.1,30.3
162.1,80.6
169.4,51.8
170.2,96.3
178.0,59.0
173.4,76.1
164.3,36.0
172.4,62.2
162.8,42.1
166.6,39.5
173.7,84.5
164.5,41.1
169.0,51.8
175.6,55.0
172.8,82.8
178.6,85.4
190.6,99.0
172.7,53.8
159.9,76.5
170.6,52.1
170.2,52.4
171.7,54.4
181.4,62.5
146.5,45.8
181.7,60.0
185.4,79.1
171.2,25.4
171.5,68.1
162.3,41.6
165.1,49.9
172.7,55.9
172.0,79.2
172.9,73.4
171.9,62.5
174.9,56.6
173.7,78.1
153.7,78.9
174.2,66.3
185.4,51.7
164.7,49.1
181.5,80.9
154.9,46.2
164.7,46.8
157.9,41.4
180.2,72.8
183.0,50.7
163.9,58.6
177.9,70.9
183.2,67.1
164.6,44.0
166.4,76.2
173.1,45.9
155.7,55.9
166.2,71.7
188.6,80.6
159.5,74.4
174.4,49.9
170.8,52.3
163.2,51.7
167.4,111.0
184.3,82.3
171.1,74.8
172.8,75.5
182.6,74.5
161.8,73.3
153.5,25.0
184.5,79.0
166.5,67.4
174.8,82.5
156.6,36.6
169.3,46.8
152.9,36.2
165.7,68.2
157.9,62.9
155.3,38.8
161.7,86.2
139.8,47.3
152.2,52.9
173.6,63.2
168.8,76.7
153.2,57.5
171.0,92.7
155.3,34.9
172.9,42.6
163.7,47.9
161.4,65.6
164.0,52.7
193.2,101.1
156.7,48.1
167.5,77.9
173.6,53.8
154.4,70.2
147.5,68.4
158.4,46.7
173.4,73.5
161.2,61.2
162.5,65.8
175.0,86.7
156.1,68.2
164.0,66.9
148.3,58.4
168.5,43.4
167.5,61.1
173.8,49.9
152.4,50.8
162.9,75.1
150.9,50.0
162.3,25.0
181.3,56.6
161.5,66.1
150.0,41.4
157.5,66.3
147.3,29.6
150.7,55.7
172.4,71.9
149.1,60.8
168.4,52.6
165.3,71.8
159.2,78.3
167.5,27.6
154.7,53.4
174.2,39.7
157.3,41.5
160.7,45.2
159.4,54.9
172.6,71.2
171.0,77.9
136.2,44.7
167.8,72.0
145.8,30.6
161.2,73.1
163.8,25.0
161.1,80.0
170.5,84.2
172.9,77.0
156.5,87.3
156.1,26.5
164.6,71.3
148.0,50.2
159.8,59.8
179.8,53.7
148.4,54.4
161.3,62.4
158.5,44.9
187.1,75.9
159.1,36.0
159.7,50.2
153.7,66.4
165.1,74.7
168.0,73.6
155.3,67.4
175.9,82.7
168.0,52.4
174.4,72.0
161.4,73.6
167.7,41.2
162.7,37.4
181.0,50.5
166.3,34.0
165.1,44.2
160.0,48.4
159.3,78.5
167.6,55.2
174.0,43.9
157.5,57.0
166.4,58.1
167.0,49.6
168.9,54.0
146.2,63.0
154.8,31.6
150.0,25.0
165.4,67.2
155.1,43.7
159.5,79.3
151.9,48.4
160.6,55.2
152.6,63.1
173.3,41.0
170.3,68.8
166.7,55.6
161.7,72.9
142.6,35.0
160.0,58.9
156.6,48.6
167.7,68.1
171.8,61.2
168.6,66.5
178.9,96.7
158.7,51.2
158.3,61.2
176.4,102.8
166.8,67.1
162.3,25.0
185.3,65.6
171.4,46.5
162.9,72.2
157.5,53.1
179.6,86.9
167.3,70.7
165.3,69.2
172.4,47.1
174.7,74.7
171.0,84.9
174.7,45.5
170.0,58.8
171.1,69.7
157.0,55.7
184.9,96.8
151.4,61.4
168.4,68.5
150.3,62.0
163.9,70.6
158.7,56.0
166.5,55.7
168.8,77.5
154.5,41.4
164.7,58.6
180.3,54.2
150.6,60.8
155.6,71.8
174.5,52.9
165.9,58.2
166.7,53.9
176.2,84.5
156.3,75.0
159.3,48.6
157.9,25.0
161.2,74.4
179.7,71.7
146.3,47.8
151.9,65.2
150.0,44.0
180.4,62.2
158.2,49.8
161.4,64.7
147.2,60.9
162.1,82.3
174.5,73.1
167.8,59.8
163.8,72.3
147.8,33.5
161.4,78.6
166.6,64.2
154.1,48.8
172.2,50.7
174.7,76.6
159.2,51.5
173.0,64.4
163.8,34.0
177.6,62.9
187.4,68.7
153.0,57.8
173.5,62.2
179.4,31.0
154.3,46.2
158.7,33.6
158.5,39.7
163.5,73.9
161.1,31.7
162.8,62.7
174.2,59.2
144.1,35.2
154.3,37.7
172.4,70.2
171.1,70.9
153.4,25.9
171.2,81.7
179.6,53.2
164.5,65.3
153.9,34.4
174.6,60.2
184.0,55.3
155.3,45.1
165.4,57.2
177.0,51.7
166.3,65.5
145.8,53.4
169.9,104.1
154.2,66.3
151.0,67.8
146.0,25.0
178.1,40.4
155.8,49.0
168.7,89.4
171.4,101.7
166.8,50.9
168.3,53.5
169.2,71.1
166.5,58.0
156.6,51.4
155.7,62.8
163.8,99.8
163.6,78.5
169.7,91.4
177.1,41.4
168.8,78.8
156.1,39.3
141.0,68.9
156.5,74.3
150.2,58.7
157.0,43.1
167.7,54.6
165.9,54.5
185.4,87.1
170.3,69.9
186.0,97.4
172.9,89.9
176.9,56.2
161.1,64.2
153.2,58.6
160.1,54.9
164.9,73.9
158.1,62.3
154.0,43.5
169.6,61.1
153.9,46.9
148.1,37.4
152.7,50.0
162.4,38.6
154.1,59.4
162.5,79.1
171.6,65.5
171.3,78.8
157.7,57.1
150.7,34.6
158.7,85.5
172.2,28.9
174.8,67.4
168.9,51.2
178.2,93.6
184.0,77.7
159.7,94.4
181.4,72.9
162.1,46.4
176.2,42.7
172.8,82.3
143.3,32.6
154.4,46.1
151.6,69.0
145.4,62.3
174.7,58.0
187.8,70.7
162.2,31.5
174.4,36.1
181.3,83.8
167.3,74.7
164.7,65.1
162.3,60.8
170.9,53.7
174.6,89.1
170.1,36.9
169.7,56.3
164.4,61.9
147.5,47.8
174.9,67.2
150.9,42.3
171.8,73.1
173.3,47.9
152.5,49.0
158.3,61.6
188.3,73.0
164.1,59.3
151.6,53.8
173.8,40.0
156.5,28.9
143.9,47.5
170.7,55.0
154.9,44.6
168.5,71.0
156.1,38.7
172.8,29.5
167.0,86.2
136.5,59.1
169.2,80.9
161.8,40.8
180.6,70.6
169.3,44.1
173.3,65.2
157.2,49.1
156.3,37.6
164.7,67.2
161.0,53.2
179.7,96.9
163.3,60.0
151.5,25.0
155.9,26.3
175.6,99.3
163.2,53.2
162.6,61.7
176.7,68.8
154.9,74.1
140.4,25.0
155.6,73.2
167.7,80.7
162.3,58.0
147.8,54.3
176.2,62.7
166.8,35.9
169.3,71.7
169.6,67.0
150.7,54.0
168.3,69.6
175.0,58.3
177.5,91.7
172.9,65.9
170.6,72.2
145.9,42.7
164.8,75.5
154.5,54.1
179.1,69.3
177.4,87.4
154.5,26.7
164.5,55.3
167.7,52.7
174.9,72.9
146.6,52.0
140.7,43.4
165.4,49.5
137.2,41.0
166.7,66.0
171.5,62.0
178.6,86.8
158.2,64.2
166.8,61.5
172.2,30.0
152.1,47.6
175.1,76.9
168.0,57.9
158.3,59.7
166.6,57.7
163.5,62.3
173.6,87.3
161.0,68.9
167.5,42.3
158.2,30.2
154.7,59.3
166.9,78.8
155.1,28.0
173.8,63.3
171.5,100.3
156.6,49.9
167.4,99.5
156.5,41.6
147.4,38.1
158.4,44.7
164.4,40.3
170.7,38.8
166.6,57.8
175.0,69.5
154.2,41.6
160.9,49.8
183.1,95.4
143.8,60.0
160.0,52.5
153.2,58.1
162.9,33.8
160.2,60.5
171.6,63.9
167.8,56.3
150.6,50.4
158.5,53.4
165.0,40.2
173.1,91.1
191.8,95.2
172.7,59.8
153.9,25.7
164.0,25.0
167.0,91.4
159.3,53.2
170.2,75.2
140.0,28.9
171.1,59.8
159.8,52.3
163.8,62.6
181.1,73.5
151.1,36.4
168.0,48.1
173.7,65.2
166.9,34.9
147.2,35.4
179.9,68.9
162.7,64.2
159.2,78.3
161.6,50.3
160.8,57.4
151.9,25.0
166.8,66.2
158.4,41.6
172.4,60.7
170.7,71.2
182.9,81.3
162.7,36.4
156.2,65.7
148.8,48.1
189.1,97.7
172.3,87.2
157.4,78.6
183.6,52.8
179.9,77.2
150.1,25.9
156.7,73.6
163.5,80.5
153.2,66.3
163.9,52.8
172.8,73.9
149.9,41.1
168.2,62.5
177.9,68.2
169.4,33.2
164.2,47.2
157.7,88.7
174.1,65.4
152.1,53.3
167.7,61.7
165.3,53.9
177.4,69.8
158.6,49.2
159.5,25.0
151.3,62.2
169.8,87.6
160.3,39.1
155.5,47.0
156.6,76.4
170.9,52.7
152.9,57.2
153.8,117.0
174.9,76.8
163.2,59.6
175.5,81.0
161.0,68.7
165.0,50.0
166.7,35.1
180.3,80.4
179.4,81.9
177.7,65.0
158.1,79.7
154.1,73.9
173.4,77.7
180.1,67.2
177.8,38.2
165.1,57.4
173.0,38.3
173.2,30.6
166.6,70.8
167.1,79.0
166.1,31.4
156.3,49.9
157.5,54.3
157.3,50.0
147.4,27.1
166.6,81.0
164.6,39.3
173.4,36.9
178.9,49.8
179.6,78.2
180.6,67.8
156.7,42.4
149.2,56.9
175.2,72.5
180.2,36.8
182.1,80.7
170.3,81.5
143.0,43.2
169.0,59.3
171.1,92.8
178.8,59.7
180.7,69.4
175.0,72.3
158.5,56.0
153.7,47.9
170.9,65.6
156.3,77.3
181.2,84.4
146.2,45.9
171.2,51.5
168.5,51.5
162.7,72.5
154.8,28.8
142.3,80.6
159.2,55.2
159.3,35.2
177.2,71.8
156.4,41.8
170.0,57.3
150.8,27.4
170.3,60.2
140.4,25.0
188.0,68.8
163.4,46.4
134.3,32.1
157.1,42.8
155.4,53.6
157.8,68.1
161.0,62.4
157.7,74.2
156.0,46.1
152.3,55.9
174.0,72.1
178.2,87.1
162.2,46.9
164.8,71.6
152.6,38.4
165.8,51.9
167.5,56.4
162.6,65.0
169.4,46.8
168.4,48.2
153.4,42.1
178.1,70.5
162.7,44.2
183.4,78.0
169.6,57.9
186.7,86.5
177.9,70.6
167.5,88.0
157.0,56.1
157.3,36.1
170.9,61.0
166.6,61.4
158.5,41.7
174.2,89.5
165.4,55.6
174.2,57.1
154.3,55.1
176.0,54.5
170.5,78.5
178.2,81.3
175.8,69.9
164.1,68.1
163.2,51.1
184.6,52.4
161.8,52.7
173.2,58.5
160.8,26.3
144.5,30.1
151.5,32.0
169.5,47.4
172.7,85.6
169.5,70.9
177.6,83.9
169.3,70.7
156.5,70.1
171.5,65.1
166.9,84.0
158.7,36.9
170.2,62.7
165.9,45.2
158.3,73.8
163.0,64.8
180.5,89.5
180.2,50.4
167.1,52.4
165.6,33.6
149.2,54.4
183.9,68.0
176.4,79.8
173.3,66.5
140.0,25.0
165.5,35.3
163.6,60.1
172.5,72.5
160.0,25.0
162.5,56.8
171.8,49.7
156.5,37.2
158.7,45.6
167.1,63.3
179.7,60.5
173.9,36.7
176.8,70.5
165.7,55.1
181.4,58.4
145.8,42.2
187.2,71.9
188.7,79.0
170.0,59.9
174.2,69.2
164.6,58.9
162.7,70.5
158.3,78.9
164.5,59.3
171.1,55.1
169.6,41.7
186.9,86.5
166.1,47.2
148.6,83.8
183.1,115.4
151.6,47.3
158.8,30.5
168.0,71.9
169.6,94.8
149.1,29.2
156.8,82.6
148.7,25.0
171.8,43.1
178.0,74.4
151.6,65.8
176.0,67.1
175.2,74.3
157.8,71.3
143.2,63.4
153.2,42.3
158.5,42.3
182.0,88.6
163.7,65.8
153.9,61.0
166.6,51.2
150.8,59.6
170.7,47.7
154.2,56.1
155.8,55.1
169.1,64.7
184.3,86.4
189.2,63.4
153.6,62.0
158.4,55.5
170.7,52.2
177.9,49.8
141.2,72.2
166.0,59.6
159.6,50.7
143.8,28.4
150.3,66.0
158.8,70.6
165.6,72.6
176.1,67.3
168.9,74.0
175.4,55.3
165.3,63.4
157.2,53.6
163.0,62.4
172.7,38.4
176.4,96.5
163.4,83.0
154.8,35.5
168.7,71.3
170.3,41.5
178.6,71.4
157.5,25.0
157.7,50.3
173.3,58.8
160.5,74.0
160.1,81.4
178.8,95.7
149.9,66.8
187.6,78.7
158.3,60.9
174.5,72.8
163.8,41.3
168.0,79.3
162.1,68.2
174.4,78.0
161.2,25.0
158.7,62.2
184.9,90.3
165.3,59.9
157.6,47.1
148.6,28.1
185.5,54.2
158.9,57.9
187.7,74.0
169.4,59.4
166.6,84.0
166.9,42.4
189.4,73.7
140.9,69.1
167.4,56.9
162.1,58.8
162.7,55.6
166.6,71.7
162.1,27.0
167.1,58.4
164.7,60.5
150.6,34.9
169.2,68.1
172.9,77.5
159.0,62.4
185.5,102.4
179.7,64.5
174.3,74.3
174.2,73.9
165.3,56.6
177.6,86.4
182.3,77.4
173.9,48.5
158.7,66.7
164.6,52.1
171.3,59.7
174.2,63.0
164.1,70.3
158.8,71.6
182.4,70.8
153.2,48.4
154.6,25.0
150.4,39.1
154.6,38.4
178.7,74.9
179.1,69.0
164.2,45.7
170.5,66.2
164.9,58.8
151.9,25.0
189.4,95.5
180.1,86.5
168.9,59.2
155.6,58.5
162.5,53.2
157.4,30.4
166.1,93.1
168.4,73.6
161.2,71.3
149.0,44.6
188.5,95.0
167.6,41.3
170.0,59.9
160.4,67.7
147.8,38.7
164.1,72.9
161.4,61.9
172.8,68.8
175.0,56.5
173.4,72.2
175.9,97.0
184.8,77.8
169.3,71.4
177.1,79.5
170.4,46.7
144.1,43.7
163.3,56.2
155.5,25.0
167.5,73.6
156.3,39.8
171.7,75.0
175.8,56.6
178.2,100.5
182.8,69.3
146.6,76.1
151.8,48.1
197.2,84.8
176.1,91.7
167.5,47.9
165.4,60.9
164.4,67.5
143.7,51.5
156.5,54.5
163.8,57.6
157.1,67.0
158.6,58.0
193.1,96.6
162.2,63.8
168.1,71.9
167.7,78.9
171.5,60.0
159.7,72.7
178.7,67.9
169.9,42.5
150.8,45.1
163.8,48.2
163.1,64.2
162.6,53.9
170.6,65.9
172.0,80.3
170.7,86.4
168.7,67.0
165.9,76.9
141.3,41.3
173.6,42.8
170.4,46.2
154.2,49.4
168.1,74.1
172.1,62.3
177.9,87.4
170.6,91.5
168.5,49.2
175.4,99.6
161.6,33.0
169.5,91.0
158.2,54.5
177.2,65.6
147.3,47.6
174.0,54.6
165.2,82.6
175.6,57.5
156.4,45.4
166.0,39.9
165.7,49.4
169.8,52.9
153.5,40.3
172.0,62.4
144.7,29.3
157.7,78.6
147.8,45.8
174.1,72.3
169.4,76.1
170.0,94.0
181.2,85.9
161.5,53.7
171.7,48.8
165.7,65.5
164.1,75.1
179.4,72.9
187.9,78.7
160.3,59.7
174.2,38.7
168.5,64.7
168.6,73.6
167.7,61.2
161.3,74.1
125.6,52.0
181.9,65.2
157.4,61.1
162.3,58.6
162.6,27.7
156.4,51.0
167.6,46.4
164.5,61.6
157.1,64.6
166.6,57.8
164.6,46.1
175.2,71.0
150.3,86.3
156.1,25.0
173.0,69.3
158.0,46.7
155.1,46.5
158.5,53.7
163.9,53.9
163.9,68.1
162.7,54.6
153.7,25.0
173.5,85.4
179.6,87.9
144.0,36.5
147.9,48.9
176.0,86.4
182.3,88.6
141.6,64.5
174.0,72.2
183.0,85.2
155.5,74.3
182.4,68.0
163.0,65.1
168.5,30.2
157.1,30.6
176.0,75.7
174.2,76.5
184.0,68.7
180.8,62.9
164.9,54.5
199.2,90.2
179.9,36.5
170.9,71.3
154.0,52.7
148.2,52.0
149.1,47.1
154.7,31.9
180.2,54.9
170.4,86.7
158.3,45.5
163.5,70.9
162.2,41.6
173.8,66.2
155.3,46.5
168.8,58.4
168.3,57.2
155.7,75.0
182.5,102.2
161.7,61.1
154.1,46.0
174.4,47.0
165.6,39.4
169.5,84.9
152.0,28.8
173.9,60.0
188.9,80.8
151.1,25.0
168.9,44.0
156.4,33.7
194.6,73.3
178.6,74.1
168.1,77.6
151.5,40.5
154.2,45.4
173.2,64.2
150.0,37.4
150.4,56.0
165.1,66.7
166.5,25.0
169.2,72.6
160.2,58.3
175.1,71.4
155.5,70.9
171.9,38.2
167.4,42.8
171.6,63.7
178.0,34.9
160.0,53.1
157.7,67.4
146.4,53.1
142.8,46.0
163.1,55.0
163.8,52.6
153.1,44.3
155.4,56.6
181.8,49.4
174.6,89.0
151.1,39.2
160.1,64.8
169.5,64.4
158.1,37.7
156.1,73.0
161.3,73.4
177.0,45.4
178.0,68.6
156.9,57.3
170.1,32.6
164.9,28.0
153.9,39.6
161.7,37.8
151.1,34.6
177.8,49.8
182.1,71.1
160.5,43.3
157.9,71.5
176.6,71.3
178.4,81.9
152.7,26.0
163.4,49.3
164.4,61.5
156.5,60.7
169.2,53.3
157.3,46.9
159.1,49.8
163.9,54.6
148.6,81.1
142.4,49.3
175.1,68.1
156.9,35.2
188.5,59.6
186.7,73.5
159.4,72.9
190.7,77.0
175.3,65.3
157.9,43.7
136.6,25.0
172.6,72.1
165.3,56.3
169.7,70.1
162.5,60.4
152.4,36.6
160.3,59.9
172.8,46.3
161.1,60.4
161.0,56.1
148.3,71.5
166.0,47.6
152.8,31.4
175.1,61.3
156.9,63.3
161.7,25.0
188.8,91.6
161.6,54.3
160.2,39.3
171.4,59.1
145.4,35.4
178.8,51.9
175.9,39.0
170.8,75.1
127.9,27.6
162.1,52.0
151.0,62.8
177.4,70.0
176.6,45.2
169.3,73.1
151.8,72.9
181.4,80.0
162.1,44.8
184.9,53.1
167.9,48.5
170.6,65.6
159.9,77.7
180.5,60.3
171.7,55.1
180.9,87.3
167.0,54.8
164.5,85.2
171.5,62.5
180.9,89.5
176.2,74.0
166.5,71.6
144.6,43.3
173.9,64.9
149.2,55.2
165.4,72.1
163.7,66.9
149.4,25.0
169.1,66.8
188.7,68.5
161.6,49.2
173.4,73.0
190.9,105.7
174.5,63.5
157.9,84.4
167.6,45.3
170.3,82.3
180.8,78.4
178.4,73.1
134.5,60.6
155.6,43.7
164.2,78.5
153.8,48.9
124.3,25.0
157.0,34.3
165.0,83.6
159.2,72.9
154.0,45.0
165.5,68.4
168.8,64.6
159.8,50.9
180.1,85.8
165.6,51.0
155.4,25.0
152.6,55.1
162.7,59.2
177.2,60.2
155.9,40.1
171.6,41.4
166.0,55.2
186.9,63.7
169.3,77.5
157.3,62.2
173.1,58.7
173.5,74.0
160.6,55.2
152.2,46.9
170.9,63.4
165.7,87.0
148.3,58.1
167.8,57.5
158.0,68.3
148.3,61.3
161.1,61.0
179.1,65.6
178.3,64.0
175.4,51.6
168.0,64.8
171.6,55.6
166.1,54.1
152.8,60.8
155.0,78.2
158.3,60.8
180.4,70.0
176.8,68.5
153.1,68.7
165.6,66.1
160.6,59.6
163.3,62.6
159.1,34.3
180.5,77.5
164.8,46.6
167.4,67.5
167.5,50.7
153.7,60.8
166.2,58.5
176.7,51.5
181.2,67.9
152.4,84.2
148.3,25.0
165.7,62.9
177.2,53.9
169.0,83.5
172.5,77.7
150.0,52.3
158.7,69.2
140.8,47.3
163.4,58.9
141.2,34.9
179.7,65.6
182.1,66.0
166.5,61.2
148.4,25.0
169.1,78.4
185.5,104.9
170.2,57.3
178.0,87.4
159.7,54.1
155.4,44.1
164.2,53.6
143.8,46.8
189.9,68.5
166.5,70.1
174.5,59.2
159.9,40.2
148.0,47.9
180.7,61.4
152.6,46.3
168.8,61.9
169.9,43.4
165.8,82.4
156.4,66.0
163.4,49.3
154.5,52.3
173.9,76.1
171.3,67.7
164.8,87.9
158.7,51.9
188.2,95.7
150.7,29.9
148.0,30.5
164.1,84.5
162.2,51.4
177.1,51.5
172.1,64.5
165.3,79.1
170.5,52.5
170.3,63.2
188.1,50.1
167.8,54.9
157.5,69.5
167.2,49.7
136.2,25.0
164.6,48.0
177.0,59.8
171.6,76.3
168.3,68.0
172.1,73.8
177.1,69.5
180.7,62.5
169.9,51.9
161.5,63.9
139.6,66.7
175.8,53.9
170.7,48.8
166.7,44.1
157.4,67.0
175.6,67.2
162.2,66.2
164.6,52.0
164.4,68.7
169.9,59.2
152.4,27.9
171.2,78.3
157.1,53.7
157.5,49.9
174.7,71.4
154.1,30.5
174.7,73.6
166.1,51.8
146.9,45.1
180.0,88.4
168.4,72.0
169.3,60.4
176.1,66.7
181.5,34.1
167.2,49.2
171.8,67.4
169.1,51.4
161.2,37.3
147.6,55.1
167.4,81.2
180.2,60.6
171.4,77.8
153.3,62.5
177.1,54.3
161.6,46.5
142.0,71.4
176.2,51.5
154.6,43.4
184.6,104.4
177.6,60.9
162.5,78.4
170.1,48.3
191.7,82.9
176.0,84.4
167.6,54.8
196.8,86.7
166.3,72.0
171.4,51.1
154.7,86.3
146.6,62.8
161.8,52.3
165.4,56.7
168.6,91.2
149.4,43.8
172.3,58.2
155.9,70.6
171.7,43.8
175.3,66.4
160.6,58.0
154.4,41.9
182.0,49.4
174.6,68.1
166.7,71.4
181.2,62.0
165.9,42.9
158.2,73.9
154.0,60.1
163.8,53.6
173.5,80.0
180.3,75.1
165.3,86.9
178.3,79.9
162.6,37.3
156.4,43.9
150.6,40.8
159.4,60.6
151.0,45.6
187.1,60.1
169.8,72.3
163.9,74.1
183.9,72.9
150.7,53.1
163.5,44.3
187.0,69.1
163.4,51.5
191.9,89.4
173.6,70.2
179.4,65.8
179.7,65.5
165.0,30.4
159.6,80.1
163.7,27.7
154.1,58.6
164.3,59.9
165.0,55.9
183.6,74.0
171.5,54.8
191.0,90.0
141.2,25.0
151.6,55.5
161.1,46.9
181.4,66.0
163.8,53.0
148.9,46.3
162.3,65.5
151.8,50.2
149.7,63.3
187.0,92.6
161.1,61.8
166.9,71.5
164.0,89.5
162.2,36.7
155.8,69.5
161.6,80.6
168.7,69.1
180.6,100.3
175.4,94.3
151.6,45.5
175.9,64.1
170.2,71.7
158.1,45.6
167.0,102.0
171.3,76.4
165.5,61.0
170.3,42.6
155.5,57.0
186.9,59.1
143.8,56.9
171.4,27.1
169.0,83.6
172.1,58.8
157.2,29.0
177.9,69.4
163.8,59.3
152.0,49.8
153.0,72.2
166.4,66.6
147.4,59.8
184.8,71.4
176.5,75.0
185.1,55.7
183.9,78.3
161.1,45.7
155.4,72.9
135.5,41.6
160.5,66.6
184.4,78.8
155.9,80.6
162.7,34.8
158.9,53.8
169.1,48.5
179.1,39.9
148.1,32.9
150.2,67.2
181.4,71.9
173.1,62.6
162.1,69.4
183.8,76.0
150.0,58.7
175.2,72.4
164.2,67.5
171.7,58.1
138.7,58.1
162.1,39.6
173.1,64.6
164.3,75.8
178.8,68.0
178.4,63.6
154.5,86.8
174.1,87.9
154.1,54.4
165.6,45.8
172.2,34.7
155.8,64.0
173.7,85.3
159.4,61.9
158.6,29.7
172.8,68.1
155.8,46.1
155.2,55.4
176.5,97.6
166.2,72.6
149.0,57.5
174.4,66.2
160.5,62.9
149.6,38.4
137.4,49.9
174.9,64.4
155.5,40.9
151.3,62.6
172.0,31.6
173.9,58.3
156.3,63.0
175.0,85.8
187.6,84.5
179.8,61.1
178.1,69.0
168.5,66.8
160.1,79.8
164.4,73.3
169.8,77.4
151.2,51.3
156.5,37.8
149.3,27.9
167.6,57.3
165.9,71.1
157.8,47.3
174.0,75.2
153.5,39.9
157.4,44.9
173.6,87.4
175.2,79.0
156.2,49.1
167.6,49.3
156.4,68.1
162.8,71.5
166.6,70.6
171.2,61.8
168.5,46.0
168.0,61.9
153.1,72.7
169.3,49.4
171.1,65.1
172.6,90.1
157.1,49.7
175.1,65.5
150.5,29.6
160.3,65.9
162.0,46.6
151.1,26.9
161.8,43.3
167.4,64.8
144.9,25.0
160.7,36.0
145.8,55.1
187.5,76.2
167.3,47.9
166.4,56.1
167.6,87.8
171.6,84.0
175.8,66.3
147.8,60.3
179.4,72.6
178.7,43.6
164.3,30.1
163.7,45.3
130.9,25.0
151.3,54.4
170.7,55.9
178.2,76.2
173.0,72.5
164.2,69.6
186.2,62.3
176.1,75.9
160.7,42.5
189.0,89.3
152.9,69.8
148.8,59.6
160.4,53.9
156.7,62.5
161.0,34.0
173.8,40.1
164.6,66.6
164.9,79.4
165.6,41.9
139.6,43.1
148.3,55.0
160.8,47.6
155.7,48.3
162.5,67.3
180.4,73.3
164.2,61.0
150.5,35.1
156.3,53.3
183.8,68.4
181.9,67.6
171.6,56.6
147.8,47.7
168.4,49.3
169.2,63.2
165.3,54.6
158.7,41.4
161.0,27.8
158.0,69.1
152.4,62.3
180.0,59.2
174.7,77.4
161.9,42.3
168.9,58.1
169.3,55.1
190.8,75.9
174.6,76.8
174.2,60.7
165.4,55.1
160.2,67.6
180.2,72.4
172.2,56.3
155.9,57.1
170.0,78.5
174.2,82.6
141.9,25.0
154.9,33.6
169.0,77.8
143.8,41.2
145.6,25.0
162.0,46.8
170.4,57.3
170.9,59.6
182.4,84.7
165.9,46.6
160.9,71.0
150.6,54.2
160.8,37.6
172.8,60.9
173.3,73.5
167.9,62.6
171.0,70.0
179.0,61.7
165.8,68.8
180.0,65.3
157.0,92.4
164.2,39.5
159.7,96.6
173.7,52.1
153.8,71.1
161.5,69.8
144.5,32.3
171.5,73.7
178.7,62.8
175.0,71.5
173.9,68.8
174.2,61.5
172.7,59.1
171.8,70.0
172.5,51.9
157.8,41.8
162.8,72.6
165.8,66.9
161.3,37.6
147.8,33.0
151.4,25.0
167.5,75.4
175.0,77.7
165.1,43.6
195.4,93.8
154.9,82.6
169.9,40.4
179.2,61.4
176.7,45.3
172.2,79.5
176.8,67.3
165.6,54.4
183.3,77.3
179.1,62.2
155.6,47.3
168.5,66.6
148.0,39.0
181.7,65.6
167.5,59.4
179.8,72.5
163.8,68.0
144.6,54.7
194.0,60.3
166.4,82.1
154.0,53.1
177.6,64.4
187.4,63.7
162.8,88.1
163.9,94.5
167.6,89.8
152.8,53.2
157.4,59.7
184.6,97.3
163.5,55.2
155.8,61.5
160.0,59.7
176.8,97.6
143.3,66.7
167.8,59.9
192.1,104.0
187.3,77.2
171.3,56.4
179.5,66.6
179.4,73.0
163.6,47.1
175.2,59.7
184.7,53.4
151.1,37.9
171.3,68.1
169.0,78.4
166.1,74.4
165.2,66.5
167.5,38.8
168.5,49.5
177.3,66.2
170.2,78.2
163.0,50.1
155.8,35.1
159.8,77.9
167.9,51.0
157.2,37.5
175.4,71.1
169.7,62.6
177.6,61.9
158.0,54.9
155.9,39.6
177.5,61.6
166.4,60.4
162.8,27.8
172.7,79.9
172.3,44.7
151.2,36.2
180.2,86.5
160.5,65.2
183.7,75.6
150.3,25.0
168.5,53.4
163.0,55.2
143.3,43.0
172.2,82.4
143.8,75.4
161.8,66.8
177.1,61.0
159.2,74.0
155.1,44.1
173.8,27.1
162.3,39.2
160.5,25.0
179.0,64.8
152.2,48.3
159.9,32.4
174.5,54.2
151.4,29.1
184.5,73.0
162.6,45.4
174.6,82.2
174.6,69.6
163.3,82.8
159.7,49.3
164.5,91.7
172.8,65.8
154.1,44.3
151.8,86.8
181.3,44.9
156.9,45.9
168.9,37.8
162.8,30.7
163.3,27.6
180.7,81.1
164.1,39.3
161.1,53.3
162.0,71.1
159.5,62.9
157.6,60.9
159.5,74.2
183.3,98.1
172.8,46.9
161.2,64.4
175.8,63.9
147.5,45.7
180.1,48.7
179.2,62.7
189.6,72.7
176.1,89.7
169.8,46.1
179.2,34.9
158.1,54.9
160.7,37.9
164.3,57.3
180.1,81.2
155.6,51.8
154.4,46.0
167.6,59.5
172.9,78.5
157.3,37.1
172.4,76.3
180.1,56.3
178.2,78.9
168.9,39.6
164.0,67.3
184.1,73.0
165.2,61.5
175.3,82.0
186.5,64.2
174.2,66.4
154.0,56.7
151.4,45.9
161.7,68.3
172.8,70.6
169.9,54.8
189.3,97.7
169.8,71.8
161.4,44.7
152.5,38.4
178.0,66.4
164.9,66.6
148.4,25.0
165.2,48.1
154.0,43.5
160.3,35.0
165.1,44.6
155.0,54.9
159.6,48.7
156.8,47.9
157.1,33.6
153.9,48.9
159.7,33.5
155.2,74.8
171.5,90.8
167.2,54.4
178.1,53.0
185.8,88.7
172.5,74.3
169.9,91.7
173.1,98.1
170.1,33.3
165.6,77.7
164.7,56.3
153.8,60.3
174.2,78.4
164.7,70.7
180.9,87.0
175.1,59.0
158.1,40.7
178.7,88.1
136.8,28.1
186.2,104.2
150.3,38.2
170.4,58.2
169.7,60.5
177.4,46.1
161.4,34.2
141.4,57.7
161.4,31.5
162.6,96.0
142.5,43.2
165.5,44.8
153.2,57.9
172.1,28.3
162.3,52.9
186.6,73.5
162.2,38.9
169.7,53.9
162.7,81.1
147.1,50.4
162.7,64.3
173.3,54.3
171.6,44.9
161.8,54.0
149.0,25.0
172.1,48.7
169.6,44.5
174.3,36.2
162.0,67.5
146.5,45.2
170.9,54.9
164.9,69.9
180.3,46.9
165.3,40.0
164.5,76.3
169.6,97.5
158.4,65.5
157.9,61.9
163.9,50.4
154.9,44.4
162.5,61.5
186.3,97.0
176.5,74.9
168.4,76.7
182.1,59.2
155.9,62.7
192.4,71.4
159.9,58.4
187.0,86.2
187.0,69.0
145.7,31.5
181.1,77.6
161.9,55.6
158.8,57.5
170.8,74.0
153.9,71.7
170.5,73.9
154.7,60.6
166.9,53.8
179.7,65.8
169.3,69.8
161.0,51.6
171.0,71.1
149.5,37.0
155.8,82.3
160.3,59.4
173.7,68.3
169.5,55.9
170.9,92.9
164.7,40.9
156.3,43.2
181.4,85.2
157.3,58.0
169.6,54.6
163.8,50.8
171.2,60.1
158.3,56.7
176.6,91.9
180.2,80.5
175.9,83.4
166.7,54.6
160.2,64.2
196.0,61.2
154.1,55.0
174.7,68.9
168.7,89.9
164.3,82.8
167.0,57.5
159.4,43.6
169.7,51.5
168.5,58.0
194.5,102.7
176.8,75.0
170.7,71.9
171.3,76.7
185.2,60.6
154.3,41.8
163.0,66.2
144.0,33.9
171.1,41.5
174.3,50.6
154.0,68.0
180.8,66.3
157.1,57.7
161.2,41.7
166.3,66.5
182.5,69.3
155.6,59.9
168.2,55.1
173.5,73.8
171.3,56.6
171.7,63.6
173.4,62.1
158.9,55.9
183.6,78.3
163.8,51.6
162.3,56.2
179.8,73.9
158.1,62.6
168.5,61.3
157.0,41.0
192.7,83.0
190.4,89.8
163.8,39.0
170.7,44.3
165.1,50.0
161.2,54.3
166.3,27.9
164.6,68.2
148.3,45.6
167.9,26.7
164.5,42.9
168.4,57.9
164.1,32.7
161.0,71.6
174.6,69.9
170.9,74.4
180.4,56.1
170.4,70.1
162.8,48.4
171.8,62.0
143.2,50.4
188.1,76.8
168.0,74.2
189.0,80.7
155.4,46.2
152.7,63.9
169.0,78.7
169.0,64.1
168.7,82.7
167.0,57.9
158.1,53.1
148.7,48.7
168.1,60.2
150.9,45.4
149.9,38.7
160.8,42.0
169.7,65.0
186.9,94.8
175.8,80.2
180.8,77.7
172.2,84.0
169.0,63.1
192.6,66.7
150.4,44.6
160.5,55.7
161.3,49.6
174.8,76.4
154.2,66.4
173.4,40.2
171.4,62.4
173.9,25.0
173.7,65.0
181.9,71.3
164.5,86.1
170.8,86.3
156.9,68.1
154.4,38.0
184.4,59.6
156.1,37.1
172.1,88.0
170.8,50.6
177.9,63.9
